Division,Gender,Age Group,Category,Product types,Article Number,Article Name,Color,Image,EAN,UPC,Size, WHS , MSRP ,Currency,Inventory, Offer Price 
Footwear,Mens,Adult,Trail Running,Shoes - Low (No-Fb),JI0954,TERREX AGRAVIC SPEED DSHGRY/IMPORA/FTWWHT,,,4067892991249,196479131670,6, 88.0 , 160.0 ,USD,0, $70.84 
Footwear,Mens,Adult,Trail Running,Shoes - Low (No-Fb),JI0954,TERREX AGRAVIC SPEED DSHGRY/IMPORA/FTWWHT,,,4067892991225,196479131656,6-, 88.0 , 160.0 ,USD,0, $70.84 
Footwear,Mens,Adult,Trail Running,Shoes - Low (No-Fb),JI0954,TERREX AGRAVIC SPEED DSHGRY/IMPORA/FTWWHT,,,4067892992024,196479131748,7, 88.0 , 160.0 ,USD,5, $70.84 
Footwear,Mens,Adult,Trail Running,Shoes - Low (No-Fb),JI0954,TERREX AGRAVIC SPEED DSHGRY/IMPORA/FTWWHT,,,4067892991218,196479131649,7-, 88.0 , 160.0 ,USD,7, $70.84 
Footwear,Mens,Adult,Trail Running,Shoes - Low (No-Fb),JI0954,TERREX AGRAVIC SPEED DSHGRY/IMPORA/FTWWHT,,,4067892991287,196479131717,8, 88.0 , 160.0 ,USD,19, $70.84 
Footwear,Mens,Adult,Trail Running,Shoes - Low (No-Fb),JI0954,TERREX AGRAVIC SPEED DSHGRY/IMPORA/FTWWHT,,,4067892992062,196479135395,8-, 88.0 , 160.0 ,USD,13, $70.84 
Footwear,Mens,Adult,Trail Running,Shoes - Low (No-Fb),JI0954,TERREX AGRAVIC SPEED DSHGRY/IMPORA/FTWWHT,,,4067892991195,196479131625,9, 88.0 , 160.0 ,USD,5, $70.84 
Footwear,Mens,Adult,Trail Running,Shoes - Low (No-Fb),JI0954,TERREX AGRAVIC SPEED DSHGRY/IMPORA/FTWWHT,,,4067892991270,196479131700,9-, 88.0 , 160.0 ,USD,4, $70.84 
Footwear,Mens,Adult,Trail Running,Shoes - Low (No-Fb),JI0954,TERREX AGRAVIC SPEED DSHGRY/IMPORA/FTWWHT,,,4067892992079,196479135371,10, 88.0 , 160.0 ,USD,0, $70.84 
Footwear,Mens,Adult,Trail Running,Shoes - Low (No-Fb),JI0954,TERREX AGRAVIC SPEED DSHGRY/IMPORA/FTWWHT,,,4067892992055,196479131762,10-, 88.0 , 160.0 ,USD,13, $70.84 
Footwear,Mens,Adult,Trail Running,Shoes - Low (No-Fb),JI0954,TERREX AGRAVIC SPEED DSHGRY/IMPORA/FTWWHT,,,4067892992048,196479131724,11, 88.0 , 160.0 ,USD,8, $70.84 
Footwear,Mens,Adult,Trail Running,Shoes - Low (No-Fb),JI0954,TERREX AGRAVIC SPEED DSHGRY/IMPORA/FTWWHT,,,4067892991263,196479131694,11-, 88.0 , 160.0 ,USD,7, $70.84 
Footwear,Mens,Adult,Trail Running,Shoes - Low (No-Fb),JI0954,TERREX AGRAVIC SPEED DSHGRY/IMPORA/FTWWHT,,,4067892991256,196479131687,12, 88.0 , 160.0 ,USD,18, $70.84 
Footwear,Mens,Adult,Trail Running,Shoes - Low (No-Fb),JI0954,TERREX AGRAVIC SPEED DSHGRY/IMPORA/FTWWHT,,,4067892992017,196479131731,12-, 88.0 , 160.0 ,USD,1, $70.84 
Footwear,Mens,Adult,Trail Running,Shoes - Low (No-Fb),JI0954,TERREX AGRAVIC SPEED DSHGRY/IMPORA/FTWWHT,,,4067892991232,196479131663,13, 88.0 , 160.0 ,USD,17, $70.84 
Footwear,Mens,Adult,Trail Running,Shoes - Low (No-Fb),JI0954,TERREX AGRAVIC SPEED DSHGRY/IMPORA/FTWWHT,,,4067892992031,196479131755,14, 88.0 , 160.0 ,USD,3, $70.84 
Footwear,Mens,Adult,Trail Running,Shoes - Low (No-Fb),JI0954,TERREX AGRAVIC SPEED DSHGRY/IMPORA/FTWWHT,,,4067892991201,196479131632,15, 88.0 , 160.0 ,USD,0, $70.84 
Accessories,Unisex,Adult,Hiking,Beanie,JX1267,MT BEANIE SEFLAQ,,,4068808215152,197625983884,OSFW, 13.0 , 26.0 ,USD,0, $10.47 
Accessories,Unisex,Adult,Hiking,Beanie,JX1267,MT BEANIE SEFLAQ,,,4068808215145,197625983877,OSFM, 13.0 , 26.0 ,USD,41, $10.47 
Accessories,Unisex,Adult,Hiking,Beanie,JX1267,MT BEANIE SEFLAQ,,,4068808215138,197625983860,OSFL, 13.0 , 26.0 ,USD,0, $10.47 
Apparel,Womens,Junior,Originals,Pants (1/1),JD1664,WIDE PANTS SEPISP,,,4067891257209,197613036196,XS, 20.0 , 40.0 ,USD,0, $16.10 
Apparel,Womens,Junior,Originals,Pants (1/1),JD1664,WIDE PANTS SEPISP,,,4067891257162,197613036189,S, 20.0 , 40.0 ,USD,248, $16.10 
Apparel,Womens,Junior,Originals,Pants (1/1),JD1664,WIDE PANTS SEPISP,,,4067891257100,197613032464,M, 20.0 , 40.0 ,USD,298, $16.10 
Apparel,Womens,Junior,Originals,Pants (1/1),JD1664,WIDE PANTS SEPISP,,,4067891260148,197613036257,L, 20.0 , 40.0 ,USD,232, $16.10 
Apparel,Womens,Junior,Originals,Pants (1/1),JD1664,WIDE PANTS SEPISP,,,4067891257216,197613036202,XL, 20.0 , 40.0 ,USD,144, $16.10 
Apparel,Womens,Adult,Hiking,Pants (1/1),JF3699,W CARGO PANTS BLACK,Black,,4067901838091,196476574890,XS/P, 50.0 , 100.0 ,USD,0, $40.25 
Apparel,Womens,Adult,Hiking,Pants (1/1),JF3699,W CARGO PANTS BLACK,Black,,4067901838022,196476574821,S/P, 50.0 , 100.0 ,USD,0, $40.25 
Apparel,Womens,Adult,Hiking,Pants (1/1),JF3699,W CARGO PANTS BLACK,Black,,4067901838046,196476574845,M/P, 50.0 , 100.0 ,USD,0, $40.25 
Apparel,Womens,Adult,Hiking,Pants (1/1),JF3699,W CARGO PANTS BLACK,Black,,4067901834260,196476571066,L/P, 50.0 , 100.0 ,USD,0, $40.25 
Apparel,Womens,Adult,Hiking,Pants (1/1),JF3699,W CARGO PANTS BLACK,Black,,4067901837964,196476571165,XL/P, 50.0 , 100.0 ,USD,0, $40.25 
Apparel,Womens,Adult,Hiking,Pants (1/1),JF3699,W CARGO PANTS BLACK,Black,,4067901834246,196476571035,XS, 50.0 , 100.0 ,USD,63, $40.25 
Apparel,Womens,Adult,Hiking,Pants (1/1),JF3699,W CARGO PANTS BLACK,Black,,4067901837926,196476571127,S, 50.0 , 100.0 ,USD,66, $40.25 
Apparel,Womens,Adult,Hiking,Pants (1/1),JF3699,W CARGO PANTS BLACK,Black,,4067901838039,196476574838,M, 50.0 , 100.0 ,USD,122, $40.25 
Apparel,Womens,Adult,Hiking,Pants (1/1),JF3699,W CARGO PANTS BLACK,Black,,4067901838077,196476574869,L, 50.0 , 100.0 ,USD,0, $40.25 
Apparel,Womens,Adult,Hiking,Pants (1/1),JF3699,W CARGO PANTS BLACK,Black,,4067901834253,196476571059,XL, 50.0 , 100.0 ,USD,15, $40.25 
Apparel,Womens,Adult,Hiking,Pants (1/1),JF3699,W CARGO PANTS BLACK,Black,,4067901834307,196476571103,ST, 50.0 , 100.0 ,USD,0, $40.25 
Apparel,Womens,Adult,Hiking,Pants (1/1),JF3699,W CARGO PANTS BLACK,Black,,4067901838008,196476571219,MT, 50.0 , 100.0 ,USD,0, $40.25 
Apparel,Womens,Adult,Hiking,Pants (1/1),JF3699,W CARGO PANTS BLACK,Black,,4067901837919,196476571110,LT, 50.0 , 100.0 ,USD,0, $40.25 
Footwear,Womens,Adult,Bike,Shoes - Low (No-Fb),HQ2117,SLEUTH DLX CANVAS W QUICRI/FTWWHT/CBLACK,,,4066749347895,195748389293,5, 71.5 , 130.0 ,USD,0, $57.56 
Footwear,Womens,Adult,Bike,Shoes - Low (No-Fb),HQ2117,SLEUTH DLX CANVAS W QUICRI/FTWWHT/CBLACK,,,4066749344177,195748389170,5-, 71.5 , 130.0 ,USD,0, $57.56 
Footwear,Womens,Adult,Bike,Shoes - Low (No-Fb),HQ2117,SLEUTH DLX CANVAS W QUICRI/FTWWHT/CBLACK,,,4066749347840,195748389248,6, 71.5 , 130.0 ,USD,0, $57.56 
Footwear,Womens,Adult,Bike,Shoes - Low (No-Fb),HQ2117,SLEUTH DLX CANVAS W QUICRI/FTWWHT/CBLACK,,,4066749344184,195748389187,6-, 71.5 , 130.0 ,USD,2, $57.56 
Footwear,Womens,Adult,Bike,Shoes - Low (No-Fb),HQ2117,SLEUTH DLX CANVAS W QUICRI/FTWWHT/CBLACK,,,4066749347857,195748389255,7, 71.5 , 130.0 ,USD,0, $57.56 
Footwear,Womens,Adult,Bike,Shoes - Low (No-Fb),HQ2117,SLEUTH DLX CANVAS W QUICRI/FTWWHT/CBLACK,,,4066749347864,195748389262,7-, 71.5 , 130.0 ,USD,0, $57.56 
Footwear,Womens,Adult,Bike,Shoes - Low (No-Fb),HQ2117,SLEUTH DLX CANVAS W QUICRI/FTWWHT/CBLACK,,,4066749347871,195748389279,8, 71.5 , 130.0 ,USD,0, $57.56 
Footwear,Womens,Adult,Bike,Shoes - Low (No-Fb),HQ2117,SLEUTH DLX CANVAS W QUICRI/FTWWHT/CBLACK,,,4066749347833,195748389200,8-, 71.5 , 130.0 ,USD,0, $57.56 
Footwear,Womens,Adult,Bike,Shoes - Low (No-Fb),HQ2117,SLEUTH DLX CANVAS W QUICRI/FTWWHT/CBLACK,,,4066749344191,195748389194,9, 71.5 , 130.0 ,USD,0, $57.56 
Footwear,Womens,Adult,Bike,Shoes - Low (No-Fb),HQ2117,SLEUTH DLX CANVAS W QUICRI/FTWWHT/CBLACK,,,4066749347888,195748389286,9-, 71.5 , 130.0 ,USD,0, $57.56 
Footwear,Womens,Adult,Bike,Shoes - Low (No-Fb),HQ2117,SLEUTH DLX CANVAS W QUICRI/FTWWHT/CBLACK,,,4066749347802,195748389217,10, 71.5 , 130.0 ,USD,0, $57.56 
Footwear,Womens,Adult,Bike,Shoes - Low (No-Fb),HQ2117,SLEUTH DLX CANVAS W QUICRI/FTWWHT/CBLACK,,,4066749347826,195748389231,10-, 71.5 , 130.0 ,USD,1, $57.56 
Footwear,Womens,Adult,Bike,Shoes - Low (No-Fb),HQ2117,SLEUTH DLX CANVAS W QUICRI/FTWWHT/CBLACK,,,4066749347819,195748389224,11, 71.5 , 130.0 ,USD,2, $57.56 
Apparel,Womens,Adult,Basketball,Shorts (1/2),JP2449,CRAZYLITE SHORT TMPWRD,Red,,4067904404231,197615104626,2XS, 25.0 , 50.0 ,USD,0, $20.13 
Apparel,Womens,Adult,Basketball,Shorts (1/2),JP2449,CRAZYLITE SHORT TMPWRD,Red,,4067904400615,197615104596,XS, 25.0 , 50.0 ,USD,73, $20.13 
Apparel,Womens,Adult,Basketball,Shorts (1/2),JP2449,CRAZYLITE SHORT TMPWRD,Red,,4067904404248,197615104633,S, 25.0 , 50.0 ,USD,258, $20.13 
Apparel,Womens,Adult,Basketball,Shorts (1/2),JP2449,CRAZYLITE SHORT TMPWRD,Red,,4067904400516,197615100895,M, 25.0 , 50.0 ,USD,245, $20.13 
Apparel,Womens,Adult,Basketball,Shorts (1/2),JP2449,CRAZYLITE SHORT TMPWRD,Red,,4067904404279,197615104657,L, 25.0 , 50.0 ,USD,88, $20.13 
Apparel,Womens,Adult,Basketball,Shorts (1/2),JP2449,CRAZYLITE SHORT TMPWRD,Red,,4067904400493,197615100871,XL, 25.0 , 50.0 ,USD,53, $20.13 
Apparel,Womens,Adult,Basketball,Shorts (1/2),JP2449,CRAZYLITE SHORT TMPWRD,Red,,4067904400479,197615100857,2XL, 25.0 , 50.0 ,USD,0, $20.13 
Apparel,Womens,Adult,Basketball,Shorts (1/2),JP2449,CRAZYLITE SHORT TMPWRD,Red,,4067904404262,197615104619,3XL, 25.0 , 50.0 ,USD,0, $20.13 
Apparel,Womens,Adult,Basketball,Shorts (1/2),JP2449,CRAZYLITE SHORT TMPWRD,Red,,4067904400509,197615100888,4XL, 25.0 , 50.0 ,USD,0, $20.13 
Apparel,Womens,Adult,Basketball,Shorts (1/2),JP2449,CRAZYLITE SHORT TMPWRD,Red,,4067904400561,197615104534,ST, 25.0 , 50.0 ,USD,0, $20.13 
Apparel,Womens,Adult,Basketball,Shorts (1/2),JP2449,CRAZYLITE SHORT TMPWRD,Red,,4067904400592,197615104572,MT, 25.0 , 50.0 ,USD,0, $20.13 
Apparel,Womens,Adult,Basketball,Shorts (1/2),JP2449,CRAZYLITE SHORT TMPWRD,Red,,4067904404309,197615104688,LT, 25.0 , 50.0 ,USD,0, $20.13 
Apparel,Womens,Adult,Basketball,Shorts (1/2),JP2449,CRAZYLITE SHORT TMPWRD,Red,,4067904404293,197615104671,XLT, 25.0 , 50.0 ,USD,0, $20.13 
Apparel,Womens,Adult,Basketball,Shorts (1/2),JP2449,CRAZYLITE SHORT TMPWRD,Red,,4067904400547,197615104541,2XLT, 25.0 , 50.0 ,USD,0, $20.13 
Footwear,Unisex,Junior,Tennis,Shoes - Low (No-Fb),JH5126,Barricade K OWHITE/CBLACK/AURIVY,White,,4068802980230,197620763283,1, 38.5 , 70.0 ,USD,16, $30.99 
Footwear,Unisex,Junior,Tennis,Shoes - Low (No-Fb),JH5126,Barricade K OWHITE/CBLACK/AURIVY,White,,4068802980261,197620763313,1-, 38.5 , 70.0 ,USD,0, $30.99 
Footwear,Unisex,Junior,Tennis,Shoes - Low (No-Fb),JH5126,Barricade K OWHITE/CBLACK/AURIVY,White,,4068802980223,197620763276,2, 38.5 , 70.0 ,USD,0, $30.99 
Footwear,Unisex,Junior,Tennis,Shoes - Low (No-Fb),JH5126,Barricade K OWHITE/CBLACK/AURIVY,White,,4068802980292,197620763344,2-, 38.5 , 70.0 ,USD,0, $30.99 
Footwear,Unisex,Junior,Tennis,Shoes - Low (No-Fb),JH5126,Barricade K OWHITE/CBLACK/AURIVY,White,,4068802980285,197620763337,3, 38.5 , 70.0 ,USD,0, $30.99 
Footwear,Unisex,Junior,Tennis,Shoes - Low (No-Fb),JH5126,Barricade K OWHITE/CBLACK/AURIVY,White,,4068802980216,197620763269,3-, 38.5 , 70.0 ,USD,0, $30.99 
Footwear,Unisex,Junior,Tennis,Shoes - Low (No-Fb),JH5126,Barricade K OWHITE/CBLACK/AURIVY,White,,4068802980254,197620763306,4, 38.5 , 70.0 ,USD,7, $30.99 
Footwear,Unisex,Junior,Tennis,Shoes - Low (No-Fb),JH5126,Barricade K OWHITE/CBLACK/AURIVY,White,,4068802980209,197620763252,4-, 38.5 , 70.0 ,USD,0, $30.99 
Footwear,Unisex,Junior,Tennis,Shoes - Low (No-Fb),JH5126,Barricade K OWHITE/CBLACK/AURIVY,White,,4068802980278,197620763320,5, 38.5 , 70.0 ,USD,17, $30.99 
Footwear,Unisex,Junior,Tennis,Shoes - Low (No-Fb),JH5126,Barricade K OWHITE/CBLACK/AURIVY,White,,4068802980247,197620763290,5-, 38.5 , 70.0 ,USD,0, $30.99 
Footwear,Unisex,Junior,Tennis,Shoes - Low (No-Fb),JH5126,Barricade K OWHITE/CBLACK/AURIVY,White,,4068802980308,197620763351,6, 38.5 , 70.0 ,USD,8, $30.99 
Footwear,Unisex,Kids,Tennis,Shoes - Low (No-Fb),JH5125,Courtflash K LUCPNK/SILVMT/BLIPNK,,,4067906407803,197620839957,10-K, 30.25 , 55.0 ,USD,0, $24.35 
Footwear,Unisex,Kids,Tennis,Shoes - Low (No-Fb),JH5125,Courtflash K LUCPNK/SILVMT/BLIPNK,,,4067906404321,197620839827,11K, 30.25 , 55.0 ,USD,0, $24.35 
Footwear,Unisex,Kids,Tennis,Shoes - Low (No-Fb),JH5125,Courtflash K LUCPNK/SILVMT/BLIPNK,,,4067906404413,197620839919,11-K, 30.25 , 55.0 ,USD,0, $24.35 
Footwear,Unisex,Kids,Tennis,Shoes - Low (No-Fb),JH5125,Courtflash K LUCPNK/SILVMT/BLIPNK,,,4067906407827,197620839933,12K, 30.25 , 55.0 ,USD,0, $24.35 
Footwear,Unisex,Kids,Tennis,Shoes - Low (No-Fb),JH5125,Courtflash K LUCPNK/SILVMT/BLIPNK,,,4067906407865,197620840007,12-K, 30.25 , 55.0 ,USD,0, $24.35 
Footwear,Unisex,Kids,Tennis,Shoes - Low (No-Fb),JH5125,Courtflash K LUCPNK/SILVMT/BLIPNK,,,4067906404338,197620839834,13K, 30.25 , 55.0 ,USD,0, $24.35 
Footwear,Unisex,Kids,Tennis,Shoes - Low (No-Fb),JH5125,Courtflash K LUCPNK/SILVMT/BLIPNK,,,4067906404406,197620839902,13-K, 30.25 , 55.0 ,USD,0, $24.35 
Footwear,Unisex,Kids,Tennis,Shoes - Low (No-Fb),JH5125,Courtflash K LUCPNK/SILVMT/BLIPNK,,,4067906407858,197620839995,1, 30.25 , 55.0 ,USD,0, $24.35 
Footwear,Unisex,Kids,Tennis,Shoes - Low (No-Fb),JH5125,Courtflash K LUCPNK/SILVMT/BLIPNK,,,4067906404352,197620839858,1-, 30.25 , 55.0 ,USD,0, $24.35 
Footwear,Unisex,Kids,Tennis,Shoes - Low (No-Fb),JH5125,Courtflash K LUCPNK/SILVMT/BLIPNK,,,4067906404383,197620839889,2, 30.25 , 55.0 ,USD,0, $24.35 
Footwear,Unisex,Kids,Tennis,Shoes - Low (No-Fb),JH5125,Courtflash K LUCPNK/SILVMT/BLIPNK,,,4067906407797,197620839940,2-, 30.25 , 55.0 ,USD,0, $24.35 
Footwear,Unisex,Kids,Tennis,Shoes - Low (No-Fb),JH5125,Courtflash K LUCPNK/SILVMT/BLIPNK,,,4067906404369,197620839865,3, 30.25 , 55.0 ,USD,0, $24.35 
Footwear,Unisex,Kids,Tennis,Shoes - Low (No-Fb),JH5125,Courtflash K LUCPNK/SILVMT/BLIPNK,,,4067906407810,197620839964,3-, 30.25 , 55.0 ,USD,0, $24.35 
Footwear,Unisex,Kids,Tennis,Shoes - Low (No-Fb),JH5125,Courtflash K LUCPNK/SILVMT/BLIPNK,,,4067906404390,197620839896,4, 30.25 , 55.0 ,USD,20, $24.35 
Footwear,Unisex,Kids,Tennis,Shoes - Low (No-Fb),JH5125,Courtflash K LUCPNK/SILVMT/BLIPNK,,,4067906407834,197620839971,4-, 30.25 , 55.0 ,USD,14, $24.35 
Footwear,Unisex,Kids,Tennis,Shoes - Low (No-Fb),JH5125,Courtflash K LUCPNK/SILVMT/BLIPNK,,,4067906404376,197620839872,5, 30.25 , 55.0 ,USD,0, $24.35 
Footwear,Unisex,Kids,Tennis,Shoes - Low (No-Fb),JH5125,Courtflash K LUCPNK/SILVMT/BLIPNK,,,4067906404420,197620839926,5-, 30.25 , 55.0 ,USD,0, $24.35 
Footwear,Unisex,Kids,Tennis,Shoes - Low (No-Fb),JH5125,Courtflash K LUCPNK/SILVMT/BLIPNK,,,4067906407872,197620843640,6, 30.25 , 55.0 ,USD,5, $24.35 
Footwear,Unisex,Kids,Tennis,Shoes - Low (No-Fb),JH5125,Courtflash K LUCPNK/SILVMT/BLIPNK,,,4067906404345,197620839841,6-, 30.25 , 55.0 ,USD,8, $24.35 
Footwear,Unisex,Kids,Tennis,Shoes - Low (No-Fb),JH5125,Courtflash K LUCPNK/SILVMT/BLIPNK,,,4067906407841,197620839988,7, 30.25 , 55.0 ,USD,7, $24.35 
Footwear,Unisex,Kids,Tennis,Shoes - Low (No-Fb),JH5120,Ubersonic k FTWWHT/CBLACK/AURPLU,White,,4067906272463,197620697946,1, 33.0 , 60.0 ,USD,26, $26.57 
Footwear,Unisex,Kids,Tennis,Shoes - Low (No-Fb),JH5120,Ubersonic k FTWWHT/CBLACK/AURPLU,White,,4067906272494,197620698011,1-, 33.0 , 60.0 ,USD,0, $26.57 
Footwear,Unisex,Kids,Tennis,Shoes - Low (No-Fb),JH5120,Ubersonic k FTWWHT/CBLACK/AURPLU,White,,4067906268800,197620694327,2, 33.0 , 60.0 ,USD,21, $26.57 
Footwear,Unisex,Kids,Tennis,Shoes - Low (No-Fb),JH5120,Ubersonic k FTWWHT/CBLACK/AURPLU,White,,4067906268817,197620697960,2-, 33.0 , 60.0 ,USD,0, $26.57 
Footwear,Unisex,Kids,Tennis,Shoes - Low (No-Fb),JH5120,Ubersonic k FTWWHT/CBLACK/AURPLU,White,,4067906272432,197620697953,3, 33.0 , 60.0 ,USD,22, $26.57 
Footwear,Unisex,Kids,Tennis,Shoes - Low (No-Fb),JH5120,Ubersonic k FTWWHT/CBLACK/AURPLU,White,,4067906272470,197620697991,3-, 33.0 , 60.0 ,USD,0, $26.57 
Footwear,Unisex,Kids,Tennis,Shoes - Low (No-Fb),JH5120,Ubersonic k FTWWHT/CBLACK/AURPLU,White,,4067906268824,197620697939,4, 33.0 , 60.0 ,USD,39, $26.57 
Footwear,Unisex,Kids,Tennis,Shoes - Low (No-Fb),JH5120,Ubersonic k FTWWHT/CBLACK/AURPLU,White,,4067906272487,197620698004,4-, 33.0 , 60.0 ,USD,0, $26.57 
Footwear,Unisex,Kids,Tennis,Shoes - Low (No-Fb),JH5120,Ubersonic k FTWWHT/CBLACK/AURPLU,White,,4067906272456,197620697984,5, 33.0 , 60.0 ,USD,2, $26.57 
Footwear,Unisex,Kids,Tennis,Shoes - Low (No-Fb),JH5120,Ubersonic k FTWWHT/CBLACK/AURPLU,White,,4067906272449,197620697977,5-, 33.0 , 60.0 ,USD,1, $26.57 
Footwear,Unisex,Kids,Tennis,Shoes - Low (No-Fb),JH5120,Ubersonic k FTWWHT/CBLACK/AURPLU,White,,4067906272500,197620698028,6, 33.0 , 60.0 ,USD,8, $26.57 
Footwear,Unisex,Kids,Tennis,Shoes - Low (No-Fb),JH5121,Ubersonic k OWHITE/SILVMT/POWPLU,White,,4067906268725,197620694242,1, 33.0 , 60.0 ,USD,0, $26.57 
Footwear,Unisex,Kids,Tennis,Shoes - Low (No-Fb),JH5121,Ubersonic k OWHITE/SILVMT/POWPLU,White,,4067906268732,197620694259,1-, 33.0 , 60.0 ,USD,0, $26.57 
Footwear,Unisex,Kids,Tennis,Shoes - Low (No-Fb),JH5121,Ubersonic k OWHITE/SILVMT/POWPLU,White,,4067906268763,197620694280,2, 33.0 , 60.0 ,USD,0, $26.57 
Footwear,Unisex,Kids,Tennis,Shoes - Low (No-Fb),JH5121,Ubersonic k OWHITE/SILVMT/POWPLU,White,,4067906268794,197620694310,2-, 33.0 , 60.0 ,USD,0, $26.57 
Footwear,Unisex,Kids,Tennis,Shoes - Low (No-Fb),JH5121,Ubersonic k OWHITE/SILVMT/POWPLU,White,,4067906268718,197620694235,3, 33.0 , 60.0 ,USD,0, $26.57 
Footwear,Unisex,Kids,Tennis,Shoes - Low (No-Fb),JH5121,Ubersonic k OWHITE/SILVMT/POWPLU,White,,4067906268695,197620694211,3-, 33.0 , 60.0 ,USD,0, $26.57 
Footwear,Unisex,Kids,Tennis,Shoes - Low (No-Fb),JH5121,Ubersonic k OWHITE/SILVMT/POWPLU,White,,4067906268787,197620694303,4, 33.0 , 60.0 ,USD,0, $26.57 
Footwear,Unisex,Kids,Tennis,Shoes - Low (No-Fb),JH5121,Ubersonic k OWHITE/SILVMT/POWPLU,White,,4067906268770,197620694297,4-, 33.0 , 60.0 ,USD,0, $26.57 
Footwear,Unisex,Kids,Tennis,Shoes - Low (No-Fb),JH5121,Ubersonic k OWHITE/SILVMT/POWPLU,White,,4067906268749,197620694266,5, 33.0 , 60.0 ,USD,14, $26.57 
Footwear,Unisex,Kids,Tennis,Shoes - Low (No-Fb),JH5121,Ubersonic k OWHITE/SILVMT/POWPLU,White,,4067906268701,197620694228,5-, 33.0 , 60.0 ,USD,0, $26.57 
Footwear,Unisex,Kids,Tennis,Shoes - Low (No-Fb),JH5121,Ubersonic k OWHITE/SILVMT/POWPLU,White,,4067906268756,197620694273,6, 33.0 , 60.0 ,USD,8, $26.57 
Footwear,Mens,Adult,Running,Shoes - Low (No-Fb),IG5843,SUPERNOVA RISE M CBLACK/CBLACK/SHARED,Black,,4066761394815,196468051125,6-, 77.0 , 140.0 ,USD,4, $61.99 
Footwear,Mens,Adult,Running,Shoes - Low (No-Fb),IG5843,SUPERNOVA RISE M CBLACK/CBLACK/SHARED,Black,,4066761394877,196468051187,7, 77.0 , 140.0 ,USD,8, $61.99 
Footwear,Mens,Adult,Running,Shoes - Low (No-Fb),IG5843,SUPERNOVA RISE M CBLACK/CBLACK/SHARED,Black,,4066761394891,196468051200,7-, 77.0 , 140.0 ,USD,2, $61.99 
Footwear,Mens,Adult,Running,Shoes - Low (No-Fb),IG5843,SUPERNOVA RISE M CBLACK/CBLACK/SHARED,Black,,4066761394846,196468051156,8, 77.0 , 140.0 ,USD,32, $61.99 
Footwear,Mens,Adult,Running,Shoes - Low (No-Fb),IG5843,SUPERNOVA RISE M CBLACK/CBLACK/SHARED,Black,,4066761394839,196468051149,8-, 77.0 , 140.0 ,USD,31, $61.99 
Footwear,Mens,Adult,Running,Shoes - Low (No-Fb),IG5843,SUPERNOVA RISE M CBLACK/CBLACK/SHARED,Black,,4066761394907,196468051217,9, 77.0 , 140.0 ,USD,56, $61.99 
Footwear,Mens,Adult,Running,Shoes - Low (No-Fb),IG5843,SUPERNOVA RISE M CBLACK/CBLACK/SHARED,Black,,4066761394792,196468051101,9-, 77.0 , 140.0 ,USD,71, $61.99 
Footwear,Mens,Adult,Running,Shoes - Low (No-Fb),IG5843,SUPERNOVA RISE M CBLACK/CBLACK/SHARED,Black,,4066761394860,196468051170,10, 77.0 , 140.0 ,USD,98, $61.99 
Footwear,Mens,Adult,Running,Shoes - Low (No-Fb),IG5843,SUPERNOVA RISE M CBLACK/CBLACK/SHARED,Black,,4066761394778,196468051095,10-, 77.0 , 140.0 ,USD,9, $61.99 
Footwear,Mens,Adult,Running,Shoes - Low (No-Fb),IG5843,SUPERNOVA RISE M CBLACK/CBLACK/SHARED,Black,,4066761394785,196468051064,11, 77.0 , 140.0 ,USD,108, $61.99 
Footwear,Mens,Adult,Running,Shoes - Low (No-Fb),IG5843,SUPERNOVA RISE M CBLACK/CBLACK/SHARED,Black,,4066761394808,196468051118,11-, 77.0 , 140.0 ,USD,0, $61.99 
Footwear,Mens,Adult,Running,Shoes - Low (No-Fb),IG5843,SUPERNOVA RISE M CBLACK/CBLACK/SHARED,Black,,4066761394884,196468051194,12, 77.0 , 140.0 ,USD,86, $61.99 
Footwear,Mens,Adult,Running,Shoes - Low (No-Fb),IG5843,SUPERNOVA RISE M CBLACK/CBLACK/SHARED,Black,,4066761394822,196468051132,12-, 77.0 , 140.0 ,USD,23, $61.99 
Footwear,Mens,Adult,Running,Shoes - Low (No-Fb),IG5843,SUPERNOVA RISE M CBLACK/CBLACK/SHARED,Black,,4066761394761,196468051088,13, 77.0 , 140.0 ,USD,20, $61.99 
Footwear,Mens,Adult,Running,Shoes - Low (No-Fb),IG5843,SUPERNOVA RISE M CBLACK/CBLACK/SHARED,Black,,4066761394853,196468051163,14, 77.0 , 140.0 ,USD,23, $61.99 
Footwear,Mens,Adult,Running,Shoes - Low (No-Fb),IG5843,SUPERNOVA RISE M CBLACK/CBLACK/SHARED,Black,,4066761394754,196468051071,15, 77.0 , 140.0 ,USD,0, $61.99 
Footwear,Mens,Adult,Running,Shoes - Low (No-Fb),IG5843,SUPERNOVA RISE M CBLACK/CBLACK/SHARED,Black,,4067889726519,196478904008,16, 77.0 , 140.0 ,USD,0, $61.99 
Footwear,Mens,Adult,Running,Shoes - Low (No-Fb),IG5843,SUPERNOVA RISE M CBLACK/CBLACK/SHARED,Black,,4067889726502,196478903995,17, 77.0 , 140.0 ,USD,0, $61.99 
Footwear,Mens,Adult,Running,Shoes - Low (No-Fb),IG5843,SUPERNOVA RISE M CBLACK/CBLACK/SHARED,Black,,4067889726526,196478904015,18, 77.0 , 140.0 ,USD,0, $61.99 
Footwear,Mens,Adult,Running,Shoes - Low (No-Fb),GX9249,4DFWD 2 M CBLACK/FTWWHT/CARBON,Black,,4065426771589,195740119478,4, 110.0 , 200.0 ,USD,0, $88.55 
Footwear,Mens,Adult,Running,Shoes - Low (No-Fb),GX9249,4DFWD 2 M CBLACK/FTWWHT/CARBON,Black,,4065426771695,195740119591,4-, 110.0 , 200.0 ,USD,0, $88.55 
Footwear,Mens,Adult,Running,Shoes - Low (No-Fb),GX9249,4DFWD 2 M CBLACK/FTWWHT/CARBON,Black,,4065426771633,195740119539,5, 110.0 , 200.0 ,USD,0, $88.55 
Footwear,Mens,Adult,Running,Shoes - Low (No-Fb),GX9249,4DFWD 2 M CBLACK/FTWWHT/CARBON,Black,,4065426771718,195740119614,5-, 110.0 , 200.0 ,USD,0, $88.55 
Footwear,Mens,Adult,Running,Shoes - Low (No-Fb),GX9249,4DFWD 2 M CBLACK/FTWWHT/CARBON,Black,,4065426771701,195740119607,6, 110.0 , 200.0 ,USD,0, $88.55 
Footwear,Mens,Adult,Running,Shoes - Low (No-Fb),GX9249,4DFWD 2 M CBLACK/FTWWHT/CARBON,Black,,4065426771640,195740119546,6-, 110.0 , 200.0 ,USD,0, $88.55 
Footwear,Mens,Adult,Running,Shoes - Low (No-Fb),GX9249,4DFWD 2 M CBLACK/FTWWHT/CARBON,Black,,4065426771626,195740119522,7, 110.0 , 200.0 ,USD,0, $88.55 
Footwear,Mens,Adult,Running,Shoes - Low (No-Fb),GX9249,4DFWD 2 M CBLACK/FTWWHT/CARBON,Black,,4065426771527,195740115838,7-, 110.0 , 200.0 ,USD,0, $88.55 
Footwear,Mens,Adult,Running,Shoes - Low (No-Fb),GX9249,4DFWD 2 M CBLACK/FTWWHT/CARBON,Black,,4065426771596,195740119492,8, 110.0 , 200.0 ,USD,0, $88.55 
Footwear,Mens,Adult,Running,Shoes - Low (No-Fb),GX9249,4DFWD 2 M CBLACK/FTWWHT/CARBON,Black,,4065426771664,195740119560,8-, 110.0 , 200.0 ,USD,0, $88.55 
Footwear,Mens,Adult,Running,Shoes - Low (No-Fb),GX9249,4DFWD 2 M CBLACK/FTWWHT/CARBON,Black,,4065426771541,195740115845,9, 110.0 , 200.0 ,USD,0, $88.55 
Footwear,Mens,Adult,Running,Shoes - Low (No-Fb),GX9249,4DFWD 2 M CBLACK/FTWWHT/CARBON,Black,,4065426771619,195740119515,9-, 110.0 , 200.0 ,USD,0, $88.55 
Footwear,Mens,Adult,Running,Shoes - Low (No-Fb),GX9249,4DFWD 2 M CBLACK/FTWWHT/CARBON,Black,,4065426771688,195740119584,10, 110.0 , 200.0 ,USD,0, $88.55 
Footwear,Mens,Adult,Running,Shoes - Low (No-Fb),GX9249,4DFWD 2 M CBLACK/FTWWHT/CARBON,Black,,4065426771565,195740119454,10-, 110.0 , 200.0 ,USD,0, $88.55 
Footwear,Mens,Adult,Running,Shoes - Low (No-Fb),GX9249,4DFWD 2 M CBLACK/FTWWHT/CARBON,Black,,4065426771732,195740119638,11, 110.0 , 200.0 ,USD,0, $88.55 
Footwear,Mens,Adult,Running,Shoes - Low (No-Fb),GX9249,4DFWD 2 M CBLACK/FTWWHT/CARBON,Black,,4065426771558,195740119485,11-, 110.0 , 200.0 ,USD,0, $88.55 
Footwear,Mens,Adult,Running,Shoes - Low (No-Fb),GX9249,4DFWD 2 M CBLACK/FTWWHT/CARBON,Black,,4065426771725,195740119621,12, 110.0 , 200.0 ,USD,0, $88.55 
Footwear,Mens,Adult,Running,Shoes - Low (No-Fb),GX9249,4DFWD 2 M CBLACK/FTWWHT/CARBON,Black,,4065426771602,195740119508,13, 110.0 , 200.0 ,USD,1, $88.55 
Footwear,Mens,Adult,Running,Shoes - Low (No-Fb),GX9249,4DFWD 2 M CBLACK/FTWWHT/CARBON,Black,,4065426771572,195740119461,14, 110.0 , 200.0 ,USD,0, $88.55 
Footwear,Mens,Adult,Running,Shoes - Low (No-Fb),GX9249,4DFWD 2 M CBLACK/FTWWHT/CARBON,Black,,4065426771657,195740119553,15, 110.0 , 200.0 ,USD,0, $88.55 
Footwear,Mens,Adult,Running,Shoes - Low (No-Fb),GX9249,4DFWD 2 M CBLACK/FTWWHT/CARBON,Black,,4065426771671,195740119577,16, 110.0 , 200.0 ,USD,0, $88.55 
Footwear,Unisex,Kids,Originals,Shoes - Low (No-Fb),BY9548,GAZELLE C ICEPNK/FTWWHT/GOLDMT,Pink,,4058025125617,190309825616,10-K, 35.0 , 70.0 ,USD,0, $28.18 
Footwear,Unisex,Kids,Originals,Shoes - Low (No-Fb),BY9548,GAZELLE C ICEPNK/FTWWHT/GOLDMT,Pink,,4058025125693,190309825692,11K, 35.0 , 70.0 ,USD,1, $28.18 
Footwear,Unisex,Kids,Originals,Shoes - Low (No-Fb),BY9548,GAZELLE C ICEPNK/FTWWHT/GOLDMT,Pink,,4058025125662,190309825661,11-K, 35.0 , 70.0 ,USD,0, $28.18 
Footwear,Unisex,Kids,Originals,Shoes - Low (No-Fb),BY9548,GAZELLE C ICEPNK/FTWWHT/GOLDMT,Pink,,4058025125716,190309825715,12K, 35.0 , 70.0 ,USD,0, $28.18 
Footwear,Unisex,Kids,Originals,Shoes - Low (No-Fb),BY9548,GAZELLE C ICEPNK/FTWWHT/GOLDMT,Pink,,4058025125709,190309825708,12-K, 35.0 , 70.0 ,USD,0, $28.18 
Footwear,Unisex,Kids,Originals,Shoes - Low (No-Fb),BY9548,GAZELLE C ICEPNK/FTWWHT/GOLDMT,Pink,,4058025125624,190309825623,13K, 35.0 , 70.0 ,USD,0, $28.18 
Footwear,Unisex,Kids,Originals,Shoes - Low (No-Fb),BY9548,GAZELLE C ICEPNK/FTWWHT/GOLDMT,Pink,,4058025125686,190309825685,13-K, 35.0 , 70.0 ,USD,0, $28.18 
Footwear,Unisex,Kids,Originals,Shoes - Low (No-Fb),BY9548,GAZELLE C ICEPNK/FTWWHT/GOLDMT,Pink,,4058025125648,190309825647,1, 35.0 , 70.0 ,USD,0, $28.18 
Footwear,Unisex,Kids,Originals,Shoes - Low (No-Fb),BY9548,GAZELLE C ICEPNK/FTWWHT/GOLDMT,Pink,,4058025125655,190309825654,1-, 35.0 , 70.0 ,USD,0, $28.18 
Footwear,Unisex,Kids,Originals,Shoes - Low (No-Fb),BY9548,GAZELLE C ICEPNK/FTWWHT/GOLDMT,Pink,,4058025125723,190309825722,2, 35.0 , 70.0 ,USD,0, $28.18 
Footwear,Unisex,Kids,Originals,Shoes - Low (No-Fb),BY9548,GAZELLE C ICEPNK/FTWWHT/GOLDMT,Pink,,4058025125631,190309825630,2-, 35.0 , 70.0 ,USD,0, $28.18 
Footwear,Unisex,Kids,Originals,Shoes - Low (No-Fb),BY9548,GAZELLE C ICEPNK/FTWWHT/GOLDMT,Pink,,4058025125679,190309825678,3, 35.0 , 70.0 ,USD,0, $28.18 
Apparel,Mens,Adult,Soccer,Jersey (Short Sl.),HT6128,TIRO 23 JSY TEPORE/WHITE,,,4065432778817,195744126335,XS, 17.5 , 35.0 ,USD,0, $14.09 
Apparel,Mens,Adult,Soccer,Jersey (Short Sl.),HT6128,TIRO 23 JSY TEPORE/WHITE,,,4065432778862,195744126380,S, 17.5 , 35.0 ,USD,112, $14.09 
Apparel,Mens,Adult,Soccer,Jersey (Short Sl.),HT6128,TIRO 23 JSY TEPORE/WHITE,,,4065432779654,195744126458,M, 17.5 , 35.0 ,USD,48, $14.09 
Apparel,Mens,Adult,Soccer,Jersey (Short Sl.),HT6128,TIRO 23 JSY TEPORE/WHITE,,,4065432778763,195744126281,L, 17.5 , 35.0 ,USD,35, $14.09 
Apparel,Mens,Adult,Soccer,Jersey (Short Sl.),HT6128,TIRO 23 JSY TEPORE/WHITE,,,4065432778879,195744126397,XL, 17.5 , 35.0 ,USD,0, $14.09 
Apparel,Mens,Adult,Soccer,Jersey (Short Sl.),HT6128,TIRO 23 JSY TEPORE/WHITE,,,4065432778855,195744126373,2XL, 17.5 , 35.0 ,USD,0, $14.09 
Apparel,Mens,Adult,Soccer,Jersey (Short Sl.),HT6128,TIRO 23 JSY TEPORE/WHITE,,,4065432778800,195744126328,3XL, 17.5 , 35.0 ,USD,0, $14.09 
Apparel,Womens,Adult,Soccer,Jersey (Short Sl.),GK9086,CAMPEON 21 JSYW ROYBLU/WHITE,Blue,,4064045357693,194818093795,2XS, 22.5 , 45.0 ,USD,0, $18.11 
Apparel,Womens,Adult,Soccer,Jersey (Short Sl.),GK9086,CAMPEON 21 JSYW ROYBLU/WHITE,Blue,,4064045357655,194818093757,XS, 22.5 , 45.0 ,USD,14, $18.11 
Apparel,Womens,Adult,Soccer,Jersey (Short Sl.),GK9086,CAMPEON 21 JSYW ROYBLU/WHITE,Blue,,4064045357686,194818093788,S, 22.5 , 45.0 ,USD,59, $18.11 
Apparel,Womens,Adult,Soccer,Jersey (Short Sl.),GK9086,CAMPEON 21 JSYW ROYBLU/WHITE,Blue,,4064045357617,194818093726,M, 22.5 , 45.0 ,USD,73, $18.11 
Apparel,Womens,Adult,Soccer,Jersey (Short Sl.),GK9086,CAMPEON 21 JSYW ROYBLU/WHITE,Blue,,4064045357662,194818093764,L, 22.5 , 45.0 ,USD,8, $18.11 
Apparel,Womens,Adult,Soccer,Jersey (Short Sl.),GK9086,CAMPEON 21 JSYW ROYBLU/WHITE,Blue,,4064045357600,194818093719,XL, 22.5 , 45.0 ,USD,3, $18.11 
Apparel,Womens,Adult,Soccer,Jersey (Short Sl.),GK9086,CAMPEON 21 JSYW ROYBLU/WHITE,Blue,,4064045357624,194818093689,2XL, 22.5 , 45.0 ,USD,0, $18.11 
Footwear,Mens,Adult,Running,Shoes - Low (No-Fb),JI4085,RUNFALCON 5 TR MAROON/FTWWHT/BROSTR,Red,,4067892398123,197615479366,6-, 38.5 , 70.0 ,USD,0, $30.99 
Footwear,Mens,Adult,Running,Shoes - Low (No-Fb),JI4085,RUNFALCON 5 TR MAROON/FTWWHT/BROSTR,Red,,4067892398062,197615479304,7, 38.5 , 70.0 ,USD,0, $30.99 
Footwear,Mens,Adult,Running,Shoes - Low (No-Fb),JI4085,RUNFALCON 5 TR MAROON/FTWWHT/BROSTR,Red,,4067892398109,197615479342,7-, 38.5 , 70.0 ,USD,0, $30.99 
Footwear,Mens,Adult,Running,Shoes - Low (No-Fb),JI4085,RUNFALCON 5 TR MAROON/FTWWHT/BROSTR,Red,,4067892398031,197615479281,8, 38.5 , 70.0 ,USD,0, $30.99 
Footwear,Mens,Adult,Running,Shoes - Low (No-Fb),JI4085,RUNFALCON 5 TR MAROON/FTWWHT/BROSTR,Red,,4067892398017,197615479267,8-, 38.5 , 70.0 ,USD,0, $30.99 
Footwear,Mens,Adult,Running,Shoes - Low (No-Fb),JI4085,RUNFALCON 5 TR MAROON/FTWWHT/BROSTR,Red,,4067892398048,197615479250,9, 38.5 , 70.0 ,USD,0, $30.99 
Footwear,Mens,Adult,Running,Shoes - Low (No-Fb),JI4085,RUNFALCON 5 TR MAROON/FTWWHT/BROSTR,Red,,4067892394163,197615479243,9-, 38.5 , 70.0 ,USD,0, $30.99 
Footwear,Mens,Adult,Running,Shoes - Low (No-Fb),JI4085,RUNFALCON 5 TR MAROON/FTWWHT/BROSTR,Red,,4067892394149,197615479229,10, 38.5 , 70.0 ,USD,0, $30.99 
Footwear,Mens,Adult,Running,Shoes - Low (No-Fb),JI4085,RUNFALCON 5 TR MAROON/FTWWHT/BROSTR,Red,,4067892398055,197615479298,10-, 38.5 , 70.0 ,USD,0, $30.99 
Footwear,Mens,Adult,Running,Shoes - Low (No-Fb),JI4085,RUNFALCON 5 TR MAROON/FTWWHT/BROSTR,Red,,4067892398093,197615479335,11, 38.5 , 70.0 ,USD,0, $30.99 
Footwear,Mens,Adult,Running,Shoes - Low (No-Fb),JI4085,RUNFALCON 5 TR MAROON/FTWWHT/BROSTR,Red,,4067892398079,197615479311,11-, 38.5 , 70.0 ,USD,0, $30.99 
Footwear,Mens,Adult,Running,Shoes - Low (No-Fb),JI4085,RUNFALCON 5 TR MAROON/FTWWHT/BROSTR,Red,,4067892398024,197615479274,12, 38.5 , 70.0 ,USD,0, $30.99 
Footwear,Mens,Adult,Running,Shoes - Low (No-Fb),JI4085,RUNFALCON 5 TR MAROON/FTWWHT/BROSTR,Red,,4067892398116,197615479359,12-, 38.5 , 70.0 ,USD,0, $30.99 
Footwear,Mens,Adult,Running,Shoes - Low (No-Fb),JI4085,RUNFALCON 5 TR MAROON/FTWWHT/BROSTR,Red,,4067892398086,197615479328,13, 38.5 , 70.0 ,USD,0, $30.99 
Footwear,Mens,Adult,Running,Shoes - Low (No-Fb),JI4085,RUNFALCON 5 TR MAROON/FTWWHT/BROSTR,Red,,4067892394156,197615479236,14, 38.5 , 70.0 ,USD,1, $30.99 
Apparel,Womens,Adult,Basketball,Shorts (1/2),JP2451,CRAZYLITE SHORT WHITE,White,,4067904392712,197615093104,2XS, 25.0 , 50.0 ,USD,0, $20.13 
Apparel,Womens,Adult,Basketball,Shorts (1/2),JP2451,CRAZYLITE SHORT WHITE,White,,4067904389040,197615093012,XS, 25.0 , 50.0 ,USD,85, $20.13 
Apparel,Womens,Adult,Basketball,Shorts (1/2),JP2451,CRAZYLITE SHORT WHITE,White,,4067904389064,197615093043,S, 25.0 , 50.0 ,USD,256, $20.13 
Apparel,Womens,Adult,Basketball,Shorts (1/2),JP2451,CRAZYLITE SHORT WHITE,White,,4067904389026,197615093036,M, 25.0 , 50.0 ,USD,237, $20.13 
Apparel,Womens,Adult,Basketball,Shorts (1/2),JP2451,CRAZYLITE SHORT WHITE,White,,4067904389071,197615093050,L, 25.0 , 50.0 ,USD,85, $20.13 
Apparel,Womens,Adult,Basketball,Shorts (1/2),JP2451,CRAZYLITE SHORT WHITE,White,,4067904389002,197615089381,XL, 25.0 , 50.0 ,USD,54, $20.13 
Apparel,Womens,Adult,Basketball,Shorts (1/2),JP2451,CRAZYLITE SHORT WHITE,White,,4067904392750,197615093135,2XL, 25.0 , 50.0 ,USD,0, $20.13 
Apparel,Womens,Adult,Basketball,Shorts (1/2),JP2451,CRAZYLITE SHORT WHITE,White,,4067904392729,197615093098,3XL, 25.0 , 50.0 ,USD,0, $20.13 
Apparel,Womens,Adult,Basketball,Shorts (1/2),JP2451,CRAZYLITE SHORT WHITE,White,,4067904389033,197615093005,4XL, 25.0 , 50.0 ,USD,0, $20.13 
Apparel,Womens,Adult,Basketball,Shorts (1/2),JP2451,CRAZYLITE SHORT WHITE,White,,4067904392781,197615093166,ST, 25.0 , 50.0 ,USD,0, $20.13 
Apparel,Womens,Adult,Basketball,Shorts (1/2),JP2451,CRAZYLITE SHORT WHITE,White,,4067904389019,197615089398,MT, 25.0 , 50.0 ,USD,0, $20.13 
Apparel,Womens,Adult,Basketball,Shorts (1/2),JP2451,CRAZYLITE SHORT WHITE,White,,4067904392736,197615093111,LT, 25.0 , 50.0 ,USD,0, $20.13 
Apparel,Womens,Adult,Basketball,Shorts (1/2),JP2451,CRAZYLITE SHORT WHITE,White,,4067904392743,197615093128,XLT, 25.0 , 50.0 ,USD,0, $20.13 
Apparel,Womens,Adult,Basketball,Shorts (1/2),JP2451,CRAZYLITE SHORT WHITE,White,,4067904388982,197615089367,2XLT, 25.0 , 50.0 ,USD,0, $20.13 
Footwear,Mens,Adult,Tennis,Shoes - Low (No-Fb),IF0465,Barricade 13 M FTWWHT/CBLACK/GRETHR,White,,4066764822865,196471542474,6-, 88.0 , 160.0 ,USD,0, $70.84 
Footwear,Mens,Adult,Tennis,Shoes - Low (No-Fb),IF0465,Barricade 13 M FTWWHT/CBLACK/GRETHR,White,,4066764826573,196471542580,7, 88.0 , 160.0 ,USD,0, $70.84 
Footwear,Mens,Adult,Tennis,Shoes - Low (No-Fb),IF0465,Barricade 13 M FTWWHT/CBLACK/GRETHR,White,,4066764826528,196471542535,7-, 88.0 , 160.0 ,USD,0, $70.84 
Footwear,Mens,Adult,Tennis,Shoes - Low (No-Fb),IF0465,Barricade 13 M FTWWHT/CBLACK/GRETHR,White,,4066764822872,196471542481,8, 88.0 , 160.0 ,USD,0, $70.84 
Footwear,Mens,Adult,Tennis,Shoes - Low (No-Fb),IF0465,Barricade 13 M FTWWHT/CBLACK/GRETHR,White,,4066764826504,196471542528,8-, 88.0 , 160.0 ,USD,0, $70.84 
Footwear,Mens,Adult,Tennis,Shoes - Low (No-Fb),IF0465,Barricade 13 M FTWWHT/CBLACK/GRETHR,White,,4066764826481,196471542504,9, 88.0 , 160.0 ,USD,0, $70.84 
Footwear,Mens,Adult,Tennis,Shoes - Low (No-Fb),IF0465,Barricade 13 M FTWWHT/CBLACK/GRETHR,White,,4066764826498,196471542511,9-, 88.0 , 160.0 ,USD,0, $70.84 
Footwear,Mens,Adult,Tennis,Shoes - Low (No-Fb),IF0465,Barricade 13 M FTWWHT/CBLACK/GRETHR,White,,4066764826535,196471542542,10, 88.0 , 160.0 ,USD,0, $70.84 
Footwear,Mens,Adult,Tennis,Shoes - Low (No-Fb),IF0465,Barricade 13 M FTWWHT/CBLACK/GRETHR,White,,4066764826559,196471542566,10-, 88.0 , 160.0 ,USD,0, $70.84 
Footwear,Mens,Adult,Tennis,Shoes - Low (No-Fb),IF0465,Barricade 13 M FTWWHT/CBLACK/GRETHR,White,,4066764826542,196471542559,11, 88.0 , 160.0 ,USD,77, $70.84 
Footwear,Mens,Adult,Tennis,Shoes - Low (No-Fb),IF0465,Barricade 13 M FTWWHT/CBLACK/GRETHR,White,,4066764822797,196471542436,11-, 88.0 , 160.0 ,USD,6, $70.84 
Footwear,Mens,Adult,Tennis,Shoes - Low (No-Fb),IF0465,Barricade 13 M FTWWHT/CBLACK/GRETHR,White,,4066764822803,196471542405,12, 88.0 , 160.0 ,USD,0, $70.84 
Footwear,Mens,Adult,Tennis,Shoes - Low (No-Fb),IF0465,Barricade 13 M FTWWHT/CBLACK/GRETHR,White,,4066764822827,196471542429,12-, 88.0 , 160.0 ,USD,0, $70.84 
Footwear,Mens,Adult,Tennis,Shoes - Low (No-Fb),IF0465,Barricade 13 M FTWWHT/CBLACK/GRETHR,White,,4066764822810,196471542412,13, 88.0 , 160.0 ,USD,46, $70.84 
Footwear,Mens,Adult,Tennis,Shoes - Low (No-Fb),IF0465,Barricade 13 M FTWWHT/CBLACK/GRETHR,White,,4066764826566,196471542573,13-, 88.0 , 160.0 ,USD,0, $70.84 
Footwear,Mens,Adult,Tennis,Shoes - Low (No-Fb),IF0465,Barricade 13 M FTWWHT/CBLACK/GRETHR,White,,4066764822858,196471542467,14, 88.0 , 160.0 ,USD,1, $70.84 
Footwear,Mens,Adult,Tennis,Shoes - Low (No-Fb),IF0465,Barricade 13 M FTWWHT/CBLACK/GRETHR,White,,4066764826511,196471542498,14-, 88.0 , 160.0 ,USD,0, $70.84 
Footwear,Mens,Adult,Tennis,Shoes - Low (No-Fb),IF0465,Barricade 13 M FTWWHT/CBLACK/GRETHR,White,,4066764822841,196471542450,16, 88.0 , 160.0 ,USD,0, $70.84 
Footwear,Mens,Adult,Tennis,Shoes - Low (No-Fb),IF0466,Barricade 13 M CBLACK/FTWWHT/GRETHR,Black,,4066764822766,196471538774,6-, 88.0 , 160.0 ,USD,0, $70.84 
Footwear,Mens,Adult,Tennis,Shoes - Low (No-Fb),IF0466,Barricade 13 M CBLACK/FTWWHT/GRETHR,Black,,4066764822742,196471538750,7, 88.0 , 160.0 ,USD,2, $70.84 
Footwear,Mens,Adult,Tennis,Shoes - Low (No-Fb),IF0466,Barricade 13 M CBLACK/FTWWHT/GRETHR,Black,,4066764822667,196471538682,7-, 88.0 , 160.0 ,USD,19, $70.84 
Footwear,Mens,Adult,Tennis,Shoes - Low (No-Fb),IF0466,Barricade 13 M CBLACK/FTWWHT/GRETHR,Black,,4066764822759,196471538767,8, 88.0 , 160.0 ,USD,43, $70.84 
Footwear,Mens,Adult,Tennis,Shoes - Low (No-Fb),IF0466,Barricade 13 M CBLACK/FTWWHT/GRETHR,Black,,4066764822681,196471538699,8-, 88.0 , 160.0 ,USD,1, $70.84 
Footwear,Mens,Adult,Tennis,Shoes - Low (No-Fb),IF0466,Barricade 13 M CBLACK/FTWWHT/GRETHR,Black,,4066764822704,196471538712,9, 88.0 , 160.0 ,USD,0, $70.84 
Footwear,Mens,Adult,Tennis,Shoes - Low (No-Fb),IF0466,Barricade 13 M CBLACK/FTWWHT/GRETHR,Black,,4066764822711,196471538729,9-, 88.0 , 160.0 ,USD,0, $70.84 
Footwear,Mens,Adult,Tennis,Shoes - Low (No-Fb),IF0466,Barricade 13 M CBLACK/FTWWHT/GRETHR,Black,,4066764819001,196471538613,10, 88.0 , 160.0 ,USD,0, $70.84 
Footwear,Mens,Adult,Tennis,Shoes - Low (No-Fb),IF0466,Barricade 13 M CBLACK/FTWWHT/GRETHR,Black,,4066764822674,196471538651,10-, 88.0 , 160.0 ,USD,0, $70.84 
Footwear,Mens,Adult,Tennis,Shoes - Low (No-Fb),IF0466,Barricade 13 M CBLACK/FTWWHT/GRETHR,Black,,4066764822735,196471538743,11, 88.0 , 160.0 ,USD,0, $70.84 
Footwear,Mens,Adult,Tennis,Shoes - Low (No-Fb),IF0466,Barricade 13 M CBLACK/FTWWHT/GRETHR,Black,,4066764822780,196471538798,11-, 88.0 , 160.0 ,USD,0, $70.84 
Footwear,Mens,Adult,Tennis,Shoes - Low (No-Fb),IF0466,Barricade 13 M CBLACK/FTWWHT/GRETHR,Black,,4066764822773,196471538781,12, 88.0 , 160.0 ,USD,0, $70.84 
Footwear,Mens,Adult,Tennis,Shoes - Low (No-Fb),IF0466,Barricade 13 M CBLACK/FTWWHT/GRETHR,Black,,4066764819025,196471538637,12-, 88.0 , 160.0 ,USD,0, $70.84 
Footwear,Mens,Adult,Tennis,Shoes - Low (No-Fb),IF0466,Barricade 13 M CBLACK/FTWWHT/GRETHR,Black,,4066764822728,196471538736,13, 88.0 , 160.0 ,USD,0, $70.84 
Footwear,Mens,Adult,Tennis,Shoes - Low (No-Fb),IF0466,Barricade 13 M CBLACK/FTWWHT/GRETHR,Black,,4066764822698,196471538705,13-, 88.0 , 160.0 ,USD,0, $70.84 
Footwear,Mens,Adult,Tennis,Shoes - Low (No-Fb),IF0466,Barricade 13 M CBLACK/FTWWHT/GRETHR,Black,,4066764822650,196471538675,14, 88.0 , 160.0 ,USD,1, $70.84 
Footwear,Mens,Adult,Tennis,Shoes - Low (No-Fb),IF0466,Barricade 13 M CBLACK/FTWWHT/GRETHR,Black,,4066764819018,196471538620,14-, 88.0 , 160.0 ,USD,0, $70.84 
Footwear,Mens,Adult,Tennis,Shoes - Low (No-Fb),IF0466,Barricade 13 M CBLACK/FTWWHT/GRETHR,Black,,4066764822643,196471538668,16, 88.0 , 160.0 ,USD,0, $70.84 
Footwear,Unisex,Adult,Originals,Shoes - Low (No-Fb),JI3538,SUPERSTAR II CBLACK/FTWWHT/CBLACK,Black,,4067898054849,196479489702,4, 55.0 , 100.0 ,USD,3, $44.28 
Footwear,Unisex,Adult,Originals,Shoes - Low (No-Fb),JI3538,SUPERSTAR II CBLACK/FTWWHT/CBLACK,Black,,4067898058519,196479489788,4-, 55.0 , 100.0 ,USD,2, $44.28 
Footwear,Unisex,Adult,Originals,Shoes - Low (No-Fb),JI3538,SUPERSTAR II CBLACK/FTWWHT/CBLACK,Black,,4067898054733,196479489627,5, 55.0 , 100.0 ,USD,0, $44.28 
Footwear,Unisex,Adult,Originals,Shoes - Low (No-Fb),JI3538,SUPERSTAR II CBLACK/FTWWHT/CBLACK,Black,,4067898058533,196479489764,5-, 55.0 , 100.0 ,USD,0, $44.28 
Footwear,Unisex,Adult,Originals,Shoes - Low (No-Fb),JI3538,SUPERSTAR II CBLACK/FTWWHT/CBLACK,Black,,4067898058502,196479489771,6, 55.0 , 100.0 ,USD,0, $44.28 
Footwear,Unisex,Adult,Originals,Shoes - Low (No-Fb),JI3538,SUPERSTAR II CBLACK/FTWWHT/CBLACK,Black,,4067898054832,196479489696,6-, 55.0 , 100.0 ,USD,0, $44.28 
Footwear,Unisex,Adult,Originals,Shoes - Low (No-Fb),JI3538,SUPERSTAR II CBLACK/FTWWHT/CBLACK,Black,,4067898054726,196479488620,7, 55.0 , 100.0 ,USD,0, $44.28 
Footwear,Unisex,Adult,Originals,Shoes - Low (No-Fb),JI3538,SUPERSTAR II CBLACK/FTWWHT/CBLACK,Black,,4067898054740,196479489597,7-, 55.0 , 100.0 ,USD,0, $44.28 
Footwear,Unisex,Adult,Originals,Shoes - Low (No-Fb),JI3538,SUPERSTAR II CBLACK/FTWWHT/CBLACK,Black,,4067898054764,196479489610,8, 55.0 , 100.0 ,USD,0, $44.28 
Footwear,Unisex,Adult,Originals,Shoes - Low (No-Fb),JI3538,SUPERSTAR II CBLACK/FTWWHT/CBLACK,Black,,4067898054863,196479489726,8-, 55.0 , 100.0 ,USD,0, $44.28 
Footwear,Unisex,Adult,Originals,Shoes - Low (No-Fb),JI3538,SUPERSTAR II CBLACK/FTWWHT/CBLACK,Black,,4067898054795,196479489658,9, 55.0 , 100.0 ,USD,0, $44.28 
Footwear,Unisex,Adult,Originals,Shoes - Low (No-Fb),JI3538,SUPERSTAR II CBLACK/FTWWHT/CBLACK,Black,,4067898054801,196479489665,9-, 55.0 , 100.0 ,USD,0, $44.28 
Footwear,Unisex,Adult,Originals,Shoes - Low (No-Fb),JI3538,SUPERSTAR II CBLACK/FTWWHT/CBLACK,Black,,4067898054757,196479489603,10, 55.0 , 100.0 ,USD,0, $44.28 
Footwear,Unisex,Adult,Originals,Shoes - Low (No-Fb),JI3538,SUPERSTAR II CBLACK/FTWWHT/CBLACK,Black,,4067898054771,196479489634,10-, 55.0 , 100.0 ,USD,0, $44.28 
Footwear,Unisex,Adult,Originals,Shoes - Low (No-Fb),JI3538,SUPERSTAR II CBLACK/FTWWHT/CBLACK,Black,,4067898054870,196479489733,11, 55.0 , 100.0 ,USD,0, $44.28 
Footwear,Unisex,Adult,Originals,Shoes - Low (No-Fb),JI3538,SUPERSTAR II CBLACK/FTWWHT/CBLACK,Black,,4067898054887,196479489740,11-, 55.0 , 100.0 ,USD,0, $44.28 
Footwear,Unisex,Adult,Originals,Shoes - Low (No-Fb),JI3538,SUPERSTAR II CBLACK/FTWWHT/CBLACK,Black,,4067898054894,196479489757,12, 55.0 , 100.0 ,USD,0, $44.28 
Footwear,Unisex,Adult,Originals,Shoes - Low (No-Fb),JI3538,SUPERSTAR II CBLACK/FTWWHT/CBLACK,Black,,4067898054818,196479489672,12-, 55.0 , 100.0 ,USD,0, $44.28 
Footwear,Unisex,Adult,Originals,Shoes - Low (No-Fb),JI3538,SUPERSTAR II CBLACK/FTWWHT/CBLACK,Black,,4067898054856,196479489719,13, 55.0 , 100.0 ,USD,0, $44.28 
Footwear,Unisex,Adult,Originals,Shoes - Low (No-Fb),JI3538,SUPERSTAR II CBLACK/FTWWHT/CBLACK,Black,,4067898058526,196479489795,13-, 55.0 , 100.0 ,USD,0, $44.28 
Footwear,Unisex,Adult,Originals,Shoes - Low (No-Fb),JI3538,SUPERSTAR II CBLACK/FTWWHT/CBLACK,Black,,4067898054788,196479489641,14, 55.0 , 100.0 ,USD,0, $44.28 
Footwear,Unisex,Adult,Originals,Shoes - Low (No-Fb),JI3538,SUPERSTAR II CBLACK/FTWWHT/CBLACK,Black,,4068801590874,197621451769,14-, 55.0 , 100.0 ,USD,0, $44.28 
Footwear,Unisex,Adult,Originals,Shoes - Low (No-Fb),JI3538,SUPERSTAR II CBLACK/FTWWHT/CBLACK,Black,,4068801590881,197621455408,15, 55.0 , 100.0 ,USD,0, $44.28 
Footwear,Unisex,Adult,Originals,Shoes - Low (No-Fb),JI3538,SUPERSTAR II CBLACK/FTWWHT/CBLACK,Black,,4068801590911,197621455392,16, 55.0 , 100.0 ,USD,0, $44.28 
Footwear,Unisex,Adult,Originals,Shoes - Low (No-Fb),JI3538,SUPERSTAR II CBLACK/FTWWHT/CBLACK,Black,,4068801590867,197621451752,17, 55.0 , 100.0 ,USD,0, $44.28 
Footwear,Unisex,Adult,Originals,Shoes - Low (No-Fb),JI3538,SUPERSTAR II CBLACK/FTWWHT/CBLACK,Black,,4068801590898,197621455378,18, 55.0 , 100.0 ,USD,0, $44.28 
Footwear,Unisex,Adult,Originals,Shoes - Low (No-Fb),JI3538,SUPERSTAR II CBLACK/FTWWHT/CBLACK,Black,,4068801590904,197621455385,19, 55.0 , 100.0 ,USD,0, $44.28 
Apparel,Mens,Adult,Originals,T-Shirt (Short Sl.),IY4868,CB 3S TEE NINDIG/CLESKY,Blue,,4067894541619,196479778820,XS, 17.5 , 35.0 ,USD,5, $14.09 
Apparel,Mens,Adult,Originals,T-Shirt (Short Sl.),IY4868,CB 3S TEE NINDIG/CLESKY,Blue,,4067894541671,196479778882,S, 17.5 , 35.0 ,USD,21, $14.09 
Apparel,Mens,Adult,Originals,T-Shirt (Short Sl.),IY4868,CB 3S TEE NINDIG/CLESKY,Blue,,4067894541626,196479778837,M, 17.5 , 35.0 ,USD,19, $14.09 
Apparel,Mens,Adult,Originals,T-Shirt (Short Sl.),IY4868,CB 3S TEE NINDIG/CLESKY,Blue,,4067894545358,196479782599,L, 17.5 , 35.0 ,USD,26, $14.09 
Apparel,Mens,Adult,Originals,T-Shirt (Short Sl.),IY4868,CB 3S TEE NINDIG/CLESKY,Blue,,4067894545303,196479778929,XL, 17.5 , 35.0 ,USD,3, $14.09 
Apparel,Mens,Adult,Originals,T-Shirt (Short Sl.),IY4868,CB 3S TEE NINDIG/CLESKY,Blue,,4067894541602,196479778813,2XL, 17.5 , 35.0 ,USD,11, $14.09 
Footwear,Mens,Adult,Tennis,Shoes - Low (No-Fb),JH5135,CourtJam Control 3 M OWHITE/SILVMT/AURIVY,White,,4067903892220,197613346493,6-, 49.5 , 90.0 ,USD,3, $39.85 
Footwear,Mens,Adult,Tennis,Shoes - Low (No-Fb),JH5135,CourtJam Control 3 M OWHITE/SILVMT/AURIVY,White,,4067903895900,197613346592,7, 49.5 , 90.0 ,USD,4, $39.85 
Footwear,Mens,Adult,Tennis,Shoes - Low (No-Fb),JH5135,CourtJam Control 3 M OWHITE/SILVMT/AURIVY,White,,4067903892206,197613342884,7-, 49.5 , 90.0 ,USD,5, $39.85 
Footwear,Mens,Adult,Tennis,Shoes - Low (No-Fb),JH5135,CourtJam Control 3 M OWHITE/SILVMT/AURIVY,White,,4067903892213,197613346523,8, 49.5 , 90.0 ,USD,9, $39.85 
Footwear,Mens,Adult,Tennis,Shoes - Low (No-Fb),JH5135,CourtJam Control 3 M OWHITE/SILVMT/AURIVY,White,,4067903892275,197613346554,8-, 49.5 , 90.0 ,USD,6, $39.85 
Footwear,Mens,Adult,Tennis,Shoes - Low (No-Fb),JH5135,CourtJam Control 3 M OWHITE/SILVMT/AURIVY,White,,4067903892237,197613346509,9, 49.5 , 90.0 ,USD,9, $39.85 
Footwear,Mens,Adult,Tennis,Shoes - Low (No-Fb),JH5135,CourtJam Control 3 M OWHITE/SILVMT/AURIVY,White,,4067903892268,197613346547,9-, 49.5 , 90.0 ,USD,5, $39.85 
Footwear,Mens,Adult,Tennis,Shoes - Low (No-Fb),JH5135,CourtJam Control 3 M OWHITE/SILVMT/AURIVY,White,,4067903892282,197613346561,10, 49.5 , 90.0 ,USD,24, $39.85 
Footwear,Mens,Adult,Tennis,Shoes - Low (No-Fb),JH5135,CourtJam Control 3 M OWHITE/SILVMT/AURIVY,White,,4067903895917,197613346608,10-, 49.5 , 90.0 ,USD,13, $39.85 
Footwear,Mens,Adult,Tennis,Shoes - Low (No-Fb),JH5135,CourtJam Control 3 M OWHITE/SILVMT/AURIVY,White,,4067903892251,197613346530,11, 49.5 , 90.0 ,USD,9, $39.85 
Footwear,Mens,Adult,Tennis,Shoes - Low (No-Fb),JH5135,CourtJam Control 3 M OWHITE/SILVMT/AURIVY,White,,4067903892244,197613346516,11-, 49.5 , 90.0 ,USD,2, $39.85 
Footwear,Mens,Adult,Tennis,Shoes - Low (No-Fb),JH5135,CourtJam Control 3 M OWHITE/SILVMT/AURIVY,White,,4067903892176,197613342853,12, 49.5 , 90.0 ,USD,8, $39.85 
Footwear,Mens,Adult,Tennis,Shoes - Low (No-Fb),JH5135,CourtJam Control 3 M OWHITE/SILVMT/AURIVY,White,,4067903892299,197613346578,12-, 49.5 , 90.0 ,USD,3, $39.85 
Footwear,Mens,Adult,Tennis,Shoes - Low (No-Fb),JH5135,CourtJam Control 3 M OWHITE/SILVMT/AURIVY,White,,4067903892183,197613342860,13, 49.5 , 90.0 ,USD,4, $39.85 
Footwear,Mens,Adult,Tennis,Shoes - Low (No-Fb),JH5135,CourtJam Control 3 M OWHITE/SILVMT/AURIVY,White,,4067903895931,197613346585,13-, 49.5 , 90.0 ,USD,1, $39.85 
Footwear,Mens,Adult,Tennis,Shoes - Low (No-Fb),JH5135,CourtJam Control 3 M OWHITE/SILVMT/AURIVY,White,,4067903895924,197613346615,14, 49.5 , 90.0 ,USD,3, $39.85 
Footwear,Mens,Adult,Tennis,Shoes - Low (No-Fb),JH5135,CourtJam Control 3 M OWHITE/SILVMT/AURIVY,White,,4067903892190,197613342877,14-, 49.5 , 90.0 ,USD,1, $39.85 
Footwear,Mens,Adult,Tennis,Shoes - Low (No-Fb),JH5135,CourtJam Control 3 M OWHITE/SILVMT/AURIVY,White,,4067903895948,197613346622,16, 49.5 , 90.0 ,USD,1, $39.85 
Apparel,Mens,Adult,Originals,Graphic T (Short Sl),JP4637,M PHOTO 1 C/FLI BLACK,Black,,4067903126028,197614845636,XS, 15.0 , 30.0 ,USD,300+, $12.08 
Apparel,Mens,Adult,Originals,Graphic T (Short Sl),JP4637,M PHOTO 1 C/FLI BLACK,Black,,4067903126066,197614845667,S, 15.0 , 30.0 ,USD,300+, $12.08 
Apparel,Mens,Adult,Originals,Graphic T (Short Sl),JP4637,M PHOTO 1 C/FLI BLACK,Black,,4067903126059,197614845650,M, 15.0 , 30.0 ,USD,300+, $12.08 
Apparel,Mens,Adult,Originals,Graphic T (Short Sl),JP4637,M PHOTO 1 C/FLI BLACK,Black,,4067903126011,197614845629,L, 15.0 , 30.0 ,USD,300+, $12.08 
Apparel,Mens,Adult,Originals,Graphic T (Short Sl),JP4637,M PHOTO 1 C/FLI BLACK,Black,,4067903126042,197614845643,XL, 15.0 , 30.0 ,USD,300+, $12.08 
Apparel,Mens,Adult,Originals,Graphic T (Short Sl),JP4637,M PHOTO 1 C/FLI BLACK,Black,,4067903126004,197614845612,2XL, 15.0 , 30.0 ,USD,300+, $12.08 
Footwear,Mens,Adult,Originals,Vulcanized Shoes Low,EF1883,NIZZA RF FTWWHT/FTWWHT/OWHITE,White,,4061623985880,192615427591,4, 44.0 , 80.0 ,USD,1, $35.42 
Footwear,Mens,Adult,Originals,Vulcanized Shoes Low,EF1883,NIZZA RF FTWWHT/FTWWHT/OWHITE,White,,4061623985866,192615427577,4-, 44.0 , 80.0 ,USD,0, $35.42 
Footwear,Mens,Adult,Originals,Vulcanized Shoes Low,EF1883,NIZZA RF FTWWHT/FTWWHT/OWHITE,White,,4061623985736,192615427447,5, 44.0 , 80.0 ,USD,1, $35.42 
Footwear,Mens,Adult,Originals,Vulcanized Shoes Low,EF1883,NIZZA RF FTWWHT/FTWWHT/OWHITE,White,,4061623985774,192615427485,5-, 44.0 , 80.0 ,USD,0, $35.42 
Footwear,Mens,Adult,Originals,Vulcanized Shoes Low,EF1883,NIZZA RF FTWWHT/FTWWHT/OWHITE,White,,4061623985811,192615427522,6, 44.0 , 80.0 ,USD,0, $35.42 
Footwear,Mens,Adult,Originals,Vulcanized Shoes Low,EF1883,NIZZA RF FTWWHT/FTWWHT/OWHITE,White,,4061623985842,192615427553,6-, 44.0 , 80.0 ,USD,0, $35.42 
Footwear,Mens,Adult,Originals,Vulcanized Shoes Low,EF1883,NIZZA RF FTWWHT/FTWWHT/OWHITE,White,,4061623985897,192615427607,7, 44.0 , 80.0 ,USD,0, $35.42 
Footwear,Mens,Adult,Originals,Vulcanized Shoes Low,EF1883,NIZZA RF FTWWHT/FTWWHT/OWHITE,White,,4061623988355,192615427638,7-, 44.0 , 80.0 ,USD,1, $35.42 
Footwear,Mens,Adult,Originals,Vulcanized Shoes Low,EF1883,NIZZA RF FTWWHT/FTWWHT/OWHITE,White,,4061623985767,192615427478,8, 44.0 , 80.0 ,USD,0, $35.42 
Footwear,Mens,Adult,Originals,Vulcanized Shoes Low,EF1883,NIZZA RF FTWWHT/FTWWHT/OWHITE,White,,4061623985804,192615427515,8-, 44.0 , 80.0 ,USD,0, $35.42 
Footwear,Mens,Adult,Originals,Vulcanized Shoes Low,EF1883,NIZZA RF FTWWHT/FTWWHT/OWHITE,White,,4061623985835,192615427546,9, 44.0 , 80.0 ,USD,0, $35.42 
Footwear,Mens,Adult,Originals,Vulcanized Shoes Low,EF1883,NIZZA RF FTWWHT/FTWWHT/OWHITE,White,,4061623985873,192615427584,9-, 44.0 , 80.0 ,USD,0, $35.42 
Footwear,Mens,Adult,Originals,Vulcanized Shoes Low,EF1883,NIZZA RF FTWWHT/FTWWHT/OWHITE,White,,4061623988348,192615427621,10, 44.0 , 80.0 ,USD,0, $35.42 
Footwear,Mens,Adult,Originals,Vulcanized Shoes Low,EF1883,NIZZA RF FTWWHT/FTWWHT/OWHITE,White,,4061623985743,192615427454,10-, 44.0 , 80.0 ,USD,0, $35.42 
Footwear,Mens,Adult,Originals,Vulcanized Shoes Low,EF1883,NIZZA RF FTWWHT/FTWWHT/OWHITE,White,,4061623985828,192615427539,11, 44.0 , 80.0 ,USD,2, $35.42 
Footwear,Mens,Adult,Originals,Vulcanized Shoes Low,EF1883,NIZZA RF FTWWHT/FTWWHT/OWHITE,White,,4061623985798,192615427508,11-, 44.0 , 80.0 ,USD,0, $35.42 
Footwear,Mens,Adult,Originals,Vulcanized Shoes Low,EF1883,NIZZA RF FTWWHT/FTWWHT/OWHITE,White,,4061623985859,192615427560,12, 44.0 , 80.0 ,USD,0, $35.42 
Footwear,Mens,Adult,Originals,Vulcanized Shoes Low,EF1883,NIZZA RF FTWWHT/FTWWHT/OWHITE,White,,4061623988331,192615427614,12-, 44.0 , 80.0 ,USD,0, $35.42 
Footwear,Mens,Adult,Originals,Vulcanized Shoes Low,EF1883,NIZZA RF FTWWHT/FTWWHT/OWHITE,White,,4061623985750,192615427461,13, 44.0 , 80.0 ,USD,0, $35.42 
Footwear,Mens,Adult,Originals,Vulcanized Shoes Low,EF1883,NIZZA RF FTWWHT/FTWWHT/OWHITE,White,,4061623985729,192615423234,13-, 44.0 , 80.0 ,USD,0, $35.42 
Footwear,Mens,Adult,Originals,Vulcanized Shoes Low,EF1883,NIZZA RF FTWWHT/FTWWHT/OWHITE,White,,4061623985781,192615427492,14, 44.0 , 80.0 ,USD,0, $35.42 
Apparel,Mens,Adult,Hiking,Jacket (Filled Thin),JL9751,XPR LF JKT PRETEA,,,4068811806835,197626830187,XS, 95.0 , 190.0 ,USD,0, $76.48 
Apparel,Mens,Adult,Hiking,Jacket (Filled Thin),JL9751,XPR LF JKT PRETEA,,,4068811806927,197626830279,S, 95.0 , 190.0 ,USD,23, $76.48 
Apparel,Mens,Adult,Hiking,Jacket (Filled Thin),JL9751,XPR LF JKT PRETEA,,,4068811810597,197626830347,M, 95.0 , 190.0 ,USD,53, $76.48 
Apparel,Mens,Adult,Hiking,Jacket (Filled Thin),JL9751,XPR LF JKT PRETEA,,,4068811810580,197626830330,L, 95.0 , 190.0 ,USD,53, $76.48 
Apparel,Mens,Adult,Hiking,Jacket (Filled Thin),JL9751,XPR LF JKT PRETEA,,,4068811806934,197626830286,XL, 95.0 , 190.0 ,USD,33, $76.48 
Apparel,Mens,Adult,Hiking,Jacket (Filled Thin),JL9751,XPR LF JKT PRETEA,,,4068811806903,197626830255,2XL, 95.0 , 190.0 ,USD,5, $76.48 
Footwear,Unisex,Adult,Basketball,Shoes - Low (No-Fb),JI3425,JABBAR LO FTWWHT/ORBGRY/CREWHT,White,,4067904082637,197615729829,3-, 55.0 , 100.0 ,USD,0, $44.28 
Footwear,Unisex,Adult,Basketball,Shoes - Low (No-Fb),JI3425,JABBAR LO FTWWHT/ORBGRY/CREWHT,White,,4067904078920,197615726101,4, 55.0 , 100.0 ,USD,0, $44.28 
Footwear,Unisex,Adult,Basketball,Shoes - Low (No-Fb),JI3425,JABBAR LO FTWWHT/ORBGRY/CREWHT,White,,4067904078951,197615729768,4-, 55.0 , 100.0 ,USD,0, $44.28 
Footwear,Unisex,Adult,Basketball,Shoes - Low (No-Fb),JI3425,JABBAR LO FTWWHT/ORBGRY/CREWHT,White,,4067904078982,197615729751,5, 55.0 , 100.0 ,USD,0, $44.28 
Footwear,Unisex,Adult,Basketball,Shoes - Low (No-Fb),JI3425,JABBAR LO FTWWHT/ORBGRY/CREWHT,White,,4067904082743,197615729928,5-, 55.0 , 100.0 ,USD,0, $44.28 
Footwear,Unisex,Adult,Basketball,Shoes - Low (No-Fb),JI3425,JABBAR LO FTWWHT/ORBGRY/CREWHT,White,,4067904082736,197615729911,6, 55.0 , 100.0 ,USD,0, $44.28 
Footwear,Unisex,Adult,Basketball,Shoes - Low (No-Fb),JI3425,JABBAR LO FTWWHT/ORBGRY/CREWHT,White,,4067904078906,197615726088,6-, 55.0 , 100.0 ,USD,0, $44.28 
Footwear,Unisex,Adult,Basketball,Shoes - Low (No-Fb),JI3425,JABBAR LO FTWWHT/ORBGRY/CREWHT,White,,4067904082750,197615729935,7, 55.0 , 100.0 ,USD,0, $44.28 
Footwear,Unisex,Adult,Basketball,Shoes - Low (No-Fb),JI3425,JABBAR LO FTWWHT/ORBGRY/CREWHT,White,,4067904082705,197615729881,7-, 55.0 , 100.0 ,USD,0, $44.28 
Footwear,Unisex,Adult,Basketball,Shoes - Low (No-Fb),JI3425,JABBAR LO FTWWHT/ORBGRY/CREWHT,White,,4067904082699,197615729874,8, 55.0 , 100.0 ,USD,0, $44.28 
Footwear,Unisex,Adult,Basketball,Shoes - Low (No-Fb),JI3425,JABBAR LO FTWWHT/ORBGRY/CREWHT,White,,4067904079019,197615729799,8-, 55.0 , 100.0 ,USD,0, $44.28 
Footwear,Unisex,Adult,Basketball,Shoes - Low (No-Fb),JI3425,JABBAR LO FTWWHT/ORBGRY/CREWHT,White,,4067904078968,197615729737,9, 55.0 , 100.0 ,USD,0, $44.28 
Footwear,Unisex,Adult,Basketball,Shoes - Low (No-Fb),JI3425,JABBAR LO FTWWHT/ORBGRY/CREWHT,White,,4067904082767,197615729942,9-, 55.0 , 100.0 ,USD,0, $44.28 
Footwear,Unisex,Adult,Basketball,Shoes - Low (No-Fb),JI3425,JABBAR LO FTWWHT/ORBGRY/CREWHT,White,,4067904082682,197615729867,10, 55.0 , 100.0 ,USD,0, $44.28 
Footwear,Unisex,Adult,Basketball,Shoes - Low (No-Fb),JI3425,JABBAR LO FTWWHT/ORBGRY/CREWHT,White,,4067904078937,197615726118,10-, 55.0 , 100.0 ,USD,0, $44.28 
Footwear,Unisex,Adult,Basketball,Shoes - Low (No-Fb),JI3425,JABBAR LO FTWWHT/ORBGRY/CREWHT,White,,4067904078999,197615729775,11, 55.0 , 100.0 ,USD,0, $44.28 
Footwear,Unisex,Adult,Basketball,Shoes - Low (No-Fb),JI3425,JABBAR LO FTWWHT/ORBGRY/CREWHT,White,,4067904079002,197615729782,11-, 55.0 , 100.0 ,USD,0, $44.28 
Footwear,Unisex,Adult,Basketball,Shoes - Low (No-Fb),JI3425,JABBAR LO FTWWHT/ORBGRY/CREWHT,White,,4067904078944,197615726125,12, 55.0 , 100.0 ,USD,0, $44.28 
Footwear,Unisex,Adult,Basketball,Shoes - Low (No-Fb),JI3425,JABBAR LO FTWWHT/ORBGRY/CREWHT,White,,4067904082729,197615729904,12-, 55.0 , 100.0 ,USD,0, $44.28 
Footwear,Unisex,Adult,Basketball,Shoes - Low (No-Fb),JI3425,JABBAR LO FTWWHT/ORBGRY/CREWHT,White,,4067904082712,197615729898,13, 55.0 , 100.0 ,USD,0, $44.28 
Footwear,Unisex,Adult,Basketball,Shoes - Low (No-Fb),JI3425,JABBAR LO FTWWHT/ORBGRY/CREWHT,White,,4067904078913,197615726095,13-, 55.0 , 100.0 ,USD,9, $44.28 
Footwear,Unisex,Adult,Basketball,Shoes - Low (No-Fb),JI3425,JABBAR LO FTWWHT/ORBGRY/CREWHT,White,,4067904082668,197615729843,14, 55.0 , 100.0 ,USD,1, $44.28 
Footwear,Unisex,Adult,Basketball,Shoes - Low (No-Fb),JI3425,JABBAR LO FTWWHT/ORBGRY/CREWHT,White,,4067904082644,197615729836,14-, 55.0 , 100.0 ,USD,0, $44.28 
Footwear,Unisex,Adult,Basketball,Shoes - Low (No-Fb),JI3425,JABBAR LO FTWWHT/ORBGRY/CREWHT,White,,4067904078890,197615726071,15, 55.0 , 100.0 ,USD,0, $44.28 
Footwear,Unisex,Adult,Basketball,Shoes - Low (No-Fb),JI3425,JABBAR LO FTWWHT/ORBGRY/CREWHT,White,,4067904082651,197615729805,16, 55.0 , 100.0 ,USD,0, $44.28 
Footwear,Unisex,Adult,Basketball,Shoes - Low (No-Fb),JI3425,JABBAR LO FTWWHT/ORBGRY/CREWHT,White,,4067904082675,197615729850,17, 55.0 , 100.0 ,USD,0, $44.28 
Footwear,Unisex,Adult,Basketball,Shoes - Low (No-Fb),JI3425,JABBAR LO FTWWHT/ORBGRY/CREWHT,White,,4067904078975,197615729744,18, 55.0 , 100.0 ,USD,0, $44.28 
Footwear,Unisex,Adult,Basketball,Shoes - Low (No-Fb),JI3425,JABBAR LO FTWWHT/ORBGRY/CREWHT,White,,4067904082620,197615729812,19, 55.0 , 100.0 ,USD,0, $44.28 
Apparel,Mens,Adult,Not Sports Specific,Hooded Sweat,IJ6475,M 3S FL HD DGREYH,,,4066764808494,196471594688,2XS, 30.0 , 60.0 ,USD,0, $24.15 
Apparel,Mens,Adult,Not Sports Specific,Hooded Sweat,IJ6475,M 3S FL HD DGREYH,,,4066762214365,196469146349,XS, 30.0 , 60.0 ,USD,0, $24.15 
Apparel,Mens,Adult,Not Sports Specific,Hooded Sweat,IJ6475,M 3S FL HD DGREYH,,,4066762214372,196469146356,S, 30.0 , 60.0 ,USD,13, $24.15 
Apparel,Mens,Adult,Not Sports Specific,Hooded Sweat,IJ6475,M 3S FL HD DGREYH,,,4066762210633,196469142617,M, 30.0 , 60.0 ,USD,7, $24.15 
Apparel,Mens,Adult,Not Sports Specific,Hooded Sweat,IJ6475,M 3S FL HD DGREYH,,,4066762214242,196469142631,L, 30.0 , 60.0 ,USD,0, $24.15 
Apparel,Mens,Adult,Not Sports Specific,Hooded Sweat,IJ6475,M 3S FL HD DGREYH,,,4066762214419,196469146394,XL, 30.0 , 60.0 ,USD,0, $24.15 
Apparel,Mens,Adult,Not Sports Specific,Hooded Sweat,IJ6475,M 3S FL HD DGREYH,,,4066762214259,196469142648,2XL, 30.0 , 60.0 ,USD,0, $24.15 
Apparel,Mens,Adult,Not Sports Specific,Hooded Sweat,IJ6475,M 3S FL HD DGREYH,,,4066762214266,196469146288,3XL, 30.0 , 60.0 ,USD,0, $24.15 
Apparel,Mens,Adult,Not Sports Specific,Hooded Sweat,IJ6475,M 3S FL HD DGREYH,,,4066762214426,196469146400,4XL, 30.0 , 60.0 ,USD,0, $24.15 
Apparel,Mens,Adult,Not Sports Specific,Hooded Sweat,IJ6475,M 3S FL HD DGREYH,,,4067896936345,197610895468,ST, 30.0 , 60.0 ,USD,0, $24.15 
Apparel,Mens,Adult,Not Sports Specific,Hooded Sweat,IJ6475,M 3S FL HD DGREYH,,,4066762214402,196469146387,MT, 30.0 , 60.0 ,USD,0, $24.15 
Apparel,Mens,Adult,Not Sports Specific,Hooded Sweat,IJ6475,M 3S FL HD DGREYH,,,4066762214310,196469146295,LT, 30.0 , 60.0 ,USD,0, $24.15 
Apparel,Mens,Adult,Not Sports Specific,Hooded Sweat,IJ6475,M 3S FL HD DGREYH,,,4066762214433,196469146417,XLT, 30.0 , 60.0 ,USD,0, $24.15 
Apparel,Mens,Adult,Not Sports Specific,Hooded Sweat,IJ6475,M 3S FL HD DGREYH,,,4066762214327,196469146301,2XLT, 30.0 , 60.0 ,USD,0, $24.15 
Apparel,Mens,Adult,Not Sports Specific,Hooded Sweat,IJ6475,M 3S FL HD DGREYH,,,4066762214341,196469146325,3XLT, 30.0 , 60.0 ,USD,0, $24.15 
Apparel,Mens,Adult,Not Sports Specific,Hooded Sweat,IJ6475,M 3S FL HD DGREYH,,,4066762214303,196469146271,4XLT, 30.0 , 60.0 ,USD,0, $24.15 
Apparel,Mens,Adult,Not Sports Specific,Hooded Sweat,IJ6475,M 3S FL HD DGREYH,,,4066757898280,196466925282,MT2, 30.0 , 60.0 ,USD,0, $24.15 
Apparel,Mens,Adult,Not Sports Specific,Hooded Sweat,IJ6475,M 3S FL HD DGREYH,,,4066757898334,196466925336,LT2, 30.0 , 60.0 ,USD,0, $24.15 
Apparel,Mens,Adult,Not Sports Specific,Hooded Sweat,IJ6475,M 3S FL HD DGREYH,,,4066757898303,196466925305,XLT2, 30.0 , 60.0 ,USD,0, $24.15 
Apparel,Mens,Adult,Not Sports Specific,Hooded Sweat,IJ6475,M 3S FL HD DGREYH,,,4066757898273,196466925275,2XT2, 30.0 , 60.0 ,USD,0, $24.15 
Apparel,Mens,Adult,Not Sports Specific,Hooded Sweat,IJ6475,M 3S FL HD DGREYH,,,4066757898327,196466925329,3XT2, 30.0 , 60.0 ,USD,0, $24.15 
Apparel,Mens,Adult,Not Sports Specific,Hooded Sweat,IJ6475,M 3S FL HD DGREYH,,,4067896933665,197610895406,4XT2, 30.0 , 60.0 ,USD,0, $24.15 
Apparel,Mens,Adult,Not Sports Specific,Hooded Sweat,IJ6475,M 3S FL HD DGREYH,,,4066757898297,196466925299,LT3, 30.0 , 60.0 ,USD,0, $24.15 
Apparel,Mens,Adult,Not Sports Specific,Hooded Sweat,IJ6475,M 3S FL HD DGREYH,,,4066757898341,196466925343,XLT3, 30.0 , 60.0 ,USD,0, $24.15 
Apparel,Mens,Adult,Not Sports Specific,Hooded Sweat,IJ6475,M 3S FL HD DGREYH,,,4066757898310,196466925312,2XT3, 30.0 , 60.0 ,USD,0, $24.15 
Apparel,Mens,Adult,Not Sports Specific,Hooded Sweat,IJ6475,M 3S FL HD DGREYH,,,4067896933634,197610891781,3XT3, 30.0 , 60.0 ,USD,0, $24.15 
Apparel,Mens,Adult,Not Sports Specific,Hooded Sweat,IJ6475,M 3S FL HD DGREYH,,,4067896933689,197610895420,4XT3, 30.0 , 60.0 ,USD,0, $24.15 
Footwear,Womens,Adult,Tennis,Shoes - Low (No-Fb),JP9737,Defiant Speed 2 W FTWWHT/ASHPEA/BLIPNK,White,,4067906264987,197620694099,5, 66.0 , 120.0 ,USD,0, $53.13 
Footwear,Womens,Adult,Tennis,Shoes - Low (No-Fb),JP9737,Defiant Speed 2 W FTWWHT/ASHPEA/BLIPNK,White,,4067906268633,197620694150,5-, 66.0 , 120.0 ,USD,0, $53.13 
Footwear,Womens,Adult,Tennis,Shoes - Low (No-Fb),JP9737,Defiant Speed 2 W FTWWHT/ASHPEA/BLIPNK,White,,4067906268664,197620694181,6, 66.0 , 120.0 ,USD,0, $53.13 
Footwear,Womens,Adult,Tennis,Shoes - Low (No-Fb),JP9737,Defiant Speed 2 W FTWWHT/ASHPEA/BLIPNK,White,,4067906268619,197620694143,6-, 66.0 , 120.0 ,USD,7, $53.13 
Footwear,Womens,Adult,Tennis,Shoes - Low (No-Fb),JP9737,Defiant Speed 2 W FTWWHT/ASHPEA/BLIPNK,White,,4067906264963,197620690480,7, 66.0 , 120.0 ,USD,0, $53.13 
Footwear,Womens,Adult,Tennis,Shoes - Low (No-Fb),JP9737,Defiant Speed 2 W FTWWHT/ASHPEA/BLIPNK,White,,4067906268626,197620694105,7-, 66.0 , 120.0 ,USD,39, $53.13 
Footwear,Womens,Adult,Tennis,Shoes - Low (No-Fb),JP9737,Defiant Speed 2 W FTWWHT/ASHPEA/BLIPNK,White,,4067906268596,197620694112,8, 66.0 , 120.0 ,USD,14, $53.13 
Footwear,Womens,Adult,Tennis,Shoes - Low (No-Fb),JP9737,Defiant Speed 2 W FTWWHT/ASHPEA/BLIPNK,White,,4067906264970,197620694129,8-, 66.0 , 120.0 ,USD,25, $53.13 
Footwear,Womens,Adult,Tennis,Shoes - Low (No-Fb),JP9737,Defiant Speed 2 W FTWWHT/ASHPEA/BLIPNK,White,,4067906268640,197620694167,9, 66.0 , 120.0 ,USD,0, $53.13 
Footwear,Womens,Adult,Tennis,Shoes - Low (No-Fb),JP9737,Defiant Speed 2 W FTWWHT/ASHPEA/BLIPNK,White,,4067906268657,197620694174,9-, 66.0 , 120.0 ,USD,6, $53.13 
Footwear,Womens,Adult,Tennis,Shoes - Low (No-Fb),JP9737,Defiant Speed 2 W FTWWHT/ASHPEA/BLIPNK,White,,4067906268671,197620694198,10, 66.0 , 120.0 ,USD,0, $53.13 
Footwear,Womens,Adult,Tennis,Shoes - Low (No-Fb),JP9737,Defiant Speed 2 W FTWWHT/ASHPEA/BLIPNK,White,,4067906268688,197620694204,10-, 66.0 , 120.0 ,USD,0, $53.13 
Footwear,Womens,Adult,Tennis,Shoes - Low (No-Fb),JP9737,Defiant Speed 2 W FTWWHT/ASHPEA/BLIPNK,White,,4067906268602,197620694136,11, 66.0 , 120.0 ,USD,0, $53.13 
Footwear,Womens,Adult,Tennis,Shoes - Low (No-Fb),JP9737,Defiant Speed 2 W FTWWHT/ASHPEA/BLIPNK,White,,4067906264956,197620690473,11-, 66.0 , 120.0 ,USD,0, $53.13 
Footwear,Womens,Adult,Running,Shoes - Low (No-Fb),JH9022,ULTRABOOST 5X W FTWWHT/VIOTON/HIREYE,White,,4067892435750,197615566905,5, 99.0 , 180.0 ,USD,0, $79.70 
Footwear,Womens,Adult,Running,Shoes - Low (No-Fb),JH9022,ULTRABOOST 5X W FTWWHT/VIOTON/HIREYE,White,,4067892435781,197615566936,5-, 99.0 , 180.0 ,USD,0, $79.70 
Footwear,Womens,Adult,Running,Shoes - Low (No-Fb),JH9022,ULTRABOOST 5X W FTWWHT/VIOTON/HIREYE,White,,4067892435804,197615566950,6, 99.0 , 180.0 ,USD,0, $79.70 
Footwear,Womens,Adult,Running,Shoes - Low (No-Fb),JH9022,ULTRABOOST 5X W FTWWHT/VIOTON/HIREYE,White,,4067892435798,197615566943,6-, 99.0 , 180.0 ,USD,0, $79.70 
Footwear,Womens,Adult,Running,Shoes - Low (No-Fb),JH9022,ULTRABOOST 5X W FTWWHT/VIOTON/HIREYE,White,,4067892435811,197615566967,7, 99.0 , 180.0 ,USD,0, $79.70 
Footwear,Womens,Adult,Running,Shoes - Low (No-Fb),JH9022,ULTRABOOST 5X W FTWWHT/VIOTON/HIREYE,White,,4067892435873,197615570612,7-, 99.0 , 180.0 ,USD,2, $79.70 
Footwear,Womens,Adult,Running,Shoes - Low (No-Fb),JH9022,ULTRABOOST 5X W FTWWHT/VIOTON/HIREYE,White,,4067892435842,197615566998,8, 99.0 , 180.0 ,USD,3, $79.70 
Footwear,Womens,Adult,Running,Shoes - Low (No-Fb),JH9022,ULTRABOOST 5X W FTWWHT/VIOTON/HIREYE,White,,4067892435774,197615566929,8-, 99.0 , 180.0 ,USD,2, $79.70 
Footwear,Womens,Adult,Running,Shoes - Low (No-Fb),JH9022,ULTRABOOST 5X W FTWWHT/VIOTON/HIREYE,White,,4067892435897,197615570636,9, 99.0 , 180.0 ,USD,1, $79.70 
Footwear,Womens,Adult,Running,Shoes - Low (No-Fb),JH9022,ULTRABOOST 5X W FTWWHT/VIOTON/HIREYE,White,,4067892435767,197615566912,9-, 99.0 , 180.0 ,USD,1, $79.70 
Footwear,Womens,Adult,Running,Shoes - Low (No-Fb),JH9022,ULTRABOOST 5X W FTWWHT/VIOTON/HIREYE,White,,4067892435828,197615566974,10, 99.0 , 180.0 ,USD,0, $79.70 
Footwear,Womens,Adult,Running,Shoes - Low (No-Fb),JH9022,ULTRABOOST 5X W FTWWHT/VIOTON/HIREYE,White,,4067892435866,197615570643,10-, 99.0 , 180.0 ,USD,0, $79.70 
Footwear,Womens,Adult,Running,Shoes - Low (No-Fb),JH9022,ULTRABOOST 5X W FTWWHT/VIOTON/HIREYE,White,,4067892435880,197615570629,11, 99.0 , 180.0 ,USD,1, $79.70 
Footwear,Womens,Adult,Running,Shoes - Low (No-Fb),JH9022,ULTRABOOST 5X W FTWWHT/VIOTON/HIREYE,White,,4067892435835,197615566981,11-, 99.0 , 180.0 ,USD,0, $79.70 
Footwear,Womens,Adult,Running,Shoes - Low (No-Fb),JH9022,ULTRABOOST 5X W FTWWHT/VIOTON/HIREYE,White,,4067892435859,197615567001,12, 99.0 , 180.0 ,USD,0, $79.70 
Footwear,Unisex,Adult,Hiking,Shoes - Low (No-Fb),JR5301,TERREX WINTER SLIP ON COLD.RDY TRABRN/TRABRN/WONALU,Brown,,4068801188910,197621743086,4, 49.5 , 90.0 ,USD,0, $39.85 
Footwear,Unisex,Adult,Hiking,Shoes - Low (No-Fb),JR5301,TERREX WINTER SLIP ON COLD.RDY TRABRN/TRABRN/WONALU,Brown,,4068801188941,197621743116,4-, 49.5 , 90.0 ,USD,0, $39.85 
Footwear,Unisex,Adult,Hiking,Shoes - Low (No-Fb),JR5301,TERREX WINTER SLIP ON COLD.RDY TRABRN/TRABRN/WONALU,Brown,,4068801188989,197621746742,5, 49.5 , 90.0 ,USD,0, $39.85 
Footwear,Unisex,Adult,Hiking,Shoes - Low (No-Fb),JR5301,TERREX WINTER SLIP ON COLD.RDY TRABRN/TRABRN/WONALU,Brown,,4068801189009,197621746773,5-, 49.5 , 90.0 ,USD,0, $39.85 
Footwear,Unisex,Adult,Hiking,Shoes - Low (No-Fb),JR5301,TERREX WINTER SLIP ON COLD.RDY TRABRN/TRABRN/WONALU,Brown,,4068801188842,197621743017,6, 49.5 , 90.0 ,USD,0, $39.85 
Footwear,Unisex,Adult,Hiking,Shoes - Low (No-Fb),JR5301,TERREX WINTER SLIP ON COLD.RDY TRABRN/TRABRN/WONALU,Brown,,4068801188804,197621742980,6-, 49.5 , 90.0 ,USD,14, $39.85 
Footwear,Unisex,Adult,Hiking,Shoes - Low (No-Fb),JR5301,TERREX WINTER SLIP ON COLD.RDY TRABRN/TRABRN/WONALU,Brown,,4068801188866,197621743031,7, 49.5 , 90.0 ,USD,9, $39.85 
Footwear,Unisex,Adult,Hiking,Shoes - Low (No-Fb),JR5301,TERREX WINTER SLIP ON COLD.RDY TRABRN/TRABRN/WONALU,Brown,,4068801188903,197621743079,7-, 49.5 , 90.0 ,USD,10, $39.85 
Footwear,Unisex,Adult,Hiking,Shoes - Low (No-Fb),JR5301,TERREX WINTER SLIP ON COLD.RDY TRABRN/TRABRN/WONALU,Brown,,4068801188972,197621746735,8, 49.5 , 90.0 ,USD,7, $39.85 
Footwear,Unisex,Adult,Hiking,Shoes - Low (No-Fb),JR5301,TERREX WINTER SLIP ON COLD.RDY TRABRN/TRABRN/WONALU,Brown,,4068801188873,197621743048,8-, 49.5 , 90.0 ,USD,7, $39.85 
Footwear,Unisex,Adult,Hiking,Shoes - Low (No-Fb),JR5301,TERREX WINTER SLIP ON COLD.RDY TRABRN/TRABRN/WONALU,Brown,,4068801189016,197621746780,9, 49.5 , 90.0 ,USD,5, $39.85 
Footwear,Unisex,Adult,Hiking,Shoes - Low (No-Fb),JR5301,TERREX WINTER SLIP ON COLD.RDY TRABRN/TRABRN/WONALU,Brown,,4068801188965,197621746766,9-, 49.5 , 90.0 ,USD,4, $39.85 
Footwear,Unisex,Adult,Hiking,Shoes - Low (No-Fb),JR5301,TERREX WINTER SLIP ON COLD.RDY TRABRN/TRABRN/WONALU,Brown,,4068801188934,197621743109,10, 49.5 , 90.0 ,USD,2, $39.85 
Footwear,Unisex,Adult,Hiking,Shoes - Low (No-Fb),JR5301,TERREX WINTER SLIP ON COLD.RDY TRABRN/TRABRN/WONALU,Brown,,4068801188897,197621743062,10-, 49.5 , 90.0 ,USD,2, $39.85 
Footwear,Unisex,Adult,Hiking,Shoes - Low (No-Fb),JR5301,TERREX WINTER SLIP ON COLD.RDY TRABRN/TRABRN/WONALU,Brown,,4068801188996,197621746759,11, 49.5 , 90.0 ,USD,5, $39.85 
Footwear,Unisex,Adult,Hiking,Shoes - Low (No-Fb),JR5301,TERREX WINTER SLIP ON COLD.RDY TRABRN/TRABRN/WONALU,Brown,,4068801188880,197621743055,11-, 49.5 , 90.0 ,USD,3, $39.85 
Footwear,Unisex,Adult,Hiking,Shoes - Low (No-Fb),JR5301,TERREX WINTER SLIP ON COLD.RDY TRABRN/TRABRN/WONALU,Brown,,4068801188859,197621743024,12, 49.5 , 90.0 ,USD,0, $39.85 
Footwear,Unisex,Adult,Hiking,Shoes - Low (No-Fb),JR5301,TERREX WINTER SLIP ON COLD.RDY TRABRN/TRABRN/WONALU,Brown,,4068801188811,197621742997,12-, 49.5 , 90.0 ,USD,4, $39.85 
Footwear,Unisex,Adult,Hiking,Shoes - Low (No-Fb),JR5301,TERREX WINTER SLIP ON COLD.RDY TRABRN/TRABRN/WONALU,Brown,,4068801188828,197621743000,13, 49.5 , 90.0 ,USD,0, $39.85 
Footwear,Unisex,Adult,Hiking,Shoes - Low (No-Fb),JR5301,TERREX WINTER SLIP ON COLD.RDY TRABRN/TRABRN/WONALU,Brown,,4068801188927,197621743093,14, 49.5 , 90.0 ,USD,0, $39.85 
Footwear,Unisex,Adult,Hiking,Shoes - Low (No-Fb),JR5301,TERREX WINTER SLIP ON COLD.RDY TRABRN/TRABRN/WONALU,Brown,,4068801188958,197621743123,15, 49.5 , 90.0 ,USD,0, $39.85 
Apparel,Womens,Adult,Soccer,Shorts (1/4),HZ8279,TIRO23 CM SHOSW BLACK/WHITE,Black,,4065432874960,195744187718,2XS, 17.5 , 35.0 ,USD,0, $14.09 
Apparel,Womens,Adult,Soccer,Shorts (1/4),HZ8279,TIRO23 CM SHOSW BLACK/WHITE,Black,,4065432874984,195744187749,XS, 17.5 , 35.0 ,USD,60, $14.09 
Apparel,Womens,Adult,Soccer,Shorts (1/4),HZ8279,TIRO23 CM SHOSW BLACK/WHITE,Black,,4065432875127,195744187893,S, 17.5 , 35.0 ,USD,0, $14.09 
Apparel,Womens,Adult,Soccer,Shorts (1/4),HZ8279,TIRO23 CM SHOSW BLACK/WHITE,Black,,4065432875066,195744187824,M, 17.5 , 35.0 ,USD,1, $14.09 
Apparel,Womens,Adult,Soccer,Shorts (1/4),HZ8279,TIRO23 CM SHOSW BLACK/WHITE,Black,,4065432875042,195744187800,L, 17.5 , 35.0 ,USD,0, $14.09 
Apparel,Womens,Adult,Soccer,Shorts (1/4),HZ8279,TIRO23 CM SHOSW BLACK/WHITE,Black,,4065432875004,195744187763,XL, 17.5 , 35.0 ,USD,0, $14.09 
Apparel,Womens,Adult,Soccer,Shorts (1/4),HZ8279,TIRO23 CM SHOSW BLACK/WHITE,Black,,4065432875110,195744187879,2XL, 17.5 , 35.0 ,USD,0, $14.09 
Apparel,Womens,Adult,Soccer,Shorts (1/4),HZ8277,TIRO23 CM SHOSW TEPORE/WHITE,,,4065432633475,195744204910,2XS, 17.5 , 35.0 ,USD,0, $14.09 
Apparel,Womens,Adult,Soccer,Shorts (1/4),HZ8277,TIRO23 CM SHOSW TEPORE/WHITE,,,4065432633468,195744204941,XS, 17.5 , 35.0 ,USD,0, $14.09 
Apparel,Womens,Adult,Soccer,Shorts (1/4),HZ8277,TIRO23 CM SHOSW TEPORE/WHITE,,,4065432633536,195744207881,S, 17.5 , 35.0 ,USD,300+, $14.09 
Apparel,Womens,Adult,Soccer,Shorts (1/4),HZ8277,TIRO23 CM SHOSW TEPORE/WHITE,,,4065432633444,195744204927,M, 17.5 , 35.0 ,USD,0, $14.09 
Apparel,Womens,Adult,Soccer,Shorts (1/4),HZ8277,TIRO23 CM SHOSW TEPORE/WHITE,,,4065432633499,195744207874,L, 17.5 , 35.0 ,USD,0, $14.09 
Apparel,Womens,Adult,Soccer,Shorts (1/4),HZ8277,TIRO23 CM SHOSW TEPORE/WHITE,,,4065432633505,195744207843,XL, 17.5 , 35.0 ,USD,0, $14.09 
Apparel,Womens,Adult,Soccer,Shorts (1/4),HZ8277,TIRO23 CM SHOSW TEPORE/WHITE,,,4065432633581,195744207935,2XL, 17.5 , 35.0 ,USD,0, $14.09 
Apparel,Mens,Adult,Soccer,Jersey (Short Sl.),HA3516,CON22 MD JSY WHITE/WHITE,White,,4065424403307,195733291525,XS, 27.5 , 55.0 ,USD,0, $22.14 
Apparel,Mens,Adult,Soccer,Jersey (Short Sl.),HA3516,CON22 MD JSY WHITE/WHITE,White,,4065424407060,195733291693,S, 27.5 , 55.0 ,USD,4, $22.14 
Apparel,Mens,Adult,Soccer,Jersey (Short Sl.),HA3516,CON22 MD JSY WHITE/WHITE,White,,4065424407077,195733291709,M, 27.5 , 55.0 ,USD,0, $22.14 
Apparel,Mens,Adult,Soccer,Jersey (Short Sl.),HA3516,CON22 MD JSY WHITE/WHITE,White,,4065424407121,195733295387,L, 27.5 , 55.0 ,USD,35, $22.14 
Apparel,Mens,Adult,Soccer,Jersey (Short Sl.),HA3516,CON22 MD JSY WHITE/WHITE,White,,4065424406995,195733291631,XL, 27.5 , 55.0 ,USD,16, $22.14 
Apparel,Mens,Adult,Soccer,Jersey (Short Sl.),HA3516,CON22 MD JSY WHITE/WHITE,White,,4065424407046,195733291679,2XL, 27.5 , 55.0 ,USD,0, $22.14 
Apparel,Mens,Adult,Soccer,Jersey (Short Sl.),HA3517,CON22 MD JSY TMLGGR/WHITE,,,4065424372627,195733260866,XS, 27.5 , 55.0 ,USD,0, $22.14 
Apparel,Mens,Adult,Soccer,Jersey (Short Sl.),HA3517,CON22 MD JSY TMLGGR/WHITE,,,4065424372573,195733260804,S, 27.5 , 55.0 ,USD,18, $22.14 
Apparel,Mens,Adult,Soccer,Jersey (Short Sl.),HA3517,CON22 MD JSY TMLGGR/WHITE,,,4065424372641,195733260880,M, 27.5 , 55.0 ,USD,36, $22.14 
Apparel,Mens,Adult,Soccer,Jersey (Short Sl.),HA3517,CON22 MD JSY TMLGGR/WHITE,,,4065424372412,195733257064,L, 27.5 , 55.0 ,USD,11, $22.14 
Apparel,Mens,Adult,Soccer,Jersey (Short Sl.),HA3517,CON22 MD JSY TMLGGR/WHITE,,,4065424372566,195733260835,XL, 27.5 , 55.0 ,USD,6, $22.14 
Apparel,Mens,Adult,Soccer,Jersey (Short Sl.),HA3517,CON22 MD JSY TMLGGR/WHITE,,,4065424372610,195733260859,2XL, 27.5 , 55.0 ,USD,0, $22.14 
Apparel,Mens,Adult,Originals,Pants (1/1),IT8175,CARGO PANT BLACK,Black,,4066762463701,196469505689,XS, 37.5 , 75.0 ,USD,4, $30.19 
Apparel,Mens,Adult,Originals,Pants (1/1),IT8175,CARGO PANT BLACK,Black,,4066762460045,196469505610,S, 37.5 , 75.0 ,USD,97, $30.19 
Apparel,Mens,Adult,Originals,Pants (1/1),IT8175,CARGO PANT BLACK,Black,,4066762459971,196469505573,M, 37.5 , 75.0 ,USD,96, $30.19 
Apparel,Mens,Adult,Originals,Pants (1/1),IT8175,CARGO PANT BLACK,Black,,4066762460038,196469505603,L, 37.5 , 75.0 ,USD,98, $30.19 
Apparel,Mens,Adult,Originals,Pants (1/1),IT8175,CARGO PANT BLACK,Black,,4066762459995,196469505559,XL, 37.5 , 75.0 ,USD,59, $30.19 
Apparel,Mens,Adult,Originals,Pants (1/1),IT8175,CARGO PANT BLACK,Black,,4066762460021,196469505597,2XL, 37.5 , 75.0 ,USD,34, $30.19 
Apparel,Mens,Adult,Originals,Pants (1/1),IT8175,CARGO PANT BLACK,Black,,4066762459988,196469505542,3XL, 37.5 , 75.0 ,USD,0, $30.19 
Apparel,Mens,Adult,Originals,Pants (1/1),IT8175,CARGO PANT BLACK,Black,,4066762463695,196469505672,4XL, 37.5 , 75.0 ,USD,0, $30.19 
Apparel,Mens,Adult,Trail Running,T-Shirt (Short Sl.),JN8136,XPR TEE SEIMOR,,,4067891165399,197613735730,XS, 27.5 , 55.0 ,USD,0, $22.14 
Apparel,Mens,Adult,Trail Running,T-Shirt (Short Sl.),JN8136,XPR TEE SEIMOR,,,4067891165313,197613735648,S, 27.5 , 55.0 ,USD,4, $22.14 
Apparel,Mens,Adult,Trail Running,T-Shirt (Short Sl.),JN8136,XPR TEE SEIMOR,,,4067891165436,197613735761,M, 27.5 , 55.0 ,USD,1, $22.14 
Apparel,Mens,Adult,Trail Running,T-Shirt (Short Sl.),JN8136,XPR TEE SEIMOR,,,4067891165450,197613739387,L, 27.5 , 55.0 ,USD,14, $22.14 
Apparel,Mens,Adult,Trail Running,T-Shirt (Short Sl.),JN8136,XPR TEE SEIMOR,,,4067891165382,197613735723,XL, 27.5 , 55.0 ,USD,12, $22.14 
Apparel,Mens,Adult,Trail Running,T-Shirt (Short Sl.),JN8136,XPR TEE SEIMOR,,,4067891165467,197613739394,2XL, 27.5 , 55.0 ,USD,6, $22.14 
Footwear,Womens,Adult,Tennis,Shoes - Low (No-Fb),JP7319,Avacourt 2 BLIPNK/SILVMT/LUCPNK,,,4067903865392,197613319664,5, 82.5 , 150.0 ,USD,0, $66.41 
Footwear,Womens,Adult,Tennis,Shoes - Low (No-Fb),JP7319,Avacourt 2 BLIPNK/SILVMT/LUCPNK,,,4067903865415,197613319688,5-, 82.5 , 150.0 ,USD,0, $66.41 
Footwear,Womens,Adult,Tennis,Shoes - Low (No-Fb),JP7319,Avacourt 2 BLIPNK/SILVMT/LUCPNK,,,4067903865156,197613316007,6, 82.5 , 150.0 ,USD,13, $66.41 
Footwear,Womens,Adult,Tennis,Shoes - Low (No-Fb),JP7319,Avacourt 2 BLIPNK/SILVMT/LUCPNK,,,4067903865149,197613315994,6-, 82.5 , 150.0 ,USD,8, $66.41 
Footwear,Womens,Adult,Tennis,Shoes - Low (No-Fb),JP7319,Avacourt 2 BLIPNK/SILVMT/LUCPNK,,,4067903865378,197613319640,7, 82.5 , 150.0 ,USD,74, $66.41 
Footwear,Womens,Adult,Tennis,Shoes - Low (No-Fb),JP7319,Avacourt 2 BLIPNK/SILVMT/LUCPNK,,,4067903865385,197613319657,7-, 82.5 , 150.0 ,USD,111, $66.41 
Footwear,Womens,Adult,Tennis,Shoes - Low (No-Fb),JP7319,Avacourt 2 BLIPNK/SILVMT/LUCPNK,,,4067903865361,197613319633,8, 82.5 , 150.0 ,USD,49, $66.41 
Footwear,Womens,Adult,Tennis,Shoes - Low (No-Fb),JP7319,Avacourt 2 BLIPNK/SILVMT/LUCPNK,,,4067903865118,197613315963,8-, 82.5 , 150.0 ,USD,69, $66.41 
Footwear,Womens,Adult,Tennis,Shoes - Low (No-Fb),JP7319,Avacourt 2 BLIPNK/SILVMT/LUCPNK,,,4067903865408,197613319671,9, 82.5 , 150.0 ,USD,33, $66.41 
Footwear,Womens,Adult,Tennis,Shoes - Low (No-Fb),JP7319,Avacourt 2 BLIPNK/SILVMT/LUCPNK,,,4067903869062,197613319695,9-, 82.5 , 150.0 ,USD,24, $66.41 
Footwear,Womens,Adult,Tennis,Shoes - Low (No-Fb),JP7319,Avacourt 2 BLIPNK/SILVMT/LUCPNK,,,4067903865163,197613319626,10, 82.5 , 150.0 ,USD,27, $66.41 
Footwear,Womens,Adult,Tennis,Shoes - Low (No-Fb),JP7319,Avacourt 2 BLIPNK/SILVMT/LUCPNK,,,4067903865170,197613319619,10-, 82.5 , 150.0 ,USD,0, $66.41 
Footwear,Womens,Adult,Tennis,Shoes - Low (No-Fb),JP7319,Avacourt 2 BLIPNK/SILVMT/LUCPNK,,,4067903865132,197613315987,11, 82.5 , 150.0 ,USD,11, $66.41 
Footwear,Womens,Adult,Tennis,Shoes - Low (No-Fb),JP7319,Avacourt 2 BLIPNK/SILVMT/LUCPNK,,,4067903865125,197613315970,11-, 82.5 , 150.0 ,USD,0, $66.41 
Apparel,Womens,Adult,Originals,Pants (1/1),JF1292,3S CARGO PANTS BLACK,Black,,4067903971673,197613360826,2XSP, 40.0 , 80.0 ,USD,0, $32.20 
Apparel,Womens,Adult,Originals,Pants (1/1),JF1292,3S CARGO PANTS BLACK,Black,,4067903971727,197613360871,XS/P, 40.0 , 80.0 ,USD,0, $32.20 
Apparel,Womens,Adult,Originals,Pants (1/1),JF1292,3S CARGO PANTS BLACK,Black,,4067903975589,197613364497,S/P, 40.0 , 80.0 ,USD,0, $32.20 
Apparel,Womens,Adult,Originals,Pants (1/1),JF1292,3S CARGO PANTS BLACK,Black,,4067903975640,197613364558,M/P, 40.0 , 80.0 ,USD,0, $32.20 
Apparel,Womens,Adult,Originals,Pants (1/1),JF1292,3S CARGO PANTS BLACK,Black,,4067903975619,197613364510,L/P, 40.0 , 80.0 ,USD,0, $32.20 
Apparel,Womens,Adult,Originals,Pants (1/1),JF1292,3S CARGO PANTS BLACK,Black,,4067903971567,197613360710,XL/P, 40.0 , 80.0 ,USD,0, $32.20 
Apparel,Womens,Adult,Originals,Pants (1/1),JF1292,3S CARGO PANTS BLACK,Black,,4067903971598,197613360741,2XLP, 40.0 , 80.0 ,USD,0, $32.20 
Apparel,Womens,Adult,Originals,Pants (1/1),JF1292,3S CARGO PANTS BLACK,Black,,4067889094458,196478584231,2XS, 40.0 , 80.0 ,USD,0, $32.20 
Apparel,Womens,Adult,Originals,Pants (1/1),JF1292,3S CARGO PANTS BLACK,Black,,4067889094465,196478584248,XS, 40.0 , 80.0 ,USD,2, $32.20 
Apparel,Womens,Adult,Originals,Pants (1/1),JF1292,3S CARGO PANTS BLACK,Black,,4067889094496,196478584279,S, 40.0 , 80.0 ,USD,1, $32.20 
Apparel,Womens,Adult,Originals,Pants (1/1),JF1292,3S CARGO PANTS BLACK,Black,,4067889094434,196478584217,M, 40.0 , 80.0 ,USD,6, $32.20 
Apparel,Womens,Adult,Originals,Pants (1/1),JF1292,3S CARGO PANTS BLACK,Black,,4067889094526,196478584309,L, 40.0 , 80.0 ,USD,0, $32.20 
Apparel,Womens,Adult,Originals,Pants (1/1),JF1292,3S CARGO PANTS BLACK,Black,,4067889094397,196478584170,XL, 40.0 , 80.0 ,USD,1, $32.20 
Apparel,Womens,Adult,Originals,Pants (1/1),JF1292,3S CARGO PANTS BLACK,Black,,4067889094540,196478584323,2XL, 40.0 , 80.0 ,USD,0, $32.20 
Apparel,Womens,Adult,Originals,Pants (1/1),JF1292,3S CARGO PANTS BLACK,Black,,4067903971642,197613360796,ST, 40.0 , 80.0 ,USD,0, $32.20 
Apparel,Womens,Adult,Originals,Pants (1/1),JF1292,3S CARGO PANTS BLACK,Black,,4067903971659,197613360802,MT, 40.0 , 80.0 ,USD,0, $32.20 
Apparel,Womens,Adult,Originals,Pants (1/1),JF1292,3S CARGO PANTS BLACK,Black,,4067903975336,197613364527,LT, 40.0 , 80.0 ,USD,0, $32.20 
Apparel,Womens,Adult,Originals,Pants (1/1),JF1292,3S CARGO PANTS BLACK,Black,,4067903971710,197613360864,XLT, 40.0 , 80.0 ,USD,0, $32.20 
Apparel,Womens,Adult,Originals,Pants (1/1),JF1292,3S CARGO PANTS BLACK,Black,,4067903975633,197613364541,2XLT, 40.0 , 80.0 ,USD,0, $32.20 
Footwear,Mens,Adult,Tennis,Shoes - Low (No-Fb),JR2714,adizero Ubersonic 5 M FTWWHT/AURIVY/LUCLEM,White,,4068802957225,197620740277,6-, 82.5 , 150.0 ,USD,0, $66.41 
Footwear,Mens,Adult,Tennis,Shoes - Low (No-Fb),JR2714,adizero Ubersonic 5 M FTWWHT/AURIVY/LUCLEM,White,,4068802957249,197620740291,7, 82.5 , 150.0 ,USD,0, $66.41 
Footwear,Mens,Adult,Tennis,Shoes - Low (No-Fb),JR2714,adizero Ubersonic 5 M FTWWHT/AURIVY/LUCLEM,White,,4068802957232,197620740284,7-, 82.5 , 150.0 ,USD,0, $66.41 
Footwear,Mens,Adult,Tennis,Shoes - Low (No-Fb),JR2714,adizero Ubersonic 5 M FTWWHT/AURIVY/LUCLEM,White,,4068802960942,197620740390,8, 82.5 , 150.0 ,USD,0, $66.41 
Footwear,Mens,Adult,Tennis,Shoes - Low (No-Fb),JR2714,adizero Ubersonic 5 M FTWWHT/AURIVY/LUCLEM,White,,4068802957195,197620740246,8-, 82.5 , 150.0 ,USD,0, $66.41 
Footwear,Mens,Adult,Tennis,Shoes - Low (No-Fb),JR2714,adizero Ubersonic 5 M FTWWHT/AURIVY/LUCLEM,White,,4068802957188,197620740239,9, 82.5 , 150.0 ,USD,0, $66.41 
Footwear,Mens,Adult,Tennis,Shoes - Low (No-Fb),JR2714,adizero Ubersonic 5 M FTWWHT/AURIVY/LUCLEM,White,,4068802960904,197620740352,9-, 82.5 , 150.0 ,USD,0, $66.41 
Footwear,Mens,Adult,Tennis,Shoes - Low (No-Fb),JR2714,adizero Ubersonic 5 M FTWWHT/AURIVY/LUCLEM,White,,4068802957218,197620740260,10, 82.5 , 150.0 ,USD,7, $66.41 
Footwear,Mens,Adult,Tennis,Shoes - Low (No-Fb),JR2714,adizero Ubersonic 5 M FTWWHT/AURIVY/LUCLEM,White,,4068802957287,197620740338,10-, 82.5 , 150.0 ,USD,0, $66.41 
Footwear,Mens,Adult,Tennis,Shoes - Low (No-Fb),JR2714,adizero Ubersonic 5 M FTWWHT/AURIVY/LUCLEM,White,,4068802957171,197620740222,11, 82.5 , 150.0 ,USD,0, $66.41 
Footwear,Mens,Adult,Tennis,Shoes - Low (No-Fb),JR2714,adizero Ubersonic 5 M FTWWHT/AURIVY/LUCLEM,White,,4068802957263,197620740314,11-, 82.5 , 150.0 ,USD,0, $66.41 
Footwear,Mens,Adult,Tennis,Shoes - Low (No-Fb),JR2714,adizero Ubersonic 5 M FTWWHT/AURIVY/LUCLEM,White,,4068802957294,197620740345,12, 82.5 , 150.0 ,USD,0, $66.41 
Footwear,Mens,Adult,Tennis,Shoes - Low (No-Fb),JR2714,adizero Ubersonic 5 M FTWWHT/AURIVY/LUCLEM,White,,4068802960928,197620740376,12-, 82.5 , 150.0 ,USD,0, $66.41 
Footwear,Mens,Adult,Tennis,Shoes - Low (No-Fb),JR2714,adizero Ubersonic 5 M FTWWHT/AURIVY/LUCLEM,White,,4068802957201,197620740253,13, 82.5 , 150.0 ,USD,0, $66.41 
Footwear,Mens,Adult,Tennis,Shoes - Low (No-Fb),JR2714,adizero Ubersonic 5 M FTWWHT/AURIVY/LUCLEM,White,,4068802960911,197620740369,13-, 82.5 , 150.0 ,USD,0, $66.41 
Footwear,Mens,Adult,Tennis,Shoes - Low (No-Fb),JR2714,adizero Ubersonic 5 M FTWWHT/AURIVY/LUCLEM,White,,4068802957270,197620740321,14, 82.5 , 150.0 ,USD,0, $66.41 
Footwear,Mens,Adult,Tennis,Shoes - Low (No-Fb),JR2714,adizero Ubersonic 5 M FTWWHT/AURIVY/LUCLEM,White,,4068802960935,197620740383,14-, 82.5 , 150.0 ,USD,1, $66.41 
Footwear,Mens,Adult,Tennis,Shoes - Low (No-Fb),JR2714,adizero Ubersonic 5 M FTWWHT/AURIVY/LUCLEM,White,,4068802957256,197620740307,16, 82.5 , 150.0 ,USD,0, $66.41 
Apparel,Mens,Adult,Originals,Hooded Sweat,JD2400,ESS HD SILGRN,,,4067902705453,197613068142,XS, 30.0 , 60.0 ,USD,0, $24.15 
Apparel,Mens,Adult,Originals,Hooded Sweat,JD2400,ESS HD SILGRN,,,4067902709116,197613068210,S, 30.0 , 60.0 ,USD,284, $24.15 
Apparel,Mens,Adult,Originals,Hooded Sweat,JD2400,ESS HD SILGRN,,,4067902709147,197613068227,M, 30.0 , 60.0 ,USD,300+, $24.15 
Apparel,Mens,Adult,Originals,Hooded Sweat,JD2400,ESS HD SILGRN,,,4067902705422,197613068111,L, 30.0 , 60.0 ,USD,300+, $24.15 
Apparel,Mens,Adult,Originals,Hooded Sweat,JD2400,ESS HD SILGRN,,,4067902705408,197613068098,XL, 30.0 , 60.0 ,USD,300+, $24.15 
Apparel,Mens,Adult,Originals,Hooded Sweat,JD2400,ESS HD SILGRN,,,4067902709185,197613068272,2XL, 30.0 , 60.0 ,USD,276, $24.15 
Apparel,Mens,Adult,Originals,Hooded Sweat,IY4863,SST HD NINDIG/CLESKY,Blue,,4067894743327,196479729891,XS, 35.0 , 70.0 ,USD,8, $28.18 
Apparel,Mens,Adult,Originals,Hooded Sweat,IY4863,SST HD NINDIG/CLESKY,Blue,,4067894743495,196479733652,S, 35.0 , 70.0 ,USD,43, $28.18 
Apparel,Mens,Adult,Originals,Hooded Sweat,IY4863,SST HD NINDIG/CLESKY,Blue,,4067894743419,196479729976,M, 35.0 , 70.0 ,USD,49, $28.18 
Apparel,Mens,Adult,Originals,Hooded Sweat,IY4863,SST HD NINDIG/CLESKY,Blue,,4067894743440,196479733638,L, 35.0 , 70.0 ,USD,53, $28.18 
Apparel,Mens,Adult,Originals,Hooded Sweat,IY4863,SST HD NINDIG/CLESKY,Blue,,4067894743365,196479729921,XL, 35.0 , 70.0 ,USD,65, $28.18 
Apparel,Mens,Adult,Originals,Hooded Sweat,IY4863,SST HD NINDIG/CLESKY,Blue,,4067894739948,196479729860,2XL, 35.0 , 70.0 ,USD,9, $28.18 
Footwear,Mens,Adult,Hiking,Shoes - Mid (No-Fb),JS1431,TERREX ANYLANDER CLIMAWARM + CARDBO/CARDBO/CBLACK,Beige,,4067907370328,197621911430,6, 66.0 , 120.0 ,USD,0, $53.13 
Footwear,Mens,Adult,Hiking,Shoes - Mid (No-Fb),JS1431,TERREX ANYLANDER CLIMAWARM + CARDBO/CARDBO/CBLACK,Beige,,4067907370274,197621911379,6-, 66.0 , 120.0 ,USD,0, $53.13 
Footwear,Mens,Adult,Hiking,Shoes - Mid (No-Fb),JS1431,TERREX ANYLANDER CLIMAWARM + CARDBO/CARDBO/CBLACK,Beige,,4067907370267,197621911362,7, 66.0 , 120.0 ,USD,0, $53.13 
Footwear,Mens,Adult,Hiking,Shoes - Mid (No-Fb),JS1431,TERREX ANYLANDER CLIMAWARM + CARDBO/CARDBO/CBLACK,Beige,,4067907370335,197621911447,7-, 66.0 , 120.0 ,USD,0, $53.13 
Footwear,Mens,Adult,Hiking,Shoes - Mid (No-Fb),JS1431,TERREX ANYLANDER CLIMAWARM + CARDBO/CARDBO/CBLACK,Beige,,4067907370397,197621911508,8, 66.0 , 120.0 ,USD,0, $53.13 
Footwear,Mens,Adult,Hiking,Shoes - Mid (No-Fb),JS1431,TERREX ANYLANDER CLIMAWARM + CARDBO/CARDBO/CBLACK,Beige,,4067907370342,197621911454,8-, 66.0 , 120.0 ,USD,0, $53.13 
Footwear,Mens,Adult,Hiking,Shoes - Mid (No-Fb),JS1431,TERREX ANYLANDER CLIMAWARM + CARDBO/CARDBO/CBLACK,Beige,,4067907370403,197621911515,9, 66.0 , 120.0 ,USD,0, $53.13 
Footwear,Mens,Adult,Hiking,Shoes - Mid (No-Fb),JS1431,TERREX ANYLANDER CLIMAWARM + CARDBO/CARDBO/CBLACK,Beige,,4067907370281,197621911386,9-, 66.0 , 120.0 ,USD,0, $53.13 
Footwear,Mens,Adult,Hiking,Shoes - Mid (No-Fb),JS1431,TERREX ANYLANDER CLIMAWARM + CARDBO/CARDBO/CBLACK,Beige,,4067907370250,197621911393,10, 66.0 , 120.0 ,USD,0, $53.13 
Footwear,Mens,Adult,Hiking,Shoes - Mid (No-Fb),JS1431,TERREX ANYLANDER CLIMAWARM + CARDBO/CARDBO/CBLACK,Beige,,4067907370373,197621911485,10-, 66.0 , 120.0 ,USD,0, $53.13 
Footwear,Mens,Adult,Hiking,Shoes - Mid (No-Fb),JS1431,TERREX ANYLANDER CLIMAWARM + CARDBO/CARDBO/CBLACK,Beige,,4067907370298,197621911409,11, 66.0 , 120.0 ,USD,7, $53.13 
Footwear,Mens,Adult,Hiking,Shoes - Mid (No-Fb),JS1431,TERREX ANYLANDER CLIMAWARM + CARDBO/CARDBO/CBLACK,Beige,,4067907370359,197621911461,11-, 66.0 , 120.0 ,USD,8, $53.13 
Footwear,Mens,Adult,Hiking,Shoes - Mid (No-Fb),JS1431,TERREX ANYLANDER CLIMAWARM + CARDBO/CARDBO/CBLACK,Beige,,4067907370311,197621911423,12, 66.0 , 120.0 ,USD,12, $53.13 
Footwear,Mens,Adult,Hiking,Shoes - Mid (No-Fb),JS1431,TERREX ANYLANDER CLIMAWARM + CARDBO/CARDBO/CBLACK,Beige,,4067907370366,197621911478,12-, 66.0 , 120.0 ,USD,0, $53.13 
Footwear,Mens,Adult,Hiking,Shoes - Mid (No-Fb),JS1431,TERREX ANYLANDER CLIMAWARM + CARDBO/CARDBO/CBLACK,Beige,,4067907370243,197621907754,13, 66.0 , 120.0 ,USD,11, $53.13 
Footwear,Mens,Adult,Hiking,Shoes - Mid (No-Fb),JS1431,TERREX ANYLANDER CLIMAWARM + CARDBO/CARDBO/CBLACK,Beige,,4067907370304,197621911416,14, 66.0 , 120.0 ,USD,1, $53.13 
Footwear,Mens,Adult,Hiking,Shoes - Mid (No-Fb),JS1431,TERREX ANYLANDER CLIMAWARM + CARDBO/CARDBO/CBLACK,Beige,,4067907370380,197621911492,15, 66.0 , 120.0 ,USD,0, $53.13 
Footwear,Womens,Adult,Originals,Shoes - Low (No-Fb),JS2760,CAMPUS 00s W EARSTR/CWHITE/EARSTR,,,4067892067500,197615188107,5, 60.5 , 110.0 ,USD,0, $48.70 
Footwear,Womens,Adult,Originals,Shoes - Low (No-Fb),JS2760,CAMPUS 00s W EARSTR/CWHITE/EARSTR,,,4067892067524,197615188121,5-, 60.5 , 110.0 ,USD,0, $48.70 
Footwear,Womens,Adult,Originals,Shoes - Low (No-Fb),JS2760,CAMPUS 00s W EARSTR/CWHITE/EARSTR,,,4067892067531,197615188138,6, 60.5 , 110.0 ,USD,179, $48.70 
Footwear,Womens,Adult,Originals,Shoes - Low (No-Fb),JS2760,CAMPUS 00s W EARSTR/CWHITE/EARSTR,,,4067892067463,197615188060,6-, 60.5 , 110.0 ,USD,235, $48.70 
Footwear,Womens,Adult,Originals,Shoes - Low (No-Fb),JS2760,CAMPUS 00s W EARSTR/CWHITE/EARSTR,,,4067892071149,197615188145,7, 60.5 , 110.0 ,USD,265, $48.70 
Footwear,Womens,Adult,Originals,Shoes - Low (No-Fb),JS2760,CAMPUS 00s W EARSTR/CWHITE/EARSTR,,,4067892067494,197615188091,7-, 60.5 , 110.0 ,USD,213, $48.70 
Footwear,Womens,Adult,Originals,Shoes - Low (No-Fb),JS2760,CAMPUS 00s W EARSTR/CWHITE/EARSTR,,,4067892067456,197615188053,8, 60.5 , 110.0 ,USD,240, $48.70 
Footwear,Womens,Adult,Originals,Shoes - Low (No-Fb),JS2760,CAMPUS 00s W EARSTR/CWHITE/EARSTR,,,4067892067517,197615188114,8-, 60.5 , 110.0 ,USD,173, $48.70 
Footwear,Womens,Adult,Originals,Shoes - Low (No-Fb),JS2760,CAMPUS 00s W EARSTR/CWHITE/EARSTR,,,4067892071163,197615188169,9, 60.5 , 110.0 ,USD,101, $48.70 
Footwear,Womens,Adult,Originals,Shoes - Low (No-Fb),JS2760,CAMPUS 00s W EARSTR/CWHITE/EARSTR,,,4067892067470,197615188077,9-, 60.5 , 110.0 ,USD,43, $48.70 
Footwear,Womens,Adult,Originals,Shoes - Low (No-Fb),JS2760,CAMPUS 00s W EARSTR/CWHITE/EARSTR,,,4067892071156,197615188152,10, 60.5 , 110.0 ,USD,44, $48.70 
Footwear,Womens,Adult,Originals,Shoes - Low (No-Fb),JS2760,CAMPUS 00s W EARSTR/CWHITE/EARSTR,,,4067892067487,197615188084,10-, 60.5 , 110.0 ,USD,0, $48.70 
Footwear,Womens,Adult,Originals,Shoes - Low (No-Fb),JS2760,CAMPUS 00s W EARSTR/CWHITE/EARSTR,,,4067892071170,197615188176,11, 60.5 , 110.0 ,USD,67, $48.70 
Footwear,Mens,Adult,Tennis,Shoes - Low (No-Fb),JH5138,Defiant Speed 2 M LUCLEM/SILVMT/AURIVY,,,4067903750315,197613426584,6-, 66.0 , 120.0 ,USD,0, $53.13 
Footwear,Mens,Adult,Tennis,Shoes - Low (No-Fb),JH5138,Defiant Speed 2 M LUCLEM/SILVMT/AURIVY,,,4067903750407,197613430260,7, 66.0 , 120.0 ,USD,0, $53.13 
Footwear,Mens,Adult,Tennis,Shoes - Low (No-Fb),JH5138,Defiant Speed 2 M LUCLEM/SILVMT/AURIVY,,,4067903750353,197613426621,7-, 66.0 , 120.0 ,USD,0, $53.13 
Footwear,Mens,Adult,Tennis,Shoes - Low (No-Fb),JH5138,Defiant Speed 2 M LUCLEM/SILVMT/AURIVY,,,4067903750391,197613430253,8, 66.0 , 120.0 ,USD,0, $53.13 
Footwear,Mens,Adult,Tennis,Shoes - Low (No-Fb),JH5138,Defiant Speed 2 M LUCLEM/SILVMT/AURIVY,,,4067903750322,197613426591,8-, 66.0 , 120.0 ,USD,4, $53.13 
Footwear,Mens,Adult,Tennis,Shoes - Low (No-Fb),JH5138,Defiant Speed 2 M LUCLEM/SILVMT/AURIVY,,,4067903750247,197613426515,9, 66.0 , 120.0 ,USD,0, $53.13 
Footwear,Mens,Adult,Tennis,Shoes - Low (No-Fb),JH5138,Defiant Speed 2 M LUCLEM/SILVMT/AURIVY,,,4067903750278,197613426546,9-, 66.0 , 120.0 ,USD,39, $53.13 
Footwear,Mens,Adult,Tennis,Shoes - Low (No-Fb),JH5138,Defiant Speed 2 M LUCLEM/SILVMT/AURIVY,,,4067903750339,197613426607,10, 66.0 , 120.0 ,USD,6, $53.13 
Footwear,Mens,Adult,Tennis,Shoes - Low (No-Fb),JH5138,Defiant Speed 2 M LUCLEM/SILVMT/AURIVY,,,4067903750292,197613426560,10-, 66.0 , 120.0 ,USD,24, $53.13 
Footwear,Mens,Adult,Tennis,Shoes - Low (No-Fb),JH5138,Defiant Speed 2 M LUCLEM/SILVMT/AURIVY,,,4067903750308,197613426577,11, 66.0 , 120.0 ,USD,24, $53.13 
Footwear,Mens,Adult,Tennis,Shoes - Low (No-Fb),JH5138,Defiant Speed 2 M LUCLEM/SILVMT/AURIVY,,,4067903750254,197613426522,11-, 66.0 , 120.0 ,USD,15, $53.13 
Footwear,Mens,Adult,Tennis,Shoes - Low (No-Fb),JH5138,Defiant Speed 2 M LUCLEM/SILVMT/AURIVY,,,4067903750377,197613426645,12, 66.0 , 120.0 ,USD,20, $53.13 
Footwear,Mens,Adult,Tennis,Shoes - Low (No-Fb),JH5138,Defiant Speed 2 M LUCLEM/SILVMT/AURIVY,,,4067903750384,197613430284,12-, 66.0 , 120.0 ,USD,0, $53.13 
Footwear,Mens,Adult,Tennis,Shoes - Low (No-Fb),JH5138,Defiant Speed 2 M LUCLEM/SILVMT/AURIVY,,,4067903750360,197613426638,13, 66.0 , 120.0 ,USD,3, $53.13 
Footwear,Mens,Adult,Tennis,Shoes - Low (No-Fb),JH5138,Defiant Speed 2 M LUCLEM/SILVMT/AURIVY,,,4067903750261,197613426539,13-, 66.0 , 120.0 ,USD,0, $53.13 
Footwear,Mens,Adult,Tennis,Shoes - Low (No-Fb),JH5138,Defiant Speed 2 M LUCLEM/SILVMT/AURIVY,,,4067903750346,197613426614,14, 66.0 , 120.0 ,USD,0, $53.13 
Footwear,Mens,Adult,Tennis,Shoes - Low (No-Fb),JH5138,Defiant Speed 2 M LUCLEM/SILVMT/AURIVY,,,4067903750230,197613426508,14-, 66.0 , 120.0 ,USD,0, $53.13 
Footwear,Mens,Adult,Tennis,Shoes - Low (No-Fb),JH5138,Defiant Speed 2 M LUCLEM/SILVMT/AURIVY,,,4067903750285,197613426553,16, 66.0 , 120.0 ,USD,0, $53.13 
Footwear,Mens,Adult,Sportswear,Shoes - Low (No-Fb),JR0547,LITE RACER ADAPT 7.0 GRETWO/GREONE/FTWWHT,,,4067905706815,196475498821,6-, 38.5 , 70.0 ,USD,4, $30.99 
Footwear,Mens,Adult,Sportswear,Shoes - Low (No-Fb),JR0547,LITE RACER ADAPT 7.0 GRETWO/GREONE/FTWWHT,,,4067905706792,196475498807,7, 38.5 , 70.0 ,USD,0, $30.99 
Footwear,Mens,Adult,Sportswear,Shoes - Low (No-Fb),JR0547,LITE RACER ADAPT 7.0 GRETWO/GREONE/FTWWHT,,,4067905706853,196475502467,7-, 38.5 , 70.0 ,USD,0, $30.99 
Footwear,Mens,Adult,Sportswear,Shoes - Low (No-Fb),JR0547,LITE RACER ADAPT 7.0 GRETWO/GREONE/FTWWHT,,,4067905706808,196475498814,8, 38.5 , 70.0 ,USD,0, $30.99 
Footwear,Mens,Adult,Sportswear,Shoes - Low (No-Fb),JR0547,LITE RACER ADAPT 7.0 GRETWO/GREONE/FTWWHT,,,4067905706846,196475502450,8-, 38.5 , 70.0 ,USD,2, $30.99 
Footwear,Mens,Adult,Sportswear,Shoes - Low (No-Fb),JR0547,LITE RACER ADAPT 7.0 GRETWO/GREONE/FTWWHT,,,4067905706778,196475498791,9, 38.5 , 70.0 ,USD,6, $30.99 
Footwear,Mens,Adult,Sportswear,Shoes - Low (No-Fb),JR0547,LITE RACER ADAPT 7.0 GRETWO/GREONE/FTWWHT,,,4067905706921,196475502528,9-, 38.5 , 70.0 ,USD,14, $30.99 
Footwear,Mens,Adult,Sportswear,Shoes - Low (No-Fb),JR0547,LITE RACER ADAPT 7.0 GRETWO/GREONE/FTWWHT,,,4067905706860,196475502474,10, 38.5 , 70.0 ,USD,6, $30.99 
Footwear,Mens,Adult,Sportswear,Shoes - Low (No-Fb),JR0547,LITE RACER ADAPT 7.0 GRETWO/GREONE/FTWWHT,,,4067905706839,196475498845,10-, 38.5 , 70.0 ,USD,5, $30.99 
Footwear,Mens,Adult,Sportswear,Shoes - Low (No-Fb),JR0547,LITE RACER ADAPT 7.0 GRETWO/GREONE/FTWWHT,,,4067905706822,196475498838,11, 38.5 , 70.0 ,USD,8, $30.99 
Footwear,Mens,Adult,Sportswear,Shoes - Low (No-Fb),JR0547,LITE RACER ADAPT 7.0 GRETWO/GREONE/FTWWHT,,,4067905706914,196475502511,11-, 38.5 , 70.0 ,USD,12, $30.99 
Footwear,Mens,Adult,Sportswear,Shoes - Low (No-Fb),JR0547,LITE RACER ADAPT 7.0 GRETWO/GREONE/FTWWHT,,,4067905706907,196475502504,12, 38.5 , 70.0 ,USD,10, $30.99 
Footwear,Mens,Adult,Sportswear,Shoes - Low (No-Fb),JR0547,LITE RACER ADAPT 7.0 GRETWO/GREONE/FTWWHT,,,4067905706884,196475502498,12-, 38.5 , 70.0 ,USD,0, $30.99 
Footwear,Mens,Adult,Sportswear,Shoes - Low (No-Fb),JR0547,LITE RACER ADAPT 7.0 GRETWO/GREONE/FTWWHT,,,4067905706891,196475502535,13, 38.5 , 70.0 ,USD,1, $30.99 
Footwear,Mens,Adult,Sportswear,Shoes - Low (No-Fb),JR0547,LITE RACER ADAPT 7.0 GRETWO/GREONE/FTWWHT,,,4067905706877,196475502481,14, 38.5 , 70.0 ,USD,1, $30.99 
Apparel,Mens,Adult,Soccer,Jersey (Short Sl.),HA3512,CON22 MD JSY TENABL/WHITE,,,4065424380110,195733264765,XS, 27.5 , 55.0 ,USD,0, $22.14 
Apparel,Mens,Adult,Soccer,Jersey (Short Sl.),HA3512,CON22 MD JSY TENABL/WHITE,,,4065424376380,195733261023,S, 27.5 , 55.0 ,USD,28, $22.14 
Apparel,Mens,Adult,Soccer,Jersey (Short Sl.),HA3512,CON22 MD JSY TENABL/WHITE,,,4065424376397,195733261030,M, 27.5 , 55.0 ,USD,0, $22.14 
Apparel,Mens,Adult,Soccer,Jersey (Short Sl.),HA3512,CON22 MD JSY TENABL/WHITE,,,4065424376298,195733260934,L, 27.5 , 55.0 ,USD,20, $22.14 
Apparel,Mens,Adult,Soccer,Jersey (Short Sl.),HA3512,CON22 MD JSY TENABL/WHITE,,,4065424376267,195733260910,XL, 27.5 , 55.0 ,USD,5, $22.14 
Apparel,Mens,Adult,Soccer,Jersey (Short Sl.),HA3512,CON22 MD JSY TENABL/WHITE,,,4065424376465,195733264703,2XL, 27.5 , 55.0 ,USD,0, $22.14 
Footwear,Womens,Adult,Tennis,Shoes - Low (No-Fb),IH8103,adizero Ubersonic 5 W FTWWHT/SILVMT/FTWWHT,White,,4067892363886,197615441486,5, 82.5 , 150.0 ,USD,0, $66.41 
Footwear,Womens,Adult,Tennis,Shoes - Low (No-Fb),IH8103,adizero Ubersonic 5 W FTWWHT/SILVMT/FTWWHT,White,,4067892363824,197615441424,5-, 82.5 , 150.0 ,USD,0, $66.41 
Footwear,Womens,Adult,Tennis,Shoes - Low (No-Fb),IH8103,adizero Ubersonic 5 W FTWWHT/SILVMT/FTWWHT,White,,4067892363916,197615445101,6, 82.5 , 150.0 ,USD,0, $66.41 
Footwear,Womens,Adult,Tennis,Shoes - Low (No-Fb),IH8103,adizero Ubersonic 5 W FTWWHT/SILVMT/FTWWHT,White,,4067892363831,197615441431,6-, 82.5 , 150.0 ,USD,21, $66.41 
Footwear,Womens,Adult,Tennis,Shoes - Low (No-Fb),IH8103,adizero Ubersonic 5 W FTWWHT/SILVMT/FTWWHT,White,,4067892363855,197615441455,7, 82.5 , 150.0 ,USD,27, $66.41 
Footwear,Womens,Adult,Tennis,Shoes - Low (No-Fb),IH8103,adizero Ubersonic 5 W FTWWHT/SILVMT/FTWWHT,White,,4067892363909,197615445095,7-, 82.5 , 150.0 ,USD,42, $66.41 
Footwear,Womens,Adult,Tennis,Shoes - Low (No-Fb),IH8103,adizero Ubersonic 5 W FTWWHT/SILVMT/FTWWHT,White,,4067892363893,197615445118,8, 82.5 , 150.0 ,USD,89, $66.41 
Footwear,Womens,Adult,Tennis,Shoes - Low (No-Fb),IH8103,adizero Ubersonic 5 W FTWWHT/SILVMT/FTWWHT,White,,4067892363862,197615441462,8-, 82.5 , 150.0 ,USD,61, $66.41 
Footwear,Womens,Adult,Tennis,Shoes - Low (No-Fb),IH8103,adizero Ubersonic 5 W FTWWHT/SILVMT/FTWWHT,White,,4067892363923,197615445125,9, 82.5 , 150.0 ,USD,49, $66.41 
Footwear,Womens,Adult,Tennis,Shoes - Low (No-Fb),IH8103,adizero Ubersonic 5 W FTWWHT/SILVMT/FTWWHT,White,,4067892367549,197615445149,9-, 82.5 , 150.0 ,USD,1, $66.41 
Footwear,Womens,Adult,Tennis,Shoes - Low (No-Fb),IH8103,adizero Ubersonic 5 W FTWWHT/SILVMT/FTWWHT,White,,4067892367532,197615445132,10, 82.5 , 150.0 ,USD,0, $66.41 
Footwear,Womens,Adult,Tennis,Shoes - Low (No-Fb),IH8103,adizero Ubersonic 5 W FTWWHT/SILVMT/FTWWHT,White,,4067892363848,197615441448,10-, 82.5 , 150.0 ,USD,0, $66.41 
Footwear,Womens,Adult,Tennis,Shoes - Low (No-Fb),IH8103,adizero Ubersonic 5 W FTWWHT/SILVMT/FTWWHT,White,,4067892363817,197615441417,11, 82.5 , 150.0 ,USD,0, $66.41 
Footwear,Womens,Adult,Tennis,Shoes - Low (No-Fb),IH8103,adizero Ubersonic 5 W FTWWHT/SILVMT/FTWWHT,White,,4067892363879,197615441479,11-, 82.5 , 150.0 ,USD,0, $66.41 
Footwear,Womens,Adult,Tennis,Shoes - Low (No-Fb),IH8103,adizero Ubersonic 5 W FTWWHT/SILVMT/FTWWHT,White,,4069991241775,198330258809,12, 82.5 , 150.0 ,USD,0, $66.41 
Apparel,Unisex,Junior,Originals,Track Top,IY7452,SST TRACK TOP LEGTEA,,,4067895652376,197607807580,XS, 25.0 , 50.0 ,USD,6, $20.13 
Apparel,Unisex,Junior,Originals,Track Top,IY7452,SST TRACK TOP LEGTEA,,,4067895652314,197607807511,S, 25.0 , 50.0 ,USD,28, $20.13 
Apparel,Unisex,Junior,Originals,Track Top,IY7452,SST TRACK TOP LEGTEA,,,4067895652345,197607807559,M, 25.0 , 50.0 ,USD,78, $20.13 
Apparel,Unisex,Junior,Originals,Track Top,IY7452,SST TRACK TOP LEGTEA,,,4067895652321,197607807528,L, 25.0 , 50.0 ,USD,89, $20.13 
Apparel,Unisex,Junior,Originals,Track Top,IY7452,SST TRACK TOP LEGTEA,,,4067895652277,197607806293,XL, 25.0 , 50.0 ,USD,40, $20.13 
Footwear,Unisex,Kids,Hiking,Shoes - Low (No-Fb),JQ0632,TERREX AX4R K CARDBO/MSILVE/PURTEA,Beige,,4067907347887,197621861636,10-K, 30.0 , 60.0 ,USD,9, $24.15 
Footwear,Unisex,Kids,Hiking,Shoes - Low (No-Fb),JQ0632,TERREX AX4R K CARDBO/MSILVE/PURTEA,Beige,,4067907347870,197621861629,11K, 30.0 , 60.0 ,USD,16, $24.15 
Footwear,Unisex,Kids,Hiking,Shoes - Low (No-Fb),JQ0632,TERREX AX4R K CARDBO/MSILVE/PURTEA,Beige,,4067907348020,197621865375,11-K, 30.0 , 60.0 ,USD,13, $24.15 
Footwear,Unisex,Kids,Hiking,Shoes - Low (No-Fb),JQ0632,TERREX AX4R K CARDBO/MSILVE/PURTEA,Beige,,4067907348013,197621865368,12K, 30.0 , 60.0 ,USD,22, $24.15 
Footwear,Unisex,Kids,Hiking,Shoes - Low (No-Fb),JQ0632,TERREX AX4R K CARDBO/MSILVE/PURTEA,Beige,,4067907348051,197621865405,12-K, 30.0 , 60.0 ,USD,16, $24.15 
Footwear,Unisex,Kids,Hiking,Shoes - Low (No-Fb),JQ0632,TERREX AX4R K CARDBO/MSILVE/PURTEA,Beige,,4067907348006,197621865351,13K, 30.0 , 60.0 ,USD,21, $24.15 
Footwear,Unisex,Kids,Hiking,Shoes - Low (No-Fb),JQ0632,TERREX AX4R K CARDBO/MSILVE/PURTEA,Beige,,4067907347931,197621865313,13-K, 30.0 , 60.0 ,USD,22, $24.15 
Footwear,Unisex,Kids,Hiking,Shoes - Low (No-Fb),JQ0632,TERREX AX4R K CARDBO/MSILVE/PURTEA,Beige,,4067907348044,197621865399,1, 30.0 , 60.0 ,USD,28, $24.15 
Footwear,Unisex,Kids,Hiking,Shoes - Low (No-Fb),JQ0632,TERREX AX4R K CARDBO/MSILVE/PURTEA,Beige,,4067907347986,197621865337,1-, 30.0 , 60.0 ,USD,22, $24.15 
Footwear,Unisex,Kids,Hiking,Shoes - Low (No-Fb),JQ0632,TERREX AX4R K CARDBO/MSILVE/PURTEA,Beige,,4067907347955,197621865290,2, 30.0 , 60.0 ,USD,24, $24.15 
Footwear,Unisex,Kids,Hiking,Shoes - Low (No-Fb),JQ0632,TERREX AX4R K CARDBO/MSILVE/PURTEA,Beige,,4067907347979,197621865320,2-, 30.0 , 60.0 ,USD,16, $24.15 
Footwear,Unisex,Kids,Hiking,Shoes - Low (No-Fb),JQ0632,TERREX AX4R K CARDBO/MSILVE/PURTEA,Beige,,4067907347948,197621865283,3, 30.0 , 60.0 ,USD,22, $24.15 
Footwear,Unisex,Kids,Hiking,Shoes - Low (No-Fb),JQ0632,TERREX AX4R K CARDBO/MSILVE/PURTEA,Beige,,4067907347924,197621861674,3-, 30.0 , 60.0 ,USD,16, $24.15 
Footwear,Unisex,Kids,Hiking,Shoes - Low (No-Fb),JQ0632,TERREX AX4R K CARDBO/MSILVE/PURTEA,Beige,,4067907344268,197621861612,4, 30.0 , 60.0 ,USD,15, $24.15 
Footwear,Unisex,Kids,Hiking,Shoes - Low (No-Fb),JQ0632,TERREX AX4R K CARDBO/MSILVE/PURTEA,Beige,,4067907347917,197621861667,4-, 30.0 , 60.0 ,USD,10, $24.15 
Footwear,Unisex,Kids,Hiking,Shoes - Low (No-Fb),JQ0632,TERREX AX4R K CARDBO/MSILVE/PURTEA,Beige,,4067907347993,197621865344,5, 30.0 , 60.0 ,USD,13, $24.15 
Footwear,Unisex,Kids,Hiking,Shoes - Low (No-Fb),JQ0632,TERREX AX4R K CARDBO/MSILVE/PURTEA,Beige,,4067907347962,197621865306,5-, 30.0 , 60.0 ,USD,19, $24.15 
Footwear,Unisex,Kids,Hiking,Shoes - Low (No-Fb),JQ0632,TERREX AX4R K CARDBO/MSILVE/PURTEA,Beige,,4067907347900,197621861650,6, 30.0 , 60.0 ,USD,19, $24.15 
Footwear,Unisex,Kids,Hiking,Shoes - Low (No-Fb),JQ0632,TERREX AX4R K CARDBO/MSILVE/PURTEA,Beige,,4067907348037,197621865382,6-, 30.0 , 60.0 ,USD,21, $24.15 
Footwear,Unisex,Kids,Hiking,Shoes - Low (No-Fb),JQ0632,TERREX AX4R K CARDBO/MSILVE/PURTEA,Beige,,4067907347894,197621861643,7, 30.0 , 60.0 ,USD,30, $24.15 
Footwear,Unisex,Kids,Hiking,Shoes - Low (No-Fb),JQ0633,TERREX AX4R K GREFOU/MSILVE/SEFLAQ,,,4067907324949,197621991814,10-K, 30.0 , 60.0 ,USD,0, $24.15 
Footwear,Unisex,Kids,Hiking,Shoes - Low (No-Fb),JQ0633,TERREX AX4R K GREFOU/MSILVE/SEFLAQ,,,4067907328688,197621991951,11K, 30.0 , 60.0 ,USD,0, $24.15 
Footwear,Unisex,Kids,Hiking,Shoes - Low (No-Fb),JQ0633,TERREX AX4R K GREFOU/MSILVE/SEFLAQ,,,4067907328701,197621991975,11-K, 30.0 , 60.0 ,USD,0, $24.15 
Footwear,Unisex,Kids,Hiking,Shoes - Low (No-Fb),JQ0633,TERREX AX4R K GREFOU/MSILVE/SEFLAQ,,,4067907325045,197621991913,12K, 30.0 , 60.0 ,USD,0, $24.15 
Footwear,Unisex,Kids,Hiking,Shoes - Low (No-Fb),JQ0633,TERREX AX4R K GREFOU/MSILVE/SEFLAQ,,,4067907325021,197621991890,12-K, 30.0 , 60.0 ,USD,0, $24.15 
Footwear,Unisex,Kids,Hiking,Shoes - Low (No-Fb),JQ0633,TERREX AX4R K GREFOU/MSILVE/SEFLAQ,,,4067907325007,197621991876,13K, 30.0 , 60.0 ,USD,0, $24.15 
Footwear,Unisex,Kids,Hiking,Shoes - Low (No-Fb),JQ0633,TERREX AX4R K GREFOU/MSILVE/SEFLAQ,,,4067907328671,197621991944,13-K, 30.0 , 60.0 ,USD,0, $24.15 
Footwear,Unisex,Kids,Hiking,Shoes - Low (No-Fb),JQ0633,TERREX AX4R K GREFOU/MSILVE/SEFLAQ,,,4067907328732,197621995638,1, 30.0 , 60.0 ,USD,0, $24.15 
Footwear,Unisex,Kids,Hiking,Shoes - Low (No-Fb),JQ0633,TERREX AX4R K GREFOU/MSILVE/SEFLAQ,,,4067907325014,197621991883,1-, 30.0 , 60.0 ,USD,0, $24.15 
Footwear,Unisex,Kids,Hiking,Shoes - Low (No-Fb),JQ0633,TERREX AX4R K GREFOU/MSILVE/SEFLAQ,,,4067907328695,197621991968,2, 30.0 , 60.0 ,USD,0, $24.15 
Footwear,Unisex,Kids,Hiking,Shoes - Low (No-Fb),JQ0633,TERREX AX4R K GREFOU/MSILVE/SEFLAQ,,,4067907324970,197621991845,2-, 30.0 , 60.0 ,USD,0, $24.15 
Footwear,Unisex,Kids,Hiking,Shoes - Low (No-Fb),JQ0633,TERREX AX4R K GREFOU/MSILVE/SEFLAQ,,,4067907324987,197621991852,3, 30.0 , 60.0 ,USD,0, $24.15 
Footwear,Unisex,Kids,Hiking,Shoes - Low (No-Fb),JQ0633,TERREX AX4R K GREFOU/MSILVE/SEFLAQ,,,4067907324994,197621991869,3-, 30.0 , 60.0 ,USD,0, $24.15 
Footwear,Unisex,Kids,Hiking,Shoes - Low (No-Fb),JQ0633,TERREX AX4R K GREFOU/MSILVE/SEFLAQ,,,4067907324963,197621991838,4, 30.0 , 60.0 ,USD,1, $24.15 
Footwear,Unisex,Kids,Hiking,Shoes - Low (No-Fb),JQ0633,TERREX AX4R K GREFOU/MSILVE/SEFLAQ,,,4067907328718,197621991982,4-, 30.0 , 60.0 ,USD,0, $24.15 
Footwear,Unisex,Kids,Hiking,Shoes - Low (No-Fb),JQ0633,TERREX AX4R K GREFOU/MSILVE/SEFLAQ,,,4067907325069,197621991937,5, 30.0 , 60.0 ,USD,0, $24.15 
Footwear,Unisex,Kids,Hiking,Shoes - Low (No-Fb),JQ0633,TERREX AX4R K GREFOU/MSILVE/SEFLAQ,,,4067907325052,197621991920,5-, 30.0 , 60.0 ,USD,0, $24.15 
Footwear,Unisex,Kids,Hiking,Shoes - Low (No-Fb),JQ0633,TERREX AX4R K GREFOU/MSILVE/SEFLAQ,,,4067907328725,197621991999,6, 30.0 , 60.0 ,USD,0, $24.15 
Footwear,Unisex,Kids,Hiking,Shoes - Low (No-Fb),JQ0633,TERREX AX4R K GREFOU/MSILVE/SEFLAQ,,,4067907325038,197621991906,6-, 30.0 , 60.0 ,USD,0, $24.15 
Footwear,Unisex,Kids,Hiking,Shoes - Low (No-Fb),JQ0633,TERREX AX4R K GREFOU/MSILVE/SEFLAQ,,,4067907324956,197621991821,7, 30.0 , 60.0 ,USD,0, $24.15 
Footwear,Womens,Adult,Tennis,Shoes - Low (No-Fb),JP9739,CourtJam Control 3 W FTWWHT/SILVMT/LUCPNK,White,,4067903922989,197613377268,5, 49.5 , 90.0 ,USD,0, $39.85 
Footwear,Womens,Adult,Tennis,Shoes - Low (No-Fb),JP9739,CourtJam Control 3 W FTWWHT/SILVMT/LUCPNK,White,,4067903922996,197613377275,5-, 49.5 , 90.0 ,USD,0, $39.85 
Footwear,Womens,Adult,Tennis,Shoes - Low (No-Fb),JP9739,CourtJam Control 3 W FTWWHT/SILVMT/LUCPNK,White,,4067903922972,197613377251,6, 49.5 , 90.0 ,USD,0, $39.85 
Footwear,Womens,Adult,Tennis,Shoes - Low (No-Fb),JP9739,CourtJam Control 3 W FTWWHT/SILVMT/LUCPNK,White,,4067903926673,197613377350,6-, 49.5 , 90.0 ,USD,0, $39.85 
Footwear,Womens,Adult,Tennis,Shoes - Low (No-Fb),JP9739,CourtJam Control 3 W FTWWHT/SILVMT/LUCPNK,White,,4067903926697,197613377374,7, 49.5 , 90.0 ,USD,9, $39.85 
Footwear,Womens,Adult,Tennis,Shoes - Low (No-Fb),JP9739,CourtJam Control 3 W FTWWHT/SILVMT/LUCPNK,White,,4067903926628,197613377312,7-, 49.5 , 90.0 ,USD,3, $39.85 
Footwear,Womens,Adult,Tennis,Shoes - Low (No-Fb),JP9739,CourtJam Control 3 W FTWWHT/SILVMT/LUCPNK,White,,4067903923016,197613377299,8, 49.5 , 90.0 ,USD,18, $39.85 
Footwear,Womens,Adult,Tennis,Shoes - Low (No-Fb),JP9739,CourtJam Control 3 W FTWWHT/SILVMT/LUCPNK,White,,4067903926680,197613377367,8-, 49.5 , 90.0 ,USD,5, $39.85 
Footwear,Womens,Adult,Tennis,Shoes - Low (No-Fb),JP9739,CourtJam Control 3 W FTWWHT/SILVMT/LUCPNK,White,,4067903926635,197613377329,9, 49.5 , 90.0 ,USD,0, $39.85 
Footwear,Womens,Adult,Tennis,Shoes - Low (No-Fb),JP9739,CourtJam Control 3 W FTWWHT/SILVMT/LUCPNK,White,,4067903926642,197613377336,9-, 49.5 , 90.0 ,USD,0, $39.85 
Footwear,Womens,Adult,Tennis,Shoes - Low (No-Fb),JP9739,CourtJam Control 3 W FTWWHT/SILVMT/LUCPNK,White,,4067903926666,197613377343,10, 49.5 , 90.0 ,USD,0, $39.85 
Footwear,Womens,Adult,Tennis,Shoes - Low (No-Fb),JP9739,CourtJam Control 3 W FTWWHT/SILVMT/LUCPNK,White,,4067903922965,197613377244,10-, 49.5 , 90.0 ,USD,0, $39.85 
Footwear,Womens,Adult,Tennis,Shoes - Low (No-Fb),JP9739,CourtJam Control 3 W FTWWHT/SILVMT/LUCPNK,White,,4067903923009,197613377282,11, 49.5 , 90.0 ,USD,0, $39.85 
Footwear,Womens,Adult,Tennis,Shoes - Low (No-Fb),JP9739,CourtJam Control 3 W FTWWHT/SILVMT/LUCPNK,White,,4067903926659,197613377305,11-, 49.5 , 90.0 ,USD,0, $39.85 
Footwear,Womens,Adult,Running,Shoes - Low (No-Fb),JH9021,ULTRABOOST 5X W WONWHI/LUCRED/PUTBEI,,,4067892431868,197615563027,5, 99.0 , 180.0 ,USD,0, $79.70 
Footwear,Womens,Adult,Running,Shoes - Low (No-Fb),JH9021,ULTRABOOST 5X W WONWHI/LUCRED/PUTBEI,,,4067892431882,197615563003,5-, 99.0 , 180.0 ,USD,0, $79.70 
Footwear,Womens,Adult,Running,Shoes - Low (No-Fb),JH9021,ULTRABOOST 5X W WONWHI/LUCRED/PUTBEI,,,4067892431899,197615563041,6, 99.0 , 180.0 ,USD,1, $79.70 
Footwear,Womens,Adult,Running,Shoes - Low (No-Fb),JH9021,ULTRABOOST 5X W WONWHI/LUCRED/PUTBEI,,,4067892428226,197615562976,6-, 99.0 , 180.0 ,USD,3, $79.70 
Footwear,Womens,Adult,Running,Shoes - Low (No-Fb),JH9021,ULTRABOOST 5X W WONWHI/LUCRED/PUTBEI,,,4067892428233,197615562983,7, 99.0 , 180.0 ,USD,2, $79.70 
Footwear,Womens,Adult,Running,Shoes - Low (No-Fb),JH9021,ULTRABOOST 5X W WONWHI/LUCRED/PUTBEI,,,4067892431851,197615563010,7-, 99.0 , 180.0 ,USD,3, $79.70 
Footwear,Womens,Adult,Running,Shoes - Low (No-Fb),JH9021,ULTRABOOST 5X W WONWHI/LUCRED/PUTBEI,,,4067892428240,197615562990,8, 99.0 , 180.0 ,USD,3, $79.70 
Footwear,Womens,Adult,Running,Shoes - Low (No-Fb),JH9021,ULTRABOOST 5X W WONWHI/LUCRED/PUTBEI,,,4067892428189,197615562969,8-, 99.0 , 180.0 ,USD,3, $79.70 
Footwear,Womens,Adult,Running,Shoes - Low (No-Fb),JH9021,ULTRABOOST 5X W WONWHI/LUCRED/PUTBEI,,,4067892428219,197615562952,9, 99.0 , 180.0 ,USD,3, $79.70 
Footwear,Womens,Adult,Running,Shoes - Low (No-Fb),JH9021,ULTRABOOST 5X W WONWHI/LUCRED/PUTBEI,,,4067892428172,197615559327,9-, 99.0 , 180.0 ,USD,1, $79.70 
Footwear,Womens,Adult,Running,Shoes - Low (No-Fb),JH9021,ULTRABOOST 5X W WONWHI/LUCRED/PUTBEI,,,4067892428202,197615562945,10, 99.0 , 180.0 ,USD,1, $79.70 
Footwear,Womens,Adult,Running,Shoes - Low (No-Fb),JH9021,ULTRABOOST 5X W WONWHI/LUCRED/PUTBEI,,,4067892431875,197615563034,10-, 99.0 , 180.0 ,USD,0, $79.70 
Footwear,Womens,Adult,Running,Shoes - Low (No-Fb),JH9021,ULTRABOOST 5X W WONWHI/LUCRED/PUTBEI,,,4067892428196,197615562938,11, 99.0 , 180.0 ,USD,0, $79.70 
Footwear,Womens,Adult,Running,Shoes - Low (No-Fb),JH9021,ULTRABOOST 5X W WONWHI/LUCRED/PUTBEI,,,4067892431905,197615563058,11-, 99.0 , 180.0 ,USD,0, $79.70 
Footwear,Womens,Adult,Running,Shoes - Low (No-Fb),JH9021,ULTRABOOST 5X W WONWHI/LUCRED/PUTBEI,,,4067892428165,197615559310,12, 99.0 , 180.0 ,USD,0, $79.70 
Footwear,Mens,Adult,Hiking,Shoes - Low (No-Fb),JQ9899,TERREX FREE HIKER 2 GTX GRETWO/GREONE/GREFIV,,,4067905742790,196475466271,6, 121.0 , 220.0 ,USD,0, $97.41 
Footwear,Mens,Adult,Hiking,Shoes - Low (No-Fb),JQ9899,TERREX FREE HIKER 2 GTX GRETWO/GREONE/GREFIV,,,4067905742806,196475466288,6-, 121.0 , 220.0 ,USD,0, $97.41 
Footwear,Mens,Adult,Hiking,Shoes - Low (No-Fb),JQ9899,TERREX FREE HIKER 2 GTX GRETWO/GREONE/GREFIV,,,4067905739097,196475462587,7, 121.0 , 220.0 ,USD,0, $97.41 
Footwear,Mens,Adult,Hiking,Shoes - Low (No-Fb),JQ9899,TERREX FREE HIKER 2 GTX GRETWO/GREONE/GREFIV,,,4067905742813,196475466301,7-, 121.0 , 220.0 ,USD,0, $97.41 
Footwear,Mens,Adult,Hiking,Shoes - Low (No-Fb),JQ9899,TERREX FREE HIKER 2 GTX GRETWO/GREONE/GREFIV,,,4067905739127,196475466219,8, 121.0 , 220.0 ,USD,1, $97.41 
Footwear,Mens,Adult,Hiking,Shoes - Low (No-Fb),JQ9899,TERREX FREE HIKER 2 GTX GRETWO/GREONE/GREFIV,,,4067905739103,196475462594,8-, 121.0 , 220.0 ,USD,1, $97.41 
Footwear,Mens,Adult,Hiking,Shoes - Low (No-Fb),JQ9899,TERREX FREE HIKER 2 GTX GRETWO/GREONE/GREFIV,,,4067905739080,196475462570,9, 121.0 , 220.0 ,USD,3, $97.41 
Footwear,Mens,Adult,Hiking,Shoes - Low (No-Fb),JQ9899,TERREX FREE HIKER 2 GTX GRETWO/GREONE/GREFIV,,,4067905739073,196475462563,9-, 121.0 , 220.0 ,USD,3, $97.41 
Footwear,Mens,Adult,Hiking,Shoes - Low (No-Fb),JQ9899,TERREX FREE HIKER 2 GTX GRETWO/GREONE/GREFIV,,,4067905742783,196475466264,10, 121.0 , 220.0 ,USD,3, $97.41 
Footwear,Mens,Adult,Hiking,Shoes - Low (No-Fb),JQ9899,TERREX FREE HIKER 2 GTX GRETWO/GREONE/GREFIV,,,4067905742752,196475466257,10-, 121.0 , 220.0 ,USD,3, $97.41 
Footwear,Mens,Adult,Hiking,Shoes - Low (No-Fb),JQ9899,TERREX FREE HIKER 2 GTX GRETWO/GREONE/GREFIV,,,4067905742769,196475466295,11, 121.0 , 220.0 ,USD,3, $97.41 
Footwear,Mens,Adult,Hiking,Shoes - Low (No-Fb),JQ9899,TERREX FREE HIKER 2 GTX GRETWO/GREONE/GREFIV,,,4067905742776,196475466233,11-, 121.0 , 220.0 ,USD,2, $97.41 
Footwear,Mens,Adult,Hiking,Shoes - Low (No-Fb),JQ9899,TERREX FREE HIKER 2 GTX GRETWO/GREONE/GREFIV,,,4067905742820,196475466318,12, 121.0 , 220.0 ,USD,3, $97.41 
Footwear,Mens,Adult,Hiking,Shoes - Low (No-Fb),JQ9899,TERREX FREE HIKER 2 GTX GRETWO/GREONE/GREFIV,,,4067905739134,196475466226,12-, 121.0 , 220.0 ,USD,3, $97.41 
Footwear,Mens,Adult,Hiking,Shoes - Low (No-Fb),JQ9899,TERREX FREE HIKER 2 GTX GRETWO/GREONE/GREFIV,,,4067905739066,196475462556,13, 121.0 , 220.0 ,USD,0, $97.41 
Footwear,Mens,Adult,Hiking,Shoes - Low (No-Fb),JQ9899,TERREX FREE HIKER 2 GTX GRETWO/GREONE/GREFIV,,,4067905742745,196475466240,14, 121.0 , 220.0 ,USD,0, $97.41 
Footwear,Mens,Adult,Hiking,Shoes - Low (No-Fb),JQ9899,TERREX FREE HIKER 2 GTX GRETWO/GREONE/GREFIV,,,4067905739110,196475462600,15, 121.0 , 220.0 ,USD,0, $97.41 
Footwear,Womens,Adult,Originals,Shoes - Low (No-Fb),JQ2360,GAZELLE BOLD W PRLOIN/MINERGREE/GOLDMT,,,4067903161067,197614753962,5, 66.0 , 120.0 ,USD,0, $53.13 
Footwear,Womens,Adult,Originals,Shoes - Low (No-Fb),JQ2360,GAZELLE BOLD W PRLOIN/MINERGREE/GOLDMT,,,4067903161104,197614753993,5-, 66.0 , 120.0 ,USD,0, $53.13 
Footwear,Womens,Adult,Originals,Shoes - Low (No-Fb),JQ2360,GAZELLE BOLD W PRLOIN/MINERGREE/GOLDMT,,,4067903157398,197614753870,6, 66.0 , 120.0 ,USD,27, $53.13 
Footwear,Womens,Adult,Originals,Shoes - Low (No-Fb),JQ2360,GAZELLE BOLD W PRLOIN/MINERGREE/GOLDMT,,,4067903161098,197614753986,6-, 66.0 , 120.0 ,USD,30, $53.13 
Footwear,Womens,Adult,Originals,Shoes - Low (No-Fb),JQ2360,GAZELLE BOLD W PRLOIN/MINERGREE/GOLDMT,,,4067903157404,197614753887,7, 66.0 , 120.0 ,USD,33, $53.13 
Footwear,Womens,Adult,Originals,Shoes - Low (No-Fb),JQ2360,GAZELLE BOLD W PRLOIN/MINERGREE/GOLDMT,,,4067903161074,197614753931,7-, 66.0 , 120.0 ,USD,33, $53.13 
Footwear,Womens,Adult,Originals,Shoes - Low (No-Fb),JQ2360,GAZELLE BOLD W PRLOIN/MINERGREE/GOLDMT,,,4067903157374,197614750268,8, 66.0 , 120.0 ,USD,33, $53.13 
Footwear,Womens,Adult,Originals,Shoes - Low (No-Fb),JQ2360,GAZELLE BOLD W PRLOIN/MINERGREE/GOLDMT,,,4067903157411,197614753894,8-, 66.0 , 120.0 ,USD,13, $53.13 
Footwear,Womens,Adult,Originals,Shoes - Low (No-Fb),JQ2360,GAZELLE BOLD W PRLOIN/MINERGREE/GOLDMT,,,4067903157428,197614753917,9, 66.0 , 120.0 ,USD,4, $53.13 
Footwear,Womens,Adult,Originals,Shoes - Low (No-Fb),JQ2360,GAZELLE BOLD W PRLOIN/MINERGREE/GOLDMT,,,4067903157381,197614753900,9-, 66.0 , 120.0 ,USD,0, $53.13 
Footwear,Womens,Adult,Originals,Shoes - Low (No-Fb),JQ2360,GAZELLE BOLD W PRLOIN/MINERGREE/GOLDMT,,,4067903161050,197614753955,10, 66.0 , 120.0 ,USD,0, $53.13 
Footwear,Womens,Adult,Originals,Shoes - Low (No-Fb),JQ2360,GAZELLE BOLD W PRLOIN/MINERGREE/GOLDMT,,,4067903157435,197614753924,10-, 66.0 , 120.0 ,USD,0, $53.13 
Footwear,Womens,Adult,Originals,Shoes - Low (No-Fb),JQ2360,GAZELLE BOLD W PRLOIN/MINERGREE/GOLDMT,,,4067903161081,197614753979,11, 66.0 , 120.0 ,USD,0, $53.13 
Footwear,Womens,Adult,Running,Shoes - Low (No-Fb),GX9265,4DFWD 2 W MAGMAU/WONMAU/WONRED,,,4065426717969,195740067298,5, 110.0 , 200.0 ,USD,0, $88.55 
Footwear,Womens,Adult,Running,Shoes - Low (No-Fb),GX9265,4DFWD 2 W MAGMAU/WONMAU/WONRED,,,4065426717945,195740067274,5-, 110.0 , 200.0 ,USD,0, $88.55 
Footwear,Womens,Adult,Running,Shoes - Low (No-Fb),GX9265,4DFWD 2 W MAGMAU/WONMAU/WONRED,,,4065426717976,195740067304,6, 110.0 , 200.0 ,USD,1, $88.55 
Footwear,Womens,Adult,Running,Shoes - Low (No-Fb),GX9265,4DFWD 2 W MAGMAU/WONMAU/WONRED,,,4065426721614,195740067342,6-, 110.0 , 200.0 ,USD,6, $88.55 
Footwear,Womens,Adult,Running,Shoes - Low (No-Fb),GX9265,4DFWD 2 W MAGMAU/WONMAU/WONRED,,,4065426717952,195740067281,7, 110.0 , 200.0 ,USD,0, $88.55 
Footwear,Womens,Adult,Running,Shoes - Low (No-Fb),GX9265,4DFWD 2 W MAGMAU/WONMAU/WONRED,,,4065426721638,195740069896,7-, 110.0 , 200.0 ,USD,2, $88.55 
Footwear,Womens,Adult,Running,Shoes - Low (No-Fb),GX9265,4DFWD 2 W MAGMAU/WONMAU/WONRED,,,4065426717938,195740067267,8, 110.0 , 200.0 ,USD,5, $88.55 
Footwear,Womens,Adult,Running,Shoes - Low (No-Fb),GX9265,4DFWD 2 W MAGMAU/WONMAU/WONRED,,,4065426721621,195740067359,8-, 110.0 , 200.0 ,USD,0, $88.55 
Footwear,Womens,Adult,Running,Shoes - Low (No-Fb),GX9265,4DFWD 2 W MAGMAU/WONMAU/WONRED,,,4065426717921,195740067250,9, 110.0 , 200.0 ,USD,2, $88.55 
Footwear,Womens,Adult,Running,Shoes - Low (No-Fb),GX9265,4DFWD 2 W MAGMAU/WONMAU/WONRED,,,4065426721607,195740067335,9-, 110.0 , 200.0 ,USD,0, $88.55 
Footwear,Womens,Adult,Running,Shoes - Low (No-Fb),GX9265,4DFWD 2 W MAGMAU/WONMAU/WONRED,,,4065426721584,195740067328,10, 110.0 , 200.0 ,USD,0, $88.55 
Footwear,Womens,Adult,Running,Shoes - Low (No-Fb),GX9265,4DFWD 2 W MAGMAU/WONMAU/WONRED,,,4065426721591,195740067311,10-, 110.0 , 200.0 ,USD,0, $88.55 
Footwear,Womens,Adult,Running,Shoes - Low (No-Fb),GX9265,4DFWD 2 W MAGMAU/WONMAU/WONRED,,,4065426721652,195740069872,11, 110.0 , 200.0 ,USD,0, $88.55 
Footwear,Womens,Adult,Running,Shoes - Low (No-Fb),GX9265,4DFWD 2 W MAGMAU/WONMAU/WONRED,,,4065426717914,195740067243,11-, 110.0 , 200.0 ,USD,0, $88.55 
Footwear,Womens,Adult,Running,Shoes - Low (No-Fb),GX9265,4DFWD 2 W MAGMAU/WONMAU/WONRED,,,4065426721645,195740069865,12, 110.0 , 200.0 ,USD,0, $88.55 
Apparel,Womens,Adult,Soccer,Jersey (Short Sl.),HE3060,CON22 JSY W DRKGRN,Green,,4065424721579,195733347505,2XS, 22.5 , 45.0 ,USD,0, $18.11 
Apparel,Womens,Adult,Soccer,Jersey (Short Sl.),HE3060,CON22 JSY W DRKGRN,Green,,4065424721500,195733343804,XS, 22.5 , 45.0 ,USD,9, $18.11 
Apparel,Womens,Adult,Soccer,Jersey (Short Sl.),HE3060,CON22 JSY W DRKGRN,Green,,4065424725287,195733347581,S, 22.5 , 45.0 ,USD,97, $18.11 
Apparel,Womens,Adult,Soccer,Jersey (Short Sl.),HE3060,CON22 JSY W DRKGRN,Green,,4065424721548,195733343842,M, 22.5 , 45.0 ,USD,101, $18.11 
Apparel,Womens,Adult,Soccer,Jersey (Short Sl.),HE3060,CON22 JSY W DRKGRN,Green,,4065424721418,195733343712,L, 22.5 , 45.0 ,USD,36, $18.11 
Apparel,Womens,Adult,Soccer,Jersey (Short Sl.),HE3060,CON22 JSY W DRKGRN,Green,,4065424725300,195733347604,XL, 22.5 , 45.0 ,USD,2, $18.11 
Apparel,Womens,Adult,Soccer,Jersey (Short Sl.),HE3060,CON22 JSY W DRKGRN,Green,,4065424721470,195733343774,2XL, 22.5 , 45.0 ,USD,0, $18.11 
Apparel,Mens,Adult,Not Sports Specific,Graphic T (Short Sl),JH0689,M PREDATOR TEE WHITE,White,,4067905602834,196475401951,XS, 15.0 , 30.0 ,USD,300+, $12.08 
Apparel,Mens,Adult,Not Sports Specific,Graphic T (Short Sl),JH0689,M PREDATOR TEE WHITE,White,,4067905602889,196475402002,S, 15.0 , 30.0 ,USD,300+, $12.08 
Apparel,Mens,Adult,Not Sports Specific,Graphic T (Short Sl),JH0689,M PREDATOR TEE WHITE,White,,4067905599189,196475401906,M, 15.0 , 30.0 ,USD,300+, $12.08 
Apparel,Mens,Adult,Not Sports Specific,Graphic T (Short Sl),JH0689,M PREDATOR TEE WHITE,White,,4067905599196,196475401913,L, 15.0 , 30.0 ,USD,300+, $12.08 
Apparel,Mens,Adult,Not Sports Specific,Graphic T (Short Sl),JH0689,M PREDATOR TEE WHITE,White,,4067905602896,196475402019,XL, 15.0 , 30.0 ,USD,300+, $12.08 
Apparel,Mens,Adult,Not Sports Specific,Graphic T (Short Sl),JH0689,M PREDATOR TEE WHITE,White,,4067905602919,196475402033,2XL, 15.0 , 30.0 ,USD,300+, $12.08 
Apparel,Mens,Adult,Not Sports Specific,Graphic T (Short Sl),JH0689,M PREDATOR TEE WHITE,White,,4067905602827,196475401944,3XL, 15.0 , 30.0 ,USD,0, $12.08 
Apparel,Mens,Adult,Not Sports Specific,Graphic T (Short Sl),JH0689,M PREDATOR TEE WHITE,White,,4067905599172,196475401890,4XL, 15.0 , 30.0 ,USD,61, $12.08 
Apparel,Mens,Adult,Not Sports Specific,Graphic T (Short Sl),JH0689,M PREDATOR TEE WHITE,White,,4067905599165,196475398282,5XL, 15.0 , 30.0 ,USD,0, $12.08 
Apparel,Mens,Adult,Not Sports Specific,Graphic T (Short Sl),JH0689,M PREDATOR TEE WHITE,White,,4067905599202,196475401920,ST, 15.0 , 30.0 ,USD,0, $12.08 
Apparel,Mens,Adult,Not Sports Specific,Graphic T (Short Sl),JH0689,M PREDATOR TEE WHITE,White,,4067905599219,196475401937,MT, 15.0 , 30.0 ,USD,3, $12.08 
Apparel,Mens,Adult,Not Sports Specific,Graphic T (Short Sl),JH0689,M PREDATOR TEE WHITE,White,,4067905602865,196475401982,LT, 15.0 , 30.0 ,USD,0, $12.08 
Apparel,Mens,Adult,Not Sports Specific,Graphic T (Short Sl),JH0689,M PREDATOR TEE WHITE,White,,4067905602858,196475401975,XLT, 15.0 , 30.0 ,USD,0, $12.08 
Apparel,Mens,Adult,Not Sports Specific,Graphic T (Short Sl),JH0689,M PREDATOR TEE WHITE,White,,4067905602902,196475402026,2XLT, 15.0 , 30.0 ,USD,2, $12.08 
Apparel,Mens,Adult,Not Sports Specific,Graphic T (Short Sl),JH0689,M PREDATOR TEE WHITE,White,,4067905602872,196475401999,3XLT, 15.0 , 30.0 ,USD,2, $12.08 
Apparel,Mens,Adult,Not Sports Specific,Graphic T (Short Sl),JH0689,M PREDATOR TEE WHITE,White,,4067905602841,196475401968,4XLT, 15.0 , 30.0 ,USD,0, $12.08 
Footwear,Womens,Adult,Tennis,Shoes - Low (No-Fb),ID2457,CourtJam Control 3 W FTWWHT/SILVMT/GREONE,White,,4066764917998,196471642167,5, 49.5 , 90.0 ,USD,0, $39.85 
Footwear,Womens,Adult,Tennis,Shoes - Low (No-Fb),ID2457,CourtJam Control 3 W FTWWHT/SILVMT/GREONE,White,,4066764916700,196471642075,5-, 49.5 , 90.0 ,USD,0, $39.85 
Footwear,Womens,Adult,Tennis,Shoes - Low (No-Fb),ID2457,CourtJam Control 3 W FTWWHT/SILVMT/GREONE,White,,4066764916694,196471642068,6, 49.5 , 90.0 ,USD,0, $39.85 
Footwear,Womens,Adult,Tennis,Shoes - Low (No-Fb),ID2457,CourtJam Control 3 W FTWWHT/SILVMT/GREONE,White,,4066764916663,196471642020,6-, 49.5 , 90.0 ,USD,0, $39.85 
Footwear,Womens,Adult,Tennis,Shoes - Low (No-Fb),ID2457,CourtJam Control 3 W FTWWHT/SILVMT/GREONE,White,,4066764917936,196471642112,7, 49.5 , 90.0 ,USD,0, $39.85 
Footwear,Womens,Adult,Tennis,Shoes - Low (No-Fb),ID2457,CourtJam Control 3 W FTWWHT/SILVMT/GREONE,White,,4066764916687,196471642051,7-, 49.5 , 90.0 ,USD,0, $39.85 
Footwear,Womens,Adult,Tennis,Shoes - Low (No-Fb),ID2457,CourtJam Control 3 W FTWWHT/SILVMT/GREONE,White,,4066764916717,196471642082,8, 49.5 , 90.0 ,USD,0, $39.85 
Footwear,Womens,Adult,Tennis,Shoes - Low (No-Fb),ID2457,CourtJam Control 3 W FTWWHT/SILVMT/GREONE,White,,4066764917974,196471642143,8-, 49.5 , 90.0 ,USD,0, $39.85 
Footwear,Womens,Adult,Tennis,Shoes - Low (No-Fb),ID2457,CourtJam Control 3 W FTWWHT/SILVMT/GREONE,White,,4066764916670,196471642044,9, 49.5 , 90.0 ,USD,0, $39.85 
Footwear,Womens,Adult,Tennis,Shoes - Low (No-Fb),ID2457,CourtJam Control 3 W FTWWHT/SILVMT/GREONE,White,,4066764917950,196471642099,9-, 49.5 , 90.0 ,USD,23, $39.85 
Footwear,Womens,Adult,Tennis,Shoes - Low (No-Fb),ID2457,CourtJam Control 3 W FTWWHT/SILVMT/GREONE,White,,4066764917929,196471642105,10, 49.5 , 90.0 ,USD,16, $39.85 
Footwear,Womens,Adult,Tennis,Shoes - Low (No-Fb),ID2457,CourtJam Control 3 W FTWWHT/SILVMT/GREONE,White,,4066764917981,196471642150,10-, 49.5 , 90.0 ,USD,5, $39.85 
Footwear,Womens,Adult,Tennis,Shoes - Low (No-Fb),ID2457,CourtJam Control 3 W FTWWHT/SILVMT/GREONE,White,,4066764917943,196471642129,11, 49.5 , 90.0 ,USD,19, $39.85 
Footwear,Womens,Adult,Tennis,Shoes - Low (No-Fb),ID2457,CourtJam Control 3 W FTWWHT/SILVMT/GREONE,White,,4066764917967,196471642136,11-, 49.5 , 90.0 ,USD,0, $39.85 
Apparel,Unisex,Junior,Soccer,Jersey (Short Sl.),HE3064,CON22 JSY Y DRKGRN,Green,,4065424326651,195733424046,2XS, 20.0 , 40.0 ,USD,0, $16.10 
Apparel,Unisex,Junior,Soccer,Jersey (Short Sl.),HE3064,CON22 JSY Y DRKGRN,Green,,4065424326705,195733424091,XS, 20.0 , 40.0 ,USD,0, $16.10 
Apparel,Unisex,Junior,Soccer,Jersey (Short Sl.),HE3064,CON22 JSY Y DRKGRN,Green,,4065424326668,195733424053,S, 20.0 , 40.0 ,USD,0, $16.10 
Apparel,Unisex,Junior,Soccer,Jersey (Short Sl.),HE3064,CON22 JSY Y DRKGRN,Green,,4065424326613,195733424008,M, 20.0 , 40.0 ,USD,47, $16.10 
Apparel,Unisex,Junior,Soccer,Jersey (Short Sl.),HE3064,CON22 JSY Y DRKGRN,Green,,4065424326675,195733424060,L, 20.0 , 40.0 ,USD,23, $16.10 
Apparel,Unisex,Junior,Soccer,Jersey (Short Sl.),HE3064,CON22 JSY Y DRKGRN,Green,,4065424326682,195733424077,XL, 20.0 , 40.0 ,USD,28, $16.10 
Footwear,Womens,Adult,Originals,Shoes - Low (No-Fb),IF9616,CAMPUS 00s W PURBUR/FTWWHT/OFFWHITE,,,4067888212297,196477125961,5, 60.5 , 110.0 ,USD,0, $48.70 
Footwear,Womens,Adult,Originals,Shoes - Low (No-Fb),IF9616,CAMPUS 00s W PURBUR/FTWWHT/OFFWHITE,,,4067888211511,196477125909,5-, 60.5 , 110.0 ,USD,0, $48.70 
Footwear,Womens,Adult,Originals,Shoes - Low (No-Fb),IF9616,CAMPUS 00s W PURBUR/FTWWHT/OFFWHITE,,,4067888211535,196477125923,6, 60.5 , 110.0 ,USD,0, $48.70 
Footwear,Womens,Adult,Originals,Shoes - Low (No-Fb),IF9616,CAMPUS 00s W PURBUR/FTWWHT/OFFWHITE,,,4067888212266,196477125930,6-, 60.5 , 110.0 ,USD,0, $48.70 
Footwear,Womens,Adult,Originals,Shoes - Low (No-Fb),IF9616,CAMPUS 00s W PURBUR/FTWWHT/OFFWHITE,,,4067888212310,196477125985,7, 60.5 , 110.0 ,USD,0, $48.70 
Footwear,Womens,Adult,Originals,Shoes - Low (No-Fb),IF9616,CAMPUS 00s W PURBUR/FTWWHT/OFFWHITE,,,4067888212280,196477125954,7-, 60.5 , 110.0 ,USD,0, $48.70 
Footwear,Womens,Adult,Originals,Shoes - Low (No-Fb),IF9616,CAMPUS 00s W PURBUR/FTWWHT/OFFWHITE,,,4067888212341,196477126012,8, 60.5 , 110.0 ,USD,0, $48.70 
Footwear,Womens,Adult,Originals,Shoes - Low (No-Fb),IF9616,CAMPUS 00s W PURBUR/FTWWHT/OFFWHITE,,,4067888212327,196477125992,8-, 60.5 , 110.0 ,USD,0, $48.70 
Footwear,Womens,Adult,Originals,Shoes - Low (No-Fb),IF9616,CAMPUS 00s W PURBUR/FTWWHT/OFFWHITE,,,4067888212303,196477125978,9, 60.5 , 110.0 ,USD,0, $48.70 
Footwear,Womens,Adult,Originals,Shoes - Low (No-Fb),IF9616,CAMPUS 00s W PURBUR/FTWWHT/OFFWHITE,,,4067888212334,196477126005,9-, 60.5 , 110.0 ,USD,0, $48.70 
Footwear,Womens,Adult,Originals,Shoes - Low (No-Fb),IF9616,CAMPUS 00s W PURBUR/FTWWHT/OFFWHITE,,,4067888212273,196477125947,10, 60.5 , 110.0 ,USD,0, $48.70 
Footwear,Womens,Adult,Originals,Shoes - Low (No-Fb),IF9616,CAMPUS 00s W PURBUR/FTWWHT/OFFWHITE,,,4067888211504,196477125893,10-, 60.5 , 110.0 ,USD,0, $48.70 
Footwear,Womens,Adult,Originals,Shoes - Low (No-Fb),IF9616,CAMPUS 00s W PURBUR/FTWWHT/OFFWHITE,,,4067888211528,196477125916,11, 60.5 , 110.0 ,USD,2, $48.70 
Footwear,Unisex,Adult,Originals,Shoes - Low (No-Fb),JI0145,SUPERSTAR II ROYBLU/FTWWHT/CBLACK,Blue,,4067898515593,197611202098,4, 55.0 , 100.0 ,USD,0, $44.28 
Footwear,Unisex,Adult,Originals,Shoes - Low (No-Fb),JI0145,SUPERSTAR II ROYBLU/FTWWHT/CBLACK,Blue,,4067898515548,197611201336,4-, 55.0 , 100.0 ,USD,0, $44.28 
Footwear,Unisex,Adult,Originals,Shoes - Low (No-Fb),JI0145,SUPERSTAR II ROYBLU/FTWWHT/CBLACK,Blue,,4067898515579,197611201367,5, 55.0 , 100.0 ,USD,0, $44.28 
Footwear,Unisex,Adult,Originals,Shoes - Low (No-Fb),JI0145,SUPERSTAR II ROYBLU/FTWWHT/CBLACK,Blue,,4067898515623,197611202135,5-, 55.0 , 100.0 ,USD,0, $44.28 
Footwear,Unisex,Adult,Originals,Shoes - Low (No-Fb),JI0145,SUPERSTAR II ROYBLU/FTWWHT/CBLACK,Blue,,4067898515616,197611202111,6, 55.0 , 100.0 ,USD,0, $44.28 
Footwear,Unisex,Adult,Originals,Shoes - Low (No-Fb),JI0145,SUPERSTAR II ROYBLU/FTWWHT/CBLACK,Blue,,4067898515425,197611201213,6-, 55.0 , 100.0 ,USD,0, $44.28 
Footwear,Unisex,Adult,Originals,Shoes - Low (No-Fb),JI0145,SUPERSTAR II ROYBLU/FTWWHT/CBLACK,Blue,,4067898515449,197611201237,7, 55.0 , 100.0 ,USD,0, $44.28 
Footwear,Unisex,Adult,Originals,Shoes - Low (No-Fb),JI0145,SUPERSTAR II ROYBLU/FTWWHT/CBLACK,Blue,,4067898515470,197611201268,7-, 55.0 , 100.0 ,USD,0, $44.28 
Footwear,Unisex,Adult,Originals,Shoes - Low (No-Fb),JI0145,SUPERSTAR II ROYBLU/FTWWHT/CBLACK,Blue,,4067898519263,197611202142,8, 55.0 , 100.0 ,USD,0, $44.28 
Footwear,Unisex,Adult,Originals,Shoes - Low (No-Fb),JI0145,SUPERSTAR II ROYBLU/FTWWHT/CBLACK,Blue,,4067898515500,197611201299,8-, 55.0 , 100.0 ,USD,0, $44.28 
Footwear,Unisex,Adult,Originals,Shoes - Low (No-Fb),JI0145,SUPERSTAR II ROYBLU/FTWWHT/CBLACK,Blue,,4067898515432,197611201220,9, 55.0 , 100.0 ,USD,0, $44.28 
Footwear,Unisex,Adult,Originals,Shoes - Low (No-Fb),JI0145,SUPERSTAR II ROYBLU/FTWWHT/CBLACK,Blue,,4067898515586,197611202128,9-, 55.0 , 100.0 ,USD,0, $44.28 
Footwear,Unisex,Adult,Originals,Shoes - Low (No-Fb),JI0145,SUPERSTAR II ROYBLU/FTWWHT/CBLACK,Blue,,4067898515531,197611201329,10, 55.0 , 100.0 ,USD,1, $44.28 
Footwear,Unisex,Adult,Originals,Shoes - Low (No-Fb),JI0145,SUPERSTAR II ROYBLU/FTWWHT/CBLACK,Blue,,4067898515524,197611201312,10-, 55.0 , 100.0 ,USD,0, $44.28 
Footwear,Unisex,Adult,Originals,Shoes - Low (No-Fb),JI0145,SUPERSTAR II ROYBLU/FTWWHT/CBLACK,Blue,,4067898515456,197611201244,11, 55.0 , 100.0 ,USD,0, $44.28 
Footwear,Unisex,Adult,Originals,Shoes - Low (No-Fb),JI0145,SUPERSTAR II ROYBLU/FTWWHT/CBLACK,Blue,,4067898515562,197611201350,11-, 55.0 , 100.0 ,USD,0, $44.28 
Footwear,Unisex,Adult,Originals,Shoes - Low (No-Fb),JI0145,SUPERSTAR II ROYBLU/FTWWHT/CBLACK,Blue,,4067898515609,197611202104,12, 55.0 , 100.0 ,USD,0, $44.28 
Footwear,Unisex,Adult,Originals,Shoes - Low (No-Fb),JI0145,SUPERSTAR II ROYBLU/FTWWHT/CBLACK,Blue,,4067898515487,197611201275,12-, 55.0 , 100.0 ,USD,0, $44.28 
Footwear,Unisex,Adult,Originals,Shoes - Low (No-Fb),JI0145,SUPERSTAR II ROYBLU/FTWWHT/CBLACK,Blue,,4067898515517,197611201305,13, 55.0 , 100.0 ,USD,0, $44.28 
Footwear,Unisex,Adult,Originals,Shoes - Low (No-Fb),JI0145,SUPERSTAR II ROYBLU/FTWWHT/CBLACK,Blue,,4067898515494,197611201282,13-, 55.0 , 100.0 ,USD,0, $44.28 
Footwear,Unisex,Adult,Originals,Shoes - Low (No-Fb),JI0145,SUPERSTAR II ROYBLU/FTWWHT/CBLACK,Blue,,4067898515555,197611201343,14, 55.0 , 100.0 ,USD,0, $44.28 
Footwear,Unisex,Adult,Basketball,Shoes - Low (No-Fb),JS1775,ANTHONY EDWARDS 1 LOW METGRY/DOVGRY/FTWWHT,,,4068803409983,197619767469,4, 60.5 , 110.0 ,USD,0, $48.70 
Footwear,Unisex,Adult,Basketball,Shoes - Low (No-Fb),JS1775,ANTHONY EDWARDS 1 LOW METGRY/DOVGRY/FTWWHT,,,4068803406319,197619763805,4-, 60.5 , 110.0 ,USD,0, $48.70 
Footwear,Unisex,Adult,Basketball,Shoes - Low (No-Fb),JS1775,ANTHONY EDWARDS 1 LOW METGRY/DOVGRY/FTWWHT,,,4068803406258,197619763744,5, 60.5 , 110.0 ,USD,0, $48.70 
Footwear,Unisex,Adult,Basketball,Shoes - Low (No-Fb),JS1775,ANTHONY EDWARDS 1 LOW METGRY/DOVGRY/FTWWHT,,,4068803409990,197619767476,5-, 60.5 , 110.0 ,USD,0, $48.70 
Footwear,Unisex,Adult,Basketball,Shoes - Low (No-Fb),JS1775,ANTHONY EDWARDS 1 LOW METGRY/DOVGRY/FTWWHT,,,4068803406272,197619763768,6, 60.5 , 110.0 ,USD,0, $48.70 
Footwear,Unisex,Adult,Basketball,Shoes - Low (No-Fb),JS1775,ANTHONY EDWARDS 1 LOW METGRY/DOVGRY/FTWWHT,,,4068803409976,197619767452,6-, 60.5 , 110.0 ,USD,0, $48.70 
Footwear,Unisex,Adult,Basketball,Shoes - Low (No-Fb),JS1775,ANTHONY EDWARDS 1 LOW METGRY/DOVGRY/FTWWHT,,,4068803406326,197619763812,7, 60.5 , 110.0 ,USD,0, $48.70 
Footwear,Unisex,Adult,Basketball,Shoes - Low (No-Fb),JS1775,ANTHONY EDWARDS 1 LOW METGRY/DOVGRY/FTWWHT,,,4068803409945,197619763843,7-, 60.5 , 110.0 ,USD,13, $48.70 
Footwear,Unisex,Adult,Basketball,Shoes - Low (No-Fb),JS1775,ANTHONY EDWARDS 1 LOW METGRY/DOVGRY/FTWWHT,,,4068803406302,197619763799,8, 60.5 , 110.0 ,USD,0, $48.70 
Footwear,Unisex,Adult,Basketball,Shoes - Low (No-Fb),JS1775,ANTHONY EDWARDS 1 LOW METGRY/DOVGRY/FTWWHT,,,4068803406173,197619763669,8-, 60.5 , 110.0 ,USD,2, $48.70 
Footwear,Unisex,Adult,Basketball,Shoes - Low (No-Fb),JS1775,ANTHONY EDWARDS 1 LOW METGRY/DOVGRY/FTWWHT,,,4068803406234,197619763720,9, 60.5 , 110.0 ,USD,29, $48.70 
Footwear,Unisex,Adult,Basketball,Shoes - Low (No-Fb),JS1775,ANTHONY EDWARDS 1 LOW METGRY/DOVGRY/FTWWHT,,,4068803409952,197619767483,9-, 60.5 , 110.0 ,USD,0, $48.70 
Footwear,Unisex,Adult,Basketball,Shoes - Low (No-Fb),JS1775,ANTHONY EDWARDS 1 LOW METGRY/DOVGRY/FTWWHT,,,4068803406241,197619763737,10, 60.5 , 110.0 ,USD,0, $48.70 
Footwear,Unisex,Adult,Basketball,Shoes - Low (No-Fb),JS1775,ANTHONY EDWARDS 1 LOW METGRY/DOVGRY/FTWWHT,,,4068803406296,197619763782,10-, 60.5 , 110.0 ,USD,0, $48.70 
Footwear,Unisex,Adult,Basketball,Shoes - Low (No-Fb),JS1775,ANTHONY EDWARDS 1 LOW METGRY/DOVGRY/FTWWHT,,,4068803409938,197619763836,11, 60.5 , 110.0 ,USD,0, $48.70 
Footwear,Unisex,Adult,Basketball,Shoes - Low (No-Fb),JS1775,ANTHONY EDWARDS 1 LOW METGRY/DOVGRY/FTWWHT,,,4068803406159,197619763645,11-, 60.5 , 110.0 ,USD,0, $48.70 
Footwear,Unisex,Adult,Basketball,Shoes - Low (No-Fb),JS1775,ANTHONY EDWARDS 1 LOW METGRY/DOVGRY/FTWWHT,,,4068803406203,197619763690,12, 60.5 , 110.0 ,USD,0, $48.70 
Footwear,Unisex,Adult,Basketball,Shoes - Low (No-Fb),JS1775,ANTHONY EDWARDS 1 LOW METGRY/DOVGRY/FTWWHT,,,4068803410019,197619767506,12-, 60.5 , 110.0 ,USD,0, $48.70 
Footwear,Unisex,Adult,Basketball,Shoes - Low (No-Fb),JS1775,ANTHONY EDWARDS 1 LOW METGRY/DOVGRY/FTWWHT,,,4068803406180,197619763676,13, 60.5 , 110.0 ,USD,0, $48.70 
Footwear,Unisex,Adult,Basketball,Shoes - Low (No-Fb),JS1775,ANTHONY EDWARDS 1 LOW METGRY/DOVGRY/FTWWHT,,,4068803406197,197619763683,13-, 60.5 , 110.0 ,USD,0, $48.70 
Footwear,Unisex,Adult,Basketball,Shoes - Low (No-Fb),JS1775,ANTHONY EDWARDS 1 LOW METGRY/DOVGRY/FTWWHT,,,4068803406289,197619763775,14, 60.5 , 110.0 ,USD,0, $48.70 
Footwear,Unisex,Adult,Basketball,Shoes - Low (No-Fb),JS1775,ANTHONY EDWARDS 1 LOW METGRY/DOVGRY/FTWWHT,,,4068803406210,197619763706,14-, 60.5 , 110.0 ,USD,0, $48.70 
Footwear,Unisex,Adult,Basketball,Shoes - Low (No-Fb),JS1775,ANTHONY EDWARDS 1 LOW METGRY/DOVGRY/FTWWHT,,,4068803406166,197619763652,15, 60.5 , 110.0 ,USD,0, $48.70 
Footwear,Unisex,Adult,Basketball,Shoes - Low (No-Fb),JS1775,ANTHONY EDWARDS 1 LOW METGRY/DOVGRY/FTWWHT,,,4068803406265,197619763751,16, 60.5 , 110.0 ,USD,0, $48.70 
Footwear,Unisex,Adult,Basketball,Shoes - Low (No-Fb),JS1775,ANTHONY EDWARDS 1 LOW METGRY/DOVGRY/FTWWHT,,,4068803410002,197619767490,17, 60.5 , 110.0 ,USD,0, $48.70 
Footwear,Unisex,Adult,Basketball,Shoes - Low (No-Fb),JS1775,ANTHONY EDWARDS 1 LOW METGRY/DOVGRY/FTWWHT,,,4068803406227,197619763713,18, 60.5 , 110.0 ,USD,0, $48.70 
Footwear,Unisex,Adult,Basketball,Shoes - Low (No-Fb),JS1775,ANTHONY EDWARDS 1 LOW METGRY/DOVGRY/FTWWHT,,,4068803409969,197619763829,19, 60.5 , 110.0 ,USD,0, $48.70 
Footwear,Womens,Adult,Tennis,Shoes - Low (No-Fb),IG9540,AvaFlash FTWWHT/FTWWHT/SILVMT,White,,4066756605858,196464917647,5, 46.75 , 85.0 ,USD,0, $37.63 
Footwear,Womens,Adult,Tennis,Shoes - Low (No-Fb),IG9540,AvaFlash FTWWHT/FTWWHT/SILVMT,White,,4066756602222,196464914004,5-, 46.75 , 85.0 ,USD,1, $37.63 
Footwear,Womens,Adult,Tennis,Shoes - Low (No-Fb),IG9540,AvaFlash FTWWHT/FTWWHT/SILVMT,White,,4066756602178,196464913953,6, 46.75 , 85.0 ,USD,38, $37.63 
Footwear,Womens,Adult,Tennis,Shoes - Low (No-Fb),IG9540,AvaFlash FTWWHT/FTWWHT/SILVMT,White,,4066756605889,196464917630,6-, 46.75 , 85.0 ,USD,79, $37.63 
Footwear,Womens,Adult,Tennis,Shoes - Low (No-Fb),IG9540,AvaFlash FTWWHT/FTWWHT/SILVMT,White,,4066756605865,196464917654,7, 46.75 , 85.0 ,USD,125, $37.63 
Footwear,Womens,Adult,Tennis,Shoes - Low (No-Fb),IG9540,AvaFlash FTWWHT/FTWWHT/SILVMT,White,,4066756602239,196464917616,7-, 46.75 , 85.0 ,USD,118, $37.63 
Footwear,Womens,Adult,Tennis,Shoes - Low (No-Fb),IG9540,AvaFlash FTWWHT/FTWWHT/SILVMT,White,,4066756602185,196464913960,8, 46.75 , 85.0 ,USD,146, $37.63 
Footwear,Womens,Adult,Tennis,Shoes - Low (No-Fb),IG9540,AvaFlash FTWWHT/FTWWHT/SILVMT,White,,4066756602246,196464917623,8-, 46.75 , 85.0 ,USD,118, $37.63 
Footwear,Womens,Adult,Tennis,Shoes - Low (No-Fb),IG9540,AvaFlash FTWWHT/FTWWHT/SILVMT,White,,4066756602154,196464913939,9, 46.75 , 85.0 ,USD,86, $37.63 
Footwear,Womens,Adult,Tennis,Shoes - Low (No-Fb),IG9540,AvaFlash FTWWHT/FTWWHT/SILVMT,White,,4066756602208,196464913984,9-, 46.75 , 85.0 ,USD,85, $37.63 
Footwear,Womens,Adult,Tennis,Shoes - Low (No-Fb),IG9540,AvaFlash FTWWHT/FTWWHT/SILVMT,White,,4066756605872,196464917661,10, 46.75 , 85.0 ,USD,49, $37.63 
Footwear,Womens,Adult,Tennis,Shoes - Low (No-Fb),IG9540,AvaFlash FTWWHT/FTWWHT/SILVMT,White,,4066756602161,196464913946,10-, 46.75 , 85.0 ,USD,5, $37.63 
Footwear,Womens,Adult,Tennis,Shoes - Low (No-Fb),IG9540,AvaFlash FTWWHT/FTWWHT/SILVMT,White,,4066756602215,196464913991,11, 46.75 , 85.0 ,USD,34, $37.63 
Footwear,Womens,Adult,Tennis,Shoes - Low (No-Fb),IG9540,AvaFlash FTWWHT/FTWWHT/SILVMT,White,,4066756602192,196464913977,11-, 46.75 , 85.0 ,USD,9, $37.63 
Footwear,Unisex,Kids,Sportswear,Shoes - Low (No-Fb),IH1062,TENSAUR COMFORT AC C HIREYE/LUCBLU/LUCLEM,Yellow,,4067904590446,197615708794,10-K, 25.0 , 50.0 ,USD,0, $20.13 
Footwear,Unisex,Kids,Sportswear,Shoes - Low (No-Fb),IH1062,TENSAUR COMFORT AC C HIREYE/LUCBLU/LUCLEM,Yellow,,4067904590439,197615708787,11K, 25.0 , 50.0 ,USD,94, $20.13 
Footwear,Unisex,Kids,Sportswear,Shoes - Low (No-Fb),IH1062,TENSAUR COMFORT AC C HIREYE/LUCBLU/LUCLEM,Yellow,,4067904590408,197615708756,11-K, 25.0 , 50.0 ,USD,0, $20.13 
Footwear,Unisex,Kids,Sportswear,Shoes - Low (No-Fb),IH1062,TENSAUR COMFORT AC C HIREYE/LUCBLU/LUCLEM,Yellow,,4067904594079,197615708831,12K, 25.0 , 50.0 ,USD,210, $20.13 
Footwear,Unisex,Kids,Sportswear,Shoes - Low (No-Fb),IH1062,TENSAUR COMFORT AC C HIREYE/LUCBLU/LUCLEM,Yellow,,4067904590460,197615708817,12-K, 25.0 , 50.0 ,USD,0, $20.13 
Footwear,Unisex,Kids,Sportswear,Shoes - Low (No-Fb),IH1062,TENSAUR COMFORT AC C HIREYE/LUCBLU/LUCLEM,Yellow,,4067904594109,197615708824,13K, 25.0 , 50.0 ,USD,226, $20.13 
Footwear,Unisex,Kids,Sportswear,Shoes - Low (No-Fb),IH1062,TENSAUR COMFORT AC C HIREYE/LUCBLU/LUCLEM,Yellow,,4067904594093,197615712487,13-K, 25.0 , 50.0 ,USD,0, $20.13 
Footwear,Unisex,Kids,Sportswear,Shoes - Low (No-Fb),IH1062,TENSAUR COMFORT AC C HIREYE/LUCBLU/LUCLEM,Yellow,,4067904590415,197615708763,1, 25.0 , 50.0 ,USD,300+, $20.13 
Footwear,Unisex,Kids,Sportswear,Shoes - Low (No-Fb),IH1062,TENSAUR COMFORT AC C HIREYE/LUCBLU/LUCLEM,Yellow,,4067904590392,197615708749,1-, 25.0 , 50.0 ,USD,217, $20.13 
Footwear,Unisex,Kids,Sportswear,Shoes - Low (No-Fb),IH1062,TENSAUR COMFORT AC C HIREYE/LUCBLU/LUCLEM,Yellow,,4067904594086,197615708848,2, 25.0 , 50.0 ,USD,241, $20.13 
Footwear,Unisex,Kids,Sportswear,Shoes - Low (No-Fb),IH1062,TENSAUR COMFORT AC C HIREYE/LUCBLU/LUCLEM,Yellow,,4067904590453,197615708800,2-, 25.0 , 50.0 ,USD,246, $20.13 
Footwear,Unisex,Kids,Sportswear,Shoes - Low (No-Fb),IH1062,TENSAUR COMFORT AC C HIREYE/LUCBLU/LUCLEM,Yellow,,4067904590422,197615708770,3, 25.0 , 50.0 ,USD,300+, $20.13 
Footwear,Womens,Adult,Tennis,Shoes - Low (No-Fb),JP9741,AvaFlash CWHITE/SILVMT/LUCPNK,White,,4067907718168,197620967131,5, 46.75 , 85.0 ,USD,0, $37.63 
Footwear,Womens,Adult,Tennis,Shoes - Low (No-Fb),JP9741,AvaFlash CWHITE/SILVMT/LUCPNK,White,,4067907721823,197620970834,5-, 46.75 , 85.0 ,USD,0, $37.63 
Footwear,Womens,Adult,Tennis,Shoes - Low (No-Fb),JP9741,AvaFlash CWHITE/SILVMT/LUCPNK,White,,4067907721892,197620970865,6, 46.75 , 85.0 ,USD,10, $37.63 
Footwear,Womens,Adult,Tennis,Shoes - Low (No-Fb),JP9741,AvaFlash CWHITE/SILVMT/LUCPNK,White,,4067907718182,197620967155,6-, 46.75 , 85.0 ,USD,7, $37.63 
Footwear,Womens,Adult,Tennis,Shoes - Low (No-Fb),JP9741,AvaFlash CWHITE/SILVMT/LUCPNK,White,,4067907721847,197620970803,7, 46.75 , 85.0 ,USD,28, $37.63 
Footwear,Womens,Adult,Tennis,Shoes - Low (No-Fb),JP9741,AvaFlash CWHITE/SILVMT/LUCPNK,White,,4067907721854,197620970810,7-, 46.75 , 85.0 ,USD,27, $37.63 
Footwear,Womens,Adult,Tennis,Shoes - Low (No-Fb),JP9741,AvaFlash CWHITE/SILVMT/LUCPNK,White,,4067907721878,197620970841,8, 46.75 , 85.0 ,USD,23, $37.63 
Footwear,Womens,Adult,Tennis,Shoes - Low (No-Fb),JP9741,AvaFlash CWHITE/SILVMT/LUCPNK,White,,4067907721885,197620970858,8-, 46.75 , 85.0 ,USD,31, $37.63 
Footwear,Womens,Adult,Tennis,Shoes - Low (No-Fb),JP9741,AvaFlash CWHITE/SILVMT/LUCPNK,White,,4067907721830,197620967179,9, 46.75 , 85.0 ,USD,20, $37.63 
Footwear,Womens,Adult,Tennis,Shoes - Low (No-Fb),JP9741,AvaFlash CWHITE/SILVMT/LUCPNK,White,,4067907721809,197620967186,9-, 46.75 , 85.0 ,USD,0, $37.63 
Footwear,Womens,Adult,Tennis,Shoes - Low (No-Fb),JP9741,AvaFlash CWHITE/SILVMT/LUCPNK,White,,4067907721861,197620970827,10, 46.75 , 85.0 ,USD,0, $37.63 
Footwear,Womens,Adult,Tennis,Shoes - Low (No-Fb),JP9741,AvaFlash CWHITE/SILVMT/LUCPNK,White,,4067907718199,197620967162,10-, 46.75 , 85.0 ,USD,0, $37.63 
Footwear,Womens,Adult,Tennis,Shoes - Low (No-Fb),JP9741,AvaFlash CWHITE/SILVMT/LUCPNK,White,,4067907718175,197620967148,11, 46.75 , 85.0 ,USD,0, $37.63 
Footwear,Womens,Adult,Tennis,Shoes - Low (No-Fb),JP9741,AvaFlash CWHITE/SILVMT/LUCPNK,White,,4067907721816,197620967193,11-, 46.75 , 85.0 ,USD,0, $37.63 
Footwear,Unisex,Junior,Running,Shoes - Low (No-Fb),IE8585,RUNFALCON 5 J CBLACK/PINSPA/SILVMT,Black,,4067888502381,196477734378,3-, 27.5 , 55.0 ,USD,0, $22.14 
Footwear,Unisex,Junior,Running,Shoes - Low (No-Fb),IE8585,RUNFALCON 5 J CBLACK/PINSPA/SILVMT,Black,,4067888502350,196477734347,4, 27.5 , 55.0 ,USD,0, $22.14 
Footwear,Unisex,Junior,Running,Shoes - Low (No-Fb),IE8585,RUNFALCON 5 J CBLACK/PINSPA/SILVMT,Black,,4067888502428,196477734415,4-, 27.5 , 55.0 ,USD,0, $22.14 
Footwear,Unisex,Junior,Running,Shoes - Low (No-Fb),IE8585,RUNFALCON 5 J CBLACK/PINSPA/SILVMT,Black,,4067888502398,196477734385,5, 27.5 , 55.0 ,USD,1, $22.14 
Footwear,Unisex,Junior,Running,Shoes - Low (No-Fb),IE8585,RUNFALCON 5 J CBLACK/PINSPA/SILVMT,Black,,4067888502411,196477734408,5-, 27.5 , 55.0 ,USD,0, $22.14 
Footwear,Unisex,Junior,Running,Shoes - Low (No-Fb),IE8585,RUNFALCON 5 J CBLACK/PINSPA/SILVMT,Black,,4067888502404,196477734392,6, 27.5 , 55.0 ,USD,0, $22.14 
Footwear,Unisex,Junior,Running,Shoes - Low (No-Fb),IE8585,RUNFALCON 5 J CBLACK/PINSPA/SILVMT,Black,,4067888502367,196477734354,6-, 27.5 , 55.0 ,USD,1, $22.14 
Footwear,Unisex,Junior,Running,Shoes - Low (No-Fb),IE8585,RUNFALCON 5 J CBLACK/PINSPA/SILVMT,Black,,4067888502374,196477734361,7, 27.5 , 55.0 ,USD,0, $22.14 
Apparel,Mens,Adult,Soccer,Jersey (Short Sl.),CD8438,ENTRADA 18 JSY WHITE/BLACK,White,,4058031609200,191021352572,Y2XS, 11.0 , 22.0 ,USD,0, $8.86 
Apparel,Mens,Adult,Soccer,Jersey (Short Sl.),CD8438,ENTRADA 18 JSY WHITE/BLACK,White,,4058031606926,191021352459,YXS, 11.0 , 22.0 ,USD,0, $8.86 
Apparel,Mens,Adult,Soccer,Jersey (Short Sl.),CD8438,ENTRADA 18 JSY WHITE/BLACK,White,,4058031606940,191021352473,YS, 11.0 , 22.0 ,USD,0, $8.86 
Apparel,Mens,Adult,Soccer,Jersey (Short Sl.),CD8438,ENTRADA 18 JSY WHITE/BLACK,White,,4058031606957,191021352480,YM, 11.0 , 22.0 ,USD,0, $8.86 
Apparel,Mens,Adult,Soccer,Jersey (Short Sl.),CD8438,ENTRADA 18 JSY WHITE/BLACK,White,,4058031606971,191021352503,XS, 11.0 , 22.0 ,USD,0, $8.86 
Apparel,Mens,Adult,Soccer,Jersey (Short Sl.),CD8438,ENTRADA 18 JSY WHITE/BLACK,White,,4058031609217,191021352589,S, 11.0 , 22.0 ,USD,17, $8.86 
Apparel,Mens,Adult,Soccer,Jersey (Short Sl.),CD8438,ENTRADA 18 JSY WHITE/BLACK,White,,4058031606902,191021352435,M, 11.0 , 22.0 ,USD,11, $8.86 
Apparel,Mens,Adult,Soccer,Jersey (Short Sl.),CD8438,ENTRADA 18 JSY WHITE/BLACK,White,,4058031609163,191021352534,L, 11.0 , 22.0 ,USD,9, $8.86 
Apparel,Mens,Adult,Soccer,Jersey (Short Sl.),CD8438,ENTRADA 18 JSY WHITE/BLACK,White,,4058031609194,191021352565,XL, 11.0 , 22.0 ,USD,2, $8.86 
Apparel,Mens,Adult,Soccer,Jersey (Short Sl.),CD8438,ENTRADA 18 JSY WHITE/BLACK,White,,4058031606919,191021352442,2XL, 11.0 , 22.0 ,USD,0, $8.86 
Apparel,Womens,Adult,Soccer,Shorts (1/4),HZ8280,TIRO23 CM SHOSW WHITE/WHITE,White,,4065432812283,195744198448,2XS, 17.5 , 35.0 ,USD,0, $14.09 
Apparel,Womens,Adult,Soccer,Shorts (1/4),HZ8280,TIRO23 CM SHOSW WHITE/WHITE,White,,4065432811200,195744198356,XS, 17.5 , 35.0 ,USD,0, $14.09 
Apparel,Womens,Adult,Soccer,Shorts (1/4),HZ8280,TIRO23 CM SHOSW WHITE/WHITE,White,,4065432812269,195744198462,S, 17.5 , 35.0 ,USD,300+, $14.09 
Apparel,Womens,Adult,Soccer,Shorts (1/4),HZ8280,TIRO23 CM SHOSW WHITE/WHITE,White,,4065432811194,195744198349,M, 17.5 , 35.0 ,USD,173, $14.09 
Apparel,Womens,Adult,Soccer,Shorts (1/4),HZ8280,TIRO23 CM SHOSW WHITE/WHITE,White,,4065432812313,195744201612,L, 17.5 , 35.0 ,USD,0, $14.09 
Apparel,Womens,Adult,Soccer,Shorts (1/4),HZ8280,TIRO23 CM SHOSW WHITE/WHITE,White,,4065432811224,195744198370,XL, 17.5 , 35.0 ,USD,0, $14.09 
Apparel,Womens,Adult,Soccer,Shorts (1/4),HZ8280,TIRO23 CM SHOSW WHITE/WHITE,White,,4065432812290,195744198486,2XL, 17.5 , 35.0 ,USD,0, $14.09 
Footwear,Unisex,Adult,Originals,Shoes - Low (No-Fb),JQ0050,CAMPUS VULC WONQUA/PRERUB/FTWWHT,,,4067903018781,197614703875,4, 49.5 , 90.0 ,USD,0, $39.85 
Footwear,Unisex,Adult,Originals,Shoes - Low (No-Fb),JQ0050,CAMPUS VULC WONQUA/PRERUB/FTWWHT,,,4067903018880,197614707569,4-, 49.5 , 90.0 ,USD,0, $39.85 
Footwear,Unisex,Adult,Originals,Shoes - Low (No-Fb),JQ0050,CAMPUS VULC WONQUA/PRERUB/FTWWHT,,,4067903018910,197614707606,5, 49.5 , 90.0 ,USD,0, $39.85 
Footwear,Unisex,Adult,Originals,Shoes - Low (No-Fb),JQ0050,CAMPUS VULC WONQUA/PRERUB/FTWWHT,,,4067903018866,197614707583,5-, 49.5 , 90.0 ,USD,0, $39.85 
Footwear,Unisex,Adult,Originals,Shoes - Low (No-Fb),JQ0050,CAMPUS VULC WONQUA/PRERUB/FTWWHT,,,4067903022597,197614707651,6, 49.5 , 90.0 ,USD,0, $39.85 
Footwear,Unisex,Adult,Originals,Shoes - Low (No-Fb),JQ0050,CAMPUS VULC WONQUA/PRERUB/FTWWHT,,,4067903018828,197614703912,6-, 49.5 , 90.0 ,USD,0, $39.85 
Footwear,Unisex,Adult,Originals,Shoes - Low (No-Fb),JQ0050,CAMPUS VULC WONQUA/PRERUB/FTWWHT,,,4067903018873,197614707552,7, 49.5 , 90.0 ,USD,0, $39.85 
Footwear,Unisex,Adult,Originals,Shoes - Low (No-Fb),JQ0050,CAMPUS VULC WONQUA/PRERUB/FTWWHT,,,4067903018811,197614703905,7-, 49.5 , 90.0 ,USD,0, $39.85 
Footwear,Unisex,Adult,Originals,Shoes - Low (No-Fb),JQ0050,CAMPUS VULC WONQUA/PRERUB/FTWWHT,,,4067903018927,197614707613,8, 49.5 , 90.0 ,USD,60, $39.85 
Footwear,Unisex,Adult,Originals,Shoes - Low (No-Fb),JQ0050,CAMPUS VULC WONQUA/PRERUB/FTWWHT,,,4067903018941,197614707637,8-, 49.5 , 90.0 ,USD,0, $39.85 
Footwear,Unisex,Adult,Originals,Shoes - Low (No-Fb),JQ0050,CAMPUS VULC WONQUA/PRERUB/FTWWHT,,,4067903022566,197614707668,9, 49.5 , 90.0 ,USD,0, $39.85 
Footwear,Unisex,Adult,Originals,Shoes - Low (No-Fb),JQ0050,CAMPUS VULC WONQUA/PRERUB/FTWWHT,,,4067903018934,197614707620,9-, 49.5 , 90.0 ,USD,0, $39.85 
Footwear,Unisex,Adult,Originals,Shoes - Low (No-Fb),JQ0050,CAMPUS VULC WONQUA/PRERUB/FTWWHT,,,4067903018798,197614703882,10, 49.5 , 90.0 ,USD,0, $39.85 
Footwear,Unisex,Adult,Originals,Shoes - Low (No-Fb),JQ0050,CAMPUS VULC WONQUA/PRERUB/FTWWHT,,,4067903018804,197614703899,10-, 49.5 , 90.0 ,USD,0, $39.85 
Footwear,Unisex,Adult,Originals,Shoes - Low (No-Fb),JQ0050,CAMPUS VULC WONQUA/PRERUB/FTWWHT,,,4067903018897,197614707576,11, 49.5 , 90.0 ,USD,0, $39.85 
Footwear,Unisex,Adult,Originals,Shoes - Low (No-Fb),JQ0050,CAMPUS VULC WONQUA/PRERUB/FTWWHT,,,4067903022580,197614707682,11-, 49.5 , 90.0 ,USD,0, $39.85 
Footwear,Unisex,Adult,Originals,Shoes - Low (No-Fb),JQ0050,CAMPUS VULC WONQUA/PRERUB/FTWWHT,,,4067903018903,197614707590,12, 49.5 , 90.0 ,USD,0, $39.85 
Footwear,Unisex,Adult,Originals,Shoes - Low (No-Fb),JQ0050,CAMPUS VULC WONQUA/PRERUB/FTWWHT,,,4067903022573,197614707675,12-, 49.5 , 90.0 ,USD,0, $39.85 
Footwear,Unisex,Adult,Originals,Shoes - Low (No-Fb),JQ0050,CAMPUS VULC WONQUA/PRERUB/FTWWHT,,,4067903018859,197614703943,13, 49.5 , 90.0 ,USD,0, $39.85 
Footwear,Unisex,Adult,Originals,Shoes - Low (No-Fb),JQ0050,CAMPUS VULC WONQUA/PRERUB/FTWWHT,,,4067903018958,197614707644,13-, 49.5 , 90.0 ,USD,0, $39.85 
Footwear,Unisex,Adult,Originals,Shoes - Low (No-Fb),JQ0050,CAMPUS VULC WONQUA/PRERUB/FTWWHT,,,4067903018842,197614703936,14, 49.5 , 90.0 ,USD,0, $39.85 
Footwear,Unisex,Junior,Basketball,Shoes - Low (No-Fb),JR3916,ANTHONY EDWARDS 1 J LOW FTWWHT/ACIORA/BLIPNK,White,,4068803410088,197619767575,3-, 45.0 , 90.0 ,USD,2, $36.23 
Footwear,Unisex,Junior,Basketball,Shoes - Low (No-Fb),JR3916,ANTHONY EDWARDS 1 J LOW FTWWHT/ACIORA/BLIPNK,White,,4068803410026,197619767513,4, 45.0 , 90.0 ,USD,3, $36.23 
Footwear,Unisex,Junior,Basketball,Shoes - Low (No-Fb),JR3916,ANTHONY EDWARDS 1 J LOW FTWWHT/ACIORA/BLIPNK,White,,4068803410040,197619767537,4-, 45.0 , 90.0 ,USD,0, $36.23 
Footwear,Unisex,Junior,Basketball,Shoes - Low (No-Fb),JR3916,ANTHONY EDWARDS 1 J LOW FTWWHT/ACIORA/BLIPNK,White,,4068803410033,197619767520,5, 45.0 , 90.0 ,USD,0, $36.23 
Footwear,Unisex,Junior,Basketball,Shoes - Low (No-Fb),JR3916,ANTHONY EDWARDS 1 J LOW FTWWHT/ACIORA/BLIPNK,White,,4068803410071,197619767568,5-, 45.0 , 90.0 ,USD,0, $36.23 
Footwear,Unisex,Junior,Basketball,Shoes - Low (No-Fb),JR3916,ANTHONY EDWARDS 1 J LOW FTWWHT/ACIORA/BLIPNK,White,,4068803410095,197619767582,6, 45.0 , 90.0 ,USD,0, $36.23 
Footwear,Unisex,Junior,Basketball,Shoes - Low (No-Fb),JR3916,ANTHONY EDWARDS 1 J LOW FTWWHT/ACIORA/BLIPNK,White,,4068803410057,197619767544,6-, 45.0 , 90.0 ,USD,0, $36.23 
Footwear,Unisex,Junior,Basketball,Shoes - Low (No-Fb),JR3916,ANTHONY EDWARDS 1 J LOW FTWWHT/ACIORA/BLIPNK,White,,4068803410064,197619767551,7, 45.0 , 90.0 ,USD,0, $36.23 
Apparel,Womens,Adult,Trail Running,Windbreaker,JL9768,W MT P WIND J PREPUR/POWPLU,,,4068811757038,197626811148,XS, 50.0 , 100.0 ,USD,12, $40.25 
Apparel,Womens,Adult,Trail Running,Windbreaker,JL9768,W MT P WIND J PREPUR/POWPLU,,,4068811760694,197626814804,S, 50.0 , 100.0 ,USD,35, $40.25 
Apparel,Womens,Adult,Trail Running,Windbreaker,JL9768,W MT P WIND J PREPUR/POWPLU,,,4068811760762,197626814873,M, 50.0 , 100.0 ,USD,44, $40.25 
Apparel,Womens,Adult,Trail Running,Windbreaker,JL9768,W MT P WIND J PREPUR/POWPLU,,,4068811760687,197626811193,L, 50.0 , 100.0 ,USD,35, $40.25 
Apparel,Womens,Adult,Trail Running,Windbreaker,JL9768,W MT P WIND J PREPUR/POWPLU,,,4068811760717,197626814828,XL, 50.0 , 100.0 ,USD,33, $40.25 
Apparel,Womens,Adult,Trail Running,Windbreaker,JL9768,W MT P WIND J PREPUR/POWPLU,,,4068811760779,197626814880,2XL, 50.0 , 100.0 ,USD,4, $40.25 
Apparel,Womens,Adult,Trail Running,Windbreaker,JL9768,W MT P WIND J PREPUR/POWPLU,,,4068811760663,197626811179,3XL, 50.0 , 100.0 ,USD,4, $40.25 
Apparel,Mens,Adult,Trail Running,Windbreaker,JL9769,XPR LIGHT WW PURTEA,,,4068811726249,197626780352,XS, 75.0 , 150.0 ,USD,2, $60.38 
Apparel,Mens,Adult,Trail Running,Windbreaker,JL9769,XPR LIGHT WW PURTEA,,,4068811726157,197626780260,S, 75.0 , 150.0 ,USD,6, $60.38 
Apparel,Mens,Adult,Trail Running,Windbreaker,JL9769,XPR LIGHT WW PURTEA,,,4068811726263,197626780376,M, 75.0 , 150.0 ,USD,0, $60.38 
Apparel,Mens,Adult,Trail Running,Windbreaker,JL9769,XPR LIGHT WW PURTEA,,,4068811726256,197626780369,L, 75.0 , 150.0 ,USD,18, $60.38 
Apparel,Mens,Adult,Trail Running,Windbreaker,JL9769,XPR LIGHT WW PURTEA,,,4068811726294,197626780406,XL, 75.0 , 150.0 ,USD,12, $60.38 
Apparel,Mens,Adult,Trail Running,Windbreaker,JL9769,XPR LIGHT WW PURTEA,,,4068811726140,197626780253,2XL, 75.0 , 150.0 ,USD,9, $60.38 
Footwear,Unisex,Adult,Originals,Shoes - Low (No-Fb),JQ0052,CAMPUS VULC GREEN/FTWWHT/GREEN,Green,,4067903026502,197614711597,4, 49.5 , 90.0 ,USD,0, $39.85 
Footwear,Unisex,Adult,Originals,Shoes - Low (No-Fb),JQ0052,CAMPUS VULC GREEN/FTWWHT/GREEN,Green,,4067903026472,197614711566,4-, 49.5 , 90.0 ,USD,0, $39.85 
Footwear,Unisex,Adult,Originals,Shoes - Low (No-Fb),JQ0052,CAMPUS VULC GREEN/FTWWHT/GREEN,Green,,4067903026465,197614711559,5, 49.5 , 90.0 ,USD,0, $39.85 
Footwear,Unisex,Adult,Originals,Shoes - Low (No-Fb),JQ0052,CAMPUS VULC GREEN/FTWWHT/GREEN,Green,,4067903026601,197614715298,5-, 49.5 , 90.0 ,USD,9, $39.85 
Footwear,Unisex,Adult,Originals,Shoes - Low (No-Fb),JQ0052,CAMPUS VULC GREEN/FTWWHT/GREEN,Green,,4067903026625,197614715311,6, 49.5 , 90.0 ,USD,0, $39.85 
Footwear,Unisex,Adult,Originals,Shoes - Low (No-Fb),JQ0052,CAMPUS VULC GREEN/FTWWHT/GREEN,Green,,4067903026441,197614711535,6-, 49.5 , 90.0 ,USD,0, $39.85 
Footwear,Unisex,Adult,Originals,Shoes - Low (No-Fb),JQ0052,CAMPUS VULC GREEN/FTWWHT/GREEN,Green,,4067903026540,197614715267,7, 49.5 , 90.0 ,USD,2, $39.85 
Footwear,Unisex,Adult,Originals,Shoes - Low (No-Fb),JQ0052,CAMPUS VULC GREEN/FTWWHT/GREEN,Green,,4067903026519,197614711603,7-, 49.5 , 90.0 ,USD,1, $39.85 
Footwear,Unisex,Adult,Originals,Shoes - Low (No-Fb),JQ0052,CAMPUS VULC GREEN/FTWWHT/GREEN,Green,,4067903026618,197614715304,8, 49.5 , 90.0 ,USD,0, $39.85 
Footwear,Unisex,Adult,Originals,Shoes - Low (No-Fb),JQ0052,CAMPUS VULC GREEN/FTWWHT/GREEN,Green,,4067903026564,197614715243,8-, 49.5 , 90.0 ,USD,0, $39.85 
Footwear,Unisex,Adult,Originals,Shoes - Low (No-Fb),JQ0052,CAMPUS VULC GREEN/FTWWHT/GREEN,Green,,4067903026526,197614711610,9, 49.5 , 90.0 ,USD,0, $39.85 
Footwear,Unisex,Adult,Originals,Shoes - Low (No-Fb),JQ0052,CAMPUS VULC GREEN/FTWWHT/GREEN,Green,,4067903026496,197614711580,9-, 49.5 , 90.0 ,USD,1, $39.85 
Footwear,Unisex,Adult,Originals,Shoes - Low (No-Fb),JQ0052,CAMPUS VULC GREEN/FTWWHT/GREEN,Green,,4067903026489,197614711573,10, 49.5 , 90.0 ,USD,0, $39.85 
Footwear,Unisex,Adult,Originals,Shoes - Low (No-Fb),JQ0052,CAMPUS VULC GREEN/FTWWHT/GREEN,Green,,4067903026427,197614711528,10-, 49.5 , 90.0 ,USD,0, $39.85 
Footwear,Unisex,Adult,Originals,Shoes - Low (No-Fb),JQ0052,CAMPUS VULC GREEN/FTWWHT/GREEN,Green,,4067903026410,197614711511,11, 49.5 , 90.0 ,USD,0, $39.85 
Footwear,Unisex,Adult,Originals,Shoes - Low (No-Fb),JQ0052,CAMPUS VULC GREEN/FTWWHT/GREEN,Green,,4067903026458,197614711542,11-, 49.5 , 90.0 ,USD,0, $39.85 
Footwear,Unisex,Adult,Originals,Shoes - Low (No-Fb),JQ0052,CAMPUS VULC GREEN/FTWWHT/GREEN,Green,,4067903026571,197614715250,12, 49.5 , 90.0 ,USD,0, $39.85 
Footwear,Unisex,Adult,Originals,Shoes - Low (No-Fb),JQ0052,CAMPUS VULC GREEN/FTWWHT/GREEN,Green,,4067903026632,197614715328,12-, 49.5 , 90.0 ,USD,0, $39.85 
Footwear,Unisex,Adult,Originals,Shoes - Low (No-Fb),JQ0052,CAMPUS VULC GREEN/FTWWHT/GREEN,Green,,4067903026588,197614715274,13, 49.5 , 90.0 ,USD,1, $39.85 
Footwear,Unisex,Adult,Originals,Shoes - Low (No-Fb),JQ0052,CAMPUS VULC GREEN/FTWWHT/GREEN,Green,,4067903026595,197614715281,13-, 49.5 , 90.0 ,USD,0, $39.85 
Footwear,Unisex,Adult,Originals,Shoes - Low (No-Fb),JQ0052,CAMPUS VULC GREEN/FTWWHT/GREEN,Green,,4067903026557,197614715236,14, 49.5 , 90.0 ,USD,0, $39.85 
Footwear,Unisex,Adult,Soccer,Soccer Shoe-Indoor,IH8360,F50 FREESTYLE 24 MESSI LTPINK/SILVMT/CBLACK,Pink,,4067897688557,197609791436,6-, 55.0 , 100.0 ,USD,0, $44.28 
Footwear,Unisex,Adult,Soccer,Soccer Shoe-Indoor,IH8360,F50 FREESTYLE 24 MESSI LTPINK/SILVMT/CBLACK,Pink,,4067897688526,197609791405,7, 55.0 , 100.0 ,USD,0, $44.28 
Footwear,Unisex,Adult,Soccer,Soccer Shoe-Indoor,IH8360,F50 FREESTYLE 24 MESSI LTPINK/SILVMT/CBLACK,Pink,,4067897689356,197609795083,7-, 55.0 , 100.0 ,USD,11, $44.28 
Footwear,Unisex,Adult,Soccer,Soccer Shoe-Indoor,IH8360,F50 FREESTYLE 24 MESSI LTPINK/SILVMT/CBLACK,Pink,,4067897689325,197609795090,8, 55.0 , 100.0 ,USD,100, $44.28 
Footwear,Unisex,Adult,Soccer,Soccer Shoe-Indoor,IH8360,F50 FREESTYLE 24 MESSI LTPINK/SILVMT/CBLACK,Pink,,4067897688540,197609791429,8-, 55.0 , 100.0 ,USD,115, $44.28 
Footwear,Unisex,Adult,Soccer,Soccer Shoe-Indoor,IH8360,F50 FREESTYLE 24 MESSI LTPINK/SILVMT/CBLACK,Pink,,4067897689349,197609795113,9, 55.0 , 100.0 ,USD,43, $44.28 
Footwear,Unisex,Adult,Soccer,Soccer Shoe-Indoor,IH8360,F50 FREESTYLE 24 MESSI LTPINK/SILVMT/CBLACK,Pink,,4067897689332,197609795106,9-, 55.0 , 100.0 ,USD,32, $44.28 
Footwear,Unisex,Adult,Soccer,Soccer Shoe-Indoor,IH8360,F50 FREESTYLE 24 MESSI LTPINK/SILVMT/CBLACK,Pink,,4067897688564,197609795076,10, 55.0 , 100.0 ,USD,28, $44.28 
Footwear,Unisex,Adult,Soccer,Soccer Shoe-Indoor,IH8360,F50 FREESTYLE 24 MESSI LTPINK/SILVMT/CBLACK,Pink,,4067897688571,197609795045,10-, 55.0 , 100.0 ,USD,22, $44.28 
Footwear,Unisex,Adult,Soccer,Soccer Shoe-Indoor,IH8360,F50 FREESTYLE 24 MESSI LTPINK/SILVMT/CBLACK,Pink,,4067897688496,197609791375,11, 55.0 , 100.0 ,USD,54, $44.28 
Footwear,Unisex,Adult,Soccer,Soccer Shoe-Indoor,IH8360,F50 FREESTYLE 24 MESSI LTPINK/SILVMT/CBLACK,Pink,,4067897688502,197609791382,11-, 55.0 , 100.0 ,USD,14, $44.28 
Footwear,Unisex,Adult,Soccer,Soccer Shoe-Indoor,IH8360,F50 FREESTYLE 24 MESSI LTPINK/SILVMT/CBLACK,Pink,,4067897688588,197609795052,12, 55.0 , 100.0 ,USD,13, $44.28 
Footwear,Unisex,Adult,Soccer,Soccer Shoe-Indoor,IH8360,F50 FREESTYLE 24 MESSI LTPINK/SILVMT/CBLACK,Pink,,4067897688533,197609791412,12-, 55.0 , 100.0 ,USD,0, $44.28 
Footwear,Unisex,Adult,Soccer,Soccer Shoe-Indoor,IH8360,F50 FREESTYLE 24 MESSI LTPINK/SILVMT/CBLACK,Pink,,4067897688595,197609795069,13, 55.0 , 100.0 ,USD,5, $44.28 
Footwear,Unisex,Adult,Soccer,Soccer Shoe-Indoor,IH8360,F50 FREESTYLE 24 MESSI LTPINK/SILVMT/CBLACK,Pink,,4067897688519,197609791399,13-, 55.0 , 100.0 ,USD,0, $44.28 
Apparel,Mens,Adult,Training,Graphic T (Short Sl),IB8275,TR-ES FR LOGO T DKBLUE/WHITE,Blue,,4065432951340,195744132879,XS, 15.0 , 30.0 ,USD,0, $12.08 
Apparel,Mens,Adult,Training,Graphic T (Short Sl),IB8275,TR-ES FR LOGO T DKBLUE/WHITE,Blue,,4065432951296,195744132824,S, 15.0 , 30.0 ,USD,0, $12.08 
Apparel,Mens,Adult,Training,Graphic T (Short Sl),IB8275,TR-ES FR LOGO T DKBLUE/WHITE,Blue,,4065432951289,195744132817,M, 15.0 , 30.0 ,USD,16, $12.08 
Apparel,Mens,Adult,Training,Graphic T (Short Sl),IB8275,TR-ES FR LOGO T DKBLUE/WHITE,Blue,,4065432947596,195744131285,L, 15.0 , 30.0 ,USD,6, $12.08 
Apparel,Mens,Adult,Training,Graphic T (Short Sl),IB8275,TR-ES FR LOGO T DKBLUE/WHITE,Blue,,4065432951272,195744132800,XL, 15.0 , 30.0 ,USD,20, $12.08 
Apparel,Mens,Adult,Training,Graphic T (Short Sl),IB8275,TR-ES FR LOGO T DKBLUE/WHITE,Blue,,4065432951234,195744132770,2XL, 15.0 , 30.0 ,USD,8, $12.08 
Apparel,Mens,Adult,Training,Graphic T (Short Sl),IB8275,TR-ES FR LOGO T DKBLUE/WHITE,Blue,,4065432951319,195744132848,3XL, 15.0 , 30.0 ,USD,0, $12.08 
Apparel,Mens,Adult,Training,Graphic T (Short Sl),IB8275,TR-ES FR LOGO T DKBLUE/WHITE,Blue,,4065432951326,195744132855,4XL, 15.0 , 30.0 ,USD,0, $12.08 
Apparel,Mens,Adult,Training,Graphic T (Short Sl),IB8275,TR-ES FR LOGO T DKBLUE/WHITE,Blue,,4065432951333,195744132862,ST, 15.0 , 30.0 ,USD,0, $12.08 
Apparel,Mens,Adult,Training,Graphic T (Short Sl),IB8275,TR-ES FR LOGO T DKBLUE/WHITE,Blue,,4065432951210,195744132749,MT, 15.0 , 30.0 ,USD,0, $12.08 
Apparel,Mens,Adult,Training,Graphic T (Short Sl),IB8275,TR-ES FR LOGO T DKBLUE/WHITE,Blue,,4065432951388,195744132916,LT, 15.0 , 30.0 ,USD,0, $12.08 
Apparel,Mens,Adult,Training,Graphic T (Short Sl),IB8275,TR-ES FR LOGO T DKBLUE/WHITE,Blue,,4065432947572,195744131261,XLT, 15.0 , 30.0 ,USD,0, $12.08 
Apparel,Mens,Adult,Training,Graphic T (Short Sl),IB8275,TR-ES FR LOGO T DKBLUE/WHITE,Blue,,4065432951395,195744132923,2XLT, 15.0 , 30.0 ,USD,0, $12.08 
Apparel,Mens,Adult,Training,Graphic T (Short Sl),IB8275,TR-ES FR LOGO T DKBLUE/WHITE,Blue,,4065432951241,195744132732,3XLT, 15.0 , 30.0 ,USD,0, $12.08 
Apparel,Mens,Adult,Training,Graphic T (Short Sl),IB8275,TR-ES FR LOGO T DKBLUE/WHITE,Blue,,4065432951364,195744132893,4XLT, 15.0 , 30.0 ,USD,0, $12.08 
Footwear,Mens,Adult,Tennis,Shoes - Low (No-Fb),IH2561,adizero Cybersonic 2 M CBLACK/ZEROMT/CARBON,Black,,4067892294593,197615617720,6-, 93.5 , 170.0 ,USD,0, $75.27 
Footwear,Mens,Adult,Tennis,Shoes - Low (No-Fb),IH2561,adizero Cybersonic 2 M CBLACK/ZEROMT/CARBON,Black,,4067892294579,197615617706,7, 93.5 , 170.0 ,USD,0, $75.27 
Footwear,Mens,Adult,Tennis,Shoes - Low (No-Fb),IH2561,adizero Cybersonic 2 M CBLACK/ZEROMT/CARBON,Black,,4067892294623,197615617744,7-, 93.5 , 170.0 ,USD,0, $75.27 
Footwear,Mens,Adult,Tennis,Shoes - Low (No-Fb),IH2561,adizero Cybersonic 2 M CBLACK/ZEROMT/CARBON,Black,,4067892294678,197615617799,8, 93.5 , 170.0 ,USD,0, $75.27 
Footwear,Mens,Adult,Tennis,Shoes - Low (No-Fb),IH2561,adizero Cybersonic 2 M CBLACK/ZEROMT/CARBON,Black,,4067892294692,197615617812,8-, 93.5 , 170.0 ,USD,32, $75.27 
Footwear,Mens,Adult,Tennis,Shoes - Low (No-Fb),IH2561,adizero Cybersonic 2 M CBLACK/ZEROMT/CARBON,Black,,4067892294616,197615617737,9, 93.5 , 170.0 ,USD,0, $75.27 
Footwear,Mens,Adult,Tennis,Shoes - Low (No-Fb),IH2561,adizero Cybersonic 2 M CBLACK/ZEROMT/CARBON,Black,,4067892294586,197615617713,9-, 93.5 , 170.0 ,USD,7, $75.27 
Footwear,Mens,Adult,Tennis,Shoes - Low (No-Fb),IH2561,adizero Cybersonic 2 M CBLACK/ZEROMT/CARBON,Black,,4067892294609,197615617690,10, 93.5 , 170.0 ,USD,0, $75.27 
Footwear,Mens,Adult,Tennis,Shoes - Low (No-Fb),IH2561,adizero Cybersonic 2 M CBLACK/ZEROMT/CARBON,Black,,4067892294739,197615617850,10-, 93.5 , 170.0 ,USD,0, $75.27 
Footwear,Mens,Adult,Tennis,Shoes - Low (No-Fb),IH2561,adizero Cybersonic 2 M CBLACK/ZEROMT/CARBON,Black,,4067892294708,197615617829,11, 93.5 , 170.0 ,USD,0, $75.27 
Footwear,Mens,Adult,Tennis,Shoes - Low (No-Fb),IH2561,adizero Cybersonic 2 M CBLACK/ZEROMT/CARBON,Black,,4067892294661,197615617782,11-, 93.5 , 170.0 ,USD,0, $75.27 
Footwear,Mens,Adult,Tennis,Shoes - Low (No-Fb),IH2561,adizero Cybersonic 2 M CBLACK/ZEROMT/CARBON,Black,,4067892290960,197615617676,12, 93.5 , 170.0 ,USD,0, $75.27 
Footwear,Mens,Adult,Tennis,Shoes - Low (No-Fb),IH2561,adizero Cybersonic 2 M CBLACK/ZEROMT/CARBON,Black,,4067892294722,197615617843,12-, 93.5 , 170.0 ,USD,4, $75.27 
Footwear,Mens,Adult,Tennis,Shoes - Low (No-Fb),IH2561,adizero Cybersonic 2 M CBLACK/ZEROMT/CARBON,Black,,4067892294630,197615617751,13, 93.5 , 170.0 ,USD,0, $75.27 
Footwear,Mens,Adult,Tennis,Shoes - Low (No-Fb),IH2561,adizero Cybersonic 2 M CBLACK/ZEROMT/CARBON,Black,,4067892294715,197615617836,13-, 93.5 , 170.0 ,USD,4, $75.27 
Footwear,Mens,Adult,Tennis,Shoes - Low (No-Fb),IH2561,adizero Cybersonic 2 M CBLACK/ZEROMT/CARBON,Black,,4067892294654,197615617775,14, 93.5 , 170.0 ,USD,2, $75.27 
Footwear,Mens,Adult,Tennis,Shoes - Low (No-Fb),IH2561,adizero Cybersonic 2 M CBLACK/ZEROMT/CARBON,Black,,4067892294647,197615617768,14-, 93.5 , 170.0 ,USD,25, $75.27 
Footwear,Mens,Adult,Tennis,Shoes - Low (No-Fb),IH2561,adizero Cybersonic 2 M CBLACK/ZEROMT/CARBON,Black,,4067892294685,197615617805,16, 93.5 , 170.0 ,USD,25, $75.27 
Footwear,Womens,Adult,Sportswear,Shoes - Low (No-Fb),JH8670,GRAND COURT ALPHA 00s LINGRN/OWHITE/SILVMT,,,4067892781338,197615981616,5, 44.0 , 80.0 ,USD,0, $35.42 
Footwear,Womens,Adult,Sportswear,Shoes - Low (No-Fb),JH8670,GRAND COURT ALPHA 00s LINGRN/OWHITE/SILVMT,,,4067892781314,197615981593,5-, 44.0 , 80.0 ,USD,0, $35.42 
Footwear,Womens,Adult,Sportswear,Shoes - Low (No-Fb),JH8670,GRAND COURT ALPHA 00s LINGRN/OWHITE/SILVMT,,,4067892781345,197615981623,6, 44.0 , 80.0 ,USD,148, $35.42 
Footwear,Womens,Adult,Sportswear,Shoes - Low (No-Fb),JH8670,GRAND COURT ALPHA 00s LINGRN/OWHITE/SILVMT,,,4067892781413,197615981692,6-, 44.0 , 80.0 ,USD,175, $35.42 
Footwear,Womens,Adult,Sportswear,Shoes - Low (No-Fb),JH8670,GRAND COURT ALPHA 00s LINGRN/OWHITE/SILVMT,,,4067892781307,197615981586,7, 44.0 , 80.0 ,USD,166, $35.42 
Footwear,Womens,Adult,Sportswear,Shoes - Low (No-Fb),JH8670,GRAND COURT ALPHA 00s LINGRN/OWHITE/SILVMT,,,4067892781390,197615981678,7-, 44.0 , 80.0 ,USD,180, $35.42 
Footwear,Womens,Adult,Sportswear,Shoes - Low (No-Fb),JH8670,GRAND COURT ALPHA 00s LINGRN/OWHITE/SILVMT,,,4067892781352,197615981630,8, 44.0 , 80.0 ,USD,300+, $35.42 
Footwear,Womens,Adult,Sportswear,Shoes - Low (No-Fb),JH8670,GRAND COURT ALPHA 00s LINGRN/OWHITE/SILVMT,,,4067892781369,197615981647,8-, 44.0 , 80.0 ,USD,300+, $35.42 
Footwear,Womens,Adult,Sportswear,Shoes - Low (No-Fb),JH8670,GRAND COURT ALPHA 00s LINGRN/OWHITE/SILVMT,,,4067892781383,197615981661,9, 44.0 , 80.0 ,USD,171, $35.42 
Footwear,Womens,Adult,Sportswear,Shoes - Low (No-Fb),JH8670,GRAND COURT ALPHA 00s LINGRN/OWHITE/SILVMT,,,4067892781376,197615981654,9-, 44.0 , 80.0 ,USD,149, $35.42 
Footwear,Womens,Adult,Sportswear,Shoes - Low (No-Fb),JH8670,GRAND COURT ALPHA 00s LINGRN/OWHITE/SILVMT,,,4067892781406,197615981685,10, 44.0 , 80.0 ,USD,118, $35.42 
Footwear,Womens,Adult,Sportswear,Shoes - Low (No-Fb),JH8670,GRAND COURT ALPHA 00s LINGRN/OWHITE/SILVMT,,,4067892781291,197615981579,10-, 44.0 , 80.0 ,USD,0, $35.42 
Footwear,Womens,Adult,Sportswear,Shoes - Low (No-Fb),JH8670,GRAND COURT ALPHA 00s LINGRN/OWHITE/SILVMT,,,4067892781321,197615981609,11, 44.0 , 80.0 ,USD,170, $35.42 
Footwear,Mens,Adult,Originals,Shoes - Low (No-Fb),JH8791,CAMPUS 00s WONBLU/FTWWHT/GUM3,,,4067904972525,196479075622,4, 60.5 , 110.0 ,USD,0, $48.70 
Footwear,Mens,Adult,Originals,Shoes - Low (No-Fb),JH8791,CAMPUS 00s WONBLU/FTWWHT/GUM3,,,4067904976165,196479075677,4-, 60.5 , 110.0 ,USD,0, $48.70 
Footwear,Mens,Adult,Originals,Shoes - Low (No-Fb),JH8791,CAMPUS 00s WONBLU/FTWWHT/GUM3,,,4067904972419,196479071914,5, 60.5 , 110.0 ,USD,0, $48.70 
Footwear,Mens,Adult,Originals,Shoes - Low (No-Fb),JH8791,CAMPUS 00s WONBLU/FTWWHT/GUM3,,,4067904972501,196479075608,5-, 60.5 , 110.0 ,USD,0, $48.70 
Footwear,Mens,Adult,Originals,Shoes - Low (No-Fb),JH8791,CAMPUS 00s WONBLU/FTWWHT/GUM3,,,4067904972518,196479075615,6, 60.5 , 110.0 ,USD,0, $48.70 
Footwear,Mens,Adult,Originals,Shoes - Low (No-Fb),JH8791,CAMPUS 00s WONBLU/FTWWHT/GUM3,,,4067904976196,196479075660,6-, 60.5 , 110.0 ,USD,0, $48.70 
Footwear,Mens,Adult,Originals,Shoes - Low (No-Fb),JH8791,CAMPUS 00s WONBLU/FTWWHT/GUM3,,,4067904972532,196479075639,7, 60.5 , 110.0 ,USD,0, $48.70 
Footwear,Mens,Adult,Originals,Shoes - Low (No-Fb),JH8791,CAMPUS 00s WONBLU/FTWWHT/GUM3,,,4067904972549,196479075646,7-, 60.5 , 110.0 ,USD,7, $48.70 
Footwear,Mens,Adult,Originals,Shoes - Low (No-Fb),JH8791,CAMPUS 00s WONBLU/FTWWHT/GUM3,,,4067904972495,196479075592,8, 60.5 , 110.0 ,USD,5, $48.70 
Footwear,Mens,Adult,Originals,Shoes - Low (No-Fb),JH8791,CAMPUS 00s WONBLU/FTWWHT/GUM3,,,4067904972365,196479071860,8-, 60.5 , 110.0 ,USD,6, $48.70 
Footwear,Mens,Adult,Originals,Shoes - Low (No-Fb),JH8791,CAMPUS 00s WONBLU/FTWWHT/GUM3,,,4067904972389,196479071884,9, 60.5 , 110.0 ,USD,13, $48.70 
Footwear,Mens,Adult,Originals,Shoes - Low (No-Fb),JH8791,CAMPUS 00s WONBLU/FTWWHT/GUM3,,,4067904972372,196479071877,9-, 60.5 , 110.0 ,USD,24, $48.70 
Footwear,Mens,Adult,Originals,Shoes - Low (No-Fb),JH8791,CAMPUS 00s WONBLU/FTWWHT/GUM3,,,4067904972556,196479075653,10, 60.5 , 110.0 ,USD,44, $48.70 
Footwear,Mens,Adult,Originals,Shoes - Low (No-Fb),JH8791,CAMPUS 00s WONBLU/FTWWHT/GUM3,,,4067904972457,196479075585,10-, 60.5 , 110.0 ,USD,53, $48.70 
Footwear,Mens,Adult,Originals,Shoes - Low (No-Fb),JH8791,CAMPUS 00s WONBLU/FTWWHT/GUM3,,,4067904972433,196479071938,11, 60.5 , 110.0 ,USD,40, $48.70 
Footwear,Mens,Adult,Originals,Shoes - Low (No-Fb),JH8791,CAMPUS 00s WONBLU/FTWWHT/GUM3,,,4067904972426,196479071921,11-, 60.5 , 110.0 ,USD,26, $48.70 
Footwear,Mens,Adult,Originals,Shoes - Low (No-Fb),JH8791,CAMPUS 00s WONBLU/FTWWHT/GUM3,,,4067904972471,196479075561,12, 60.5 , 110.0 ,USD,34, $48.70 
Footwear,Mens,Adult,Originals,Shoes - Low (No-Fb),JH8791,CAMPUS 00s WONBLU/FTWWHT/GUM3,,,4067904972402,196479071907,12-, 60.5 , 110.0 ,USD,0, $48.70 
Footwear,Mens,Adult,Originals,Shoes - Low (No-Fb),JH8791,CAMPUS 00s WONBLU/FTWWHT/GUM3,,,4067904972464,196479075554,13, 60.5 , 110.0 ,USD,10, $48.70 
Footwear,Mens,Adult,Originals,Shoes - Low (No-Fb),JH8791,CAMPUS 00s WONBLU/FTWWHT/GUM3,,,4067904972488,196479075578,13-, 60.5 , 110.0 ,USD,0, $48.70 
Footwear,Mens,Adult,Originals,Shoes - Low (No-Fb),JH8791,CAMPUS 00s WONBLU/FTWWHT/GUM3,,,4067904972440,196479071945,14, 60.5 , 110.0 ,USD,0, $48.70 
Apparel,Mens,Adult,Soccer,Jersey (Short Sl.),IC7478,TIRO 23 JSY TMONIX/TMONIX,,,4065432784030,195744153164,XS, 17.5 , 35.0 ,USD,0, $14.09 
Apparel,Mens,Adult,Soccer,Jersey (Short Sl.),IC7478,TIRO 23 JSY TMONIX/TMONIX,,,4065432784009,195744153140,S, 17.5 , 35.0 ,USD,0, $14.09 
Apparel,Mens,Adult,Soccer,Jersey (Short Sl.),IC7478,TIRO 23 JSY TMONIX/TMONIX,,,4065432784092,195744153225,M, 17.5 , 35.0 ,USD,8, $14.09 
Apparel,Mens,Adult,Soccer,Jersey (Short Sl.),IC7478,TIRO 23 JSY TMONIX/TMONIX,,,4065432784122,195744153256,L, 17.5 , 35.0 ,USD,10, $14.09 
Apparel,Mens,Adult,Soccer,Jersey (Short Sl.),IC7478,TIRO 23 JSY TMONIX/TMONIX,,,4065432785846,195744153300,XL, 17.5 , 35.0 ,USD,0, $14.09 
Apparel,Mens,Adult,Soccer,Jersey (Short Sl.),IC7478,TIRO 23 JSY TMONIX/TMONIX,,,4065432784078,195744153201,2XL, 17.5 , 35.0 ,USD,23, $14.09 
Apparel,Mens,Adult,Soccer,Jersey (Short Sl.),IC7478,TIRO 23 JSY TMONIX/TMONIX,,,4065432784146,195744153270,3XL, 17.5 , 35.0 ,USD,0, $14.09 
Apparel,Womens,Adult,Running,T-Shirt (Short Sl.),JD7326,ADIZERO R T W WHITE,White,,4067901955323,196476641905,2XS, 20.0 , 40.0 ,USD,0, $16.10 
Apparel,Womens,Adult,Running,T-Shirt (Short Sl.),JD7326,ADIZERO R T W WHITE,White,,4067901955309,196476641882,XS, 20.0 , 40.0 ,USD,25, $16.10 
Apparel,Womens,Adult,Running,T-Shirt (Short Sl.),JD7326,ADIZERO R T W WHITE,White,,4067901955347,196476641936,S, 20.0 , 40.0 ,USD,82, $16.10 
Apparel,Womens,Adult,Running,T-Shirt (Short Sl.),JD7326,ADIZERO R T W WHITE,White,,4067901955378,196476641929,M, 20.0 , 40.0 ,USD,61, $16.10 
Apparel,Womens,Adult,Running,T-Shirt (Short Sl.),JD7326,ADIZERO R T W WHITE,White,,4067901955316,196476641899,L, 20.0 , 40.0 ,USD,5, $16.10 
Apparel,Womens,Adult,Running,T-Shirt (Short Sl.),JD7326,ADIZERO R T W WHITE,White,,4067901955408,196476641981,XL, 20.0 , 40.0 ,USD,0, $16.10 
Apparel,Womens,Adult,Running,T-Shirt (Short Sl.),JD7326,ADIZERO R T W WHITE,White,,4067901955385,196476641967,2XL, 20.0 , 40.0 ,USD,0, $16.10 
Apparel,Mens,Adult,Soccer,Shorts (1/4),IB8082,TIRO 23 SHO TEPORE/WHITE,,,4065432809894,195744198219,XS, 15.0 , 30.0 ,USD,300+, $12.08 
Apparel,Mens,Adult,Soccer,Shorts (1/4),IB8082,TIRO 23 SHO TEPORE/WHITE,,,4065432809924,195744198240,S, 15.0 , 30.0 ,USD,300+, $12.08 
Apparel,Mens,Adult,Soccer,Shorts (1/4),IB8082,TIRO 23 SHO TEPORE/WHITE,,,4065432809962,195744201391,M, 15.0 , 30.0 ,USD,300+, $12.08 
Apparel,Mens,Adult,Soccer,Shorts (1/4),IB8082,TIRO 23 SHO TEPORE/WHITE,,,4065432810036,195744201476,L, 15.0 , 30.0 ,USD,300+, $12.08 
Apparel,Mens,Adult,Soccer,Shorts (1/4),IB8082,TIRO 23 SHO TEPORE/WHITE,,,4065432810043,195744201483,XL, 15.0 , 30.0 ,USD,300+, $12.08 
Apparel,Mens,Adult,Soccer,Shorts (1/4),IB8082,TIRO 23 SHO TEPORE/WHITE,,,4065432809917,195744198233,2XL, 15.0 , 30.0 ,USD,74, $12.08 
Apparel,Mens,Adult,Soccer,Shorts (1/4),IB8082,TIRO 23 SHO TEPORE/WHITE,,,4065432810081,195744201520,3XL, 15.0 , 30.0 ,USD,0, $12.08 
Apparel,Womens,Adult,Hiking,Jacket (Technical),JN0857,W MT 2L RAIN JK EARSTR/TRABRN,,,4068811733926,197626788037,XS, 50.0 , 100.0 ,USD,0, $40.25 
Apparel,Womens,Adult,Hiking,Jacket (Technical),JN0857,W MT 2L RAIN JK EARSTR/TRABRN,,,4068811733834,197626787948,S, 50.0 , 100.0 ,USD,2, $40.25 
Apparel,Womens,Adult,Hiking,Jacket (Technical),JN0857,W MT 2L RAIN JK EARSTR/TRABRN,,,4068811733865,197626787979,M, 50.0 , 100.0 ,USD,6, $40.25 
Apparel,Womens,Adult,Hiking,Jacket (Technical),JN0857,W MT 2L RAIN JK EARSTR/TRABRN,,,4068811733810,197626787924,L, 50.0 , 100.0 ,USD,4, $40.25 
Apparel,Womens,Adult,Hiking,Jacket (Technical),JN0857,W MT 2L RAIN JK EARSTR/TRABRN,,,4068811733919,197626788020,XL, 50.0 , 100.0 ,USD,1, $40.25 
Apparel,Womens,Adult,Hiking,Jacket (Technical),JN0857,W MT 2L RAIN JK EARSTR/TRABRN,,,4068811733889,197626787993,2XL, 50.0 , 100.0 ,USD,1, $40.25 
Apparel,Womens,Adult,Hiking,Jacket (Technical),JN0857,W MT 2L RAIN JK EARSTR/TRABRN,,,4068811733803,197626784312,3XL, 50.0 , 100.0 ,USD,7, $40.25 
Apparel,Womens,Adult,Originals,Tracksuit Pants,JD0256,TEAMGEIST TP BLACK,Black,,4067902668666,196476112702,2XS, 42.5 , 85.0 ,USD,0, $34.21 
Apparel,Womens,Adult,Originals,Tracksuit Pants,JD0256,TEAMGEIST TP BLACK,Black,,4067902668543,196476112597,XS, 42.5 , 85.0 ,USD,0, $34.21 
Apparel,Womens,Adult,Originals,Tracksuit Pants,JD0256,TEAMGEIST TP BLACK,Black,,4067902668680,196476112726,S, 42.5 , 85.0 ,USD,0, $34.21 
Apparel,Womens,Adult,Originals,Tracksuit Pants,JD0256,TEAMGEIST TP BLACK,Black,,4067902668710,196476112757,M, 42.5 , 85.0 ,USD,0, $34.21 
Apparel,Womens,Adult,Originals,Tracksuit Pants,JD0256,TEAMGEIST TP BLACK,Black,,4067902668703,196476112740,L, 42.5 , 85.0 ,USD,64, $34.21 
Apparel,Womens,Adult,Originals,Tracksuit Pants,JD0256,TEAMGEIST TP BLACK,Black,,4067902668697,196476112733,XL, 42.5 , 85.0 ,USD,0, $34.21 
Apparel,Womens,Adult,Originals,Tracksuit Pants,JD0256,TEAMGEIST TP BLACK,Black,,4067902668628,196476112665,2XL, 42.5 , 85.0 ,USD,0, $34.21 
Apparel,Mens,Junior,Soccer,Jersey (Short Sl.),HS0541,T ICON 23 JSY Y BLACK,Black,,4066746274767,195744725354,2XS, 15.0 , 30.0 ,USD,0, $12.08 
Apparel,Mens,Junior,Soccer,Jersey (Short Sl.),HS0541,T ICON 23 JSY Y BLACK,Black,,4066746274781,195744725378,XS, 15.0 , 30.0 ,USD,1, $12.08 
Apparel,Mens,Junior,Soccer,Jersey (Short Sl.),HS0541,T ICON 23 JSY Y BLACK,Black,,4066746274828,195744725415,S, 15.0 , 30.0 ,USD,13, $12.08 
Apparel,Mens,Junior,Soccer,Jersey (Short Sl.),HS0541,T ICON 23 JSY Y BLACK,Black,,4066746274859,195744728119,M, 15.0 , 30.0 ,USD,0, $12.08 
Apparel,Mens,Junior,Soccer,Jersey (Short Sl.),HS0541,T ICON 23 JSY Y BLACK,Black,,4066746274712,195744725309,L, 15.0 , 30.0 ,USD,33, $12.08 
Apparel,Mens,Junior,Soccer,Jersey (Short Sl.),HS0541,T ICON 23 JSY Y BLACK,Black,,4066746274736,195744725323,XL, 15.0 , 30.0 ,USD,6, $12.08 
Apparel,Womens,Adult,Soccer,Jersey (Short Sl.),HA3539,CON22 MD JSY W TMLGGR/WHITE,,,4065424403154,195733287771,2XS, 27.5 , 55.0 ,USD,0, $22.14 
Apparel,Womens,Adult,Soccer,Jersey (Short Sl.),HA3539,CON22 MD JSY W TMLGGR/WHITE,,,4065424403130,195733287788,XS, 27.5 , 55.0 ,USD,0, $22.14 
Apparel,Womens,Adult,Soccer,Jersey (Short Sl.),HA3539,CON22 MD JSY W TMLGGR/WHITE,,,4065424403260,195733287900,S, 27.5 , 55.0 ,USD,7, $22.14 
Apparel,Womens,Adult,Soccer,Jersey (Short Sl.),HA3539,CON22 MD JSY W TMLGGR/WHITE,,,4065424403222,195733287863,M, 27.5 , 55.0 ,USD,31, $22.14 
Apparel,Womens,Adult,Soccer,Jersey (Short Sl.),HA3539,CON22 MD JSY W TMLGGR/WHITE,,,4065424403253,195733287894,L, 27.5 , 55.0 ,USD,17, $22.14 
Apparel,Womens,Adult,Soccer,Jersey (Short Sl.),HA3539,CON22 MD JSY W TMLGGR/WHITE,,,4065424403192,195733287832,XL, 27.5 , 55.0 ,USD,5, $22.14 
Apparel,Womens,Adult,Soccer,Jersey (Short Sl.),HA3539,CON22 MD JSY W TMLGGR/WHITE,,,4065424403208,195733287849,2XL, 27.5 , 55.0 ,USD,0, $22.14 
Footwear,Mens,Adult,Originals,Shoes - Low (No-Fb),JH8798,SAMBA OG FTWWHT/PRERUB/CGRANI,White,,4067904549277,197615767234,4, 55.0 , 100.0 ,USD,0, $44.28 
Footwear,Mens,Adult,Originals,Shoes - Low (No-Fb),JH8798,SAMBA OG FTWWHT/PRERUB/CGRANI,White,,4067904549284,197615767241,4-, 55.0 , 100.0 ,USD,0, $44.28 
Footwear,Mens,Adult,Originals,Shoes - Low (No-Fb),JH8798,SAMBA OG FTWWHT/PRERUB/CGRANI,White,,4067904549338,197615767296,5, 55.0 , 100.0 ,USD,0, $44.28 
Footwear,Mens,Adult,Originals,Shoes - Low (No-Fb),JH8798,SAMBA OG FTWWHT/PRERUB/CGRANI,White,,4067904549369,197615767326,5-, 55.0 , 100.0 ,USD,0, $44.28 
Footwear,Mens,Adult,Originals,Shoes - Low (No-Fb),JH8798,SAMBA OG FTWWHT/PRERUB/CGRANI,White,,4067904549352,197615767319,6, 55.0 , 100.0 ,USD,0, $44.28 
Footwear,Mens,Adult,Originals,Shoes - Low (No-Fb),JH8798,SAMBA OG FTWWHT/PRERUB/CGRANI,White,,4067904549413,197615767371,6-, 55.0 , 100.0 ,USD,0, $44.28 
Footwear,Mens,Adult,Originals,Shoes - Low (No-Fb),JH8798,SAMBA OG FTWWHT/PRERUB/CGRANI,White,,4067904549376,197615767333,7, 55.0 , 100.0 ,USD,0, $44.28 
Footwear,Mens,Adult,Originals,Shoes - Low (No-Fb),JH8798,SAMBA OG FTWWHT/PRERUB/CGRANI,White,,4067904549420,197615767388,7-, 55.0 , 100.0 ,USD,0, $44.28 
Footwear,Mens,Adult,Originals,Shoes - Low (No-Fb),JH8798,SAMBA OG FTWWHT/PRERUB/CGRANI,White,,4067904553038,197615767401,8, 55.0 , 100.0 ,USD,0, $44.28 
Footwear,Mens,Adult,Originals,Shoes - Low (No-Fb),JH8798,SAMBA OG FTWWHT/PRERUB/CGRANI,White,,4067904549307,197615767265,8-, 55.0 , 100.0 ,USD,0, $44.28 
Footwear,Mens,Adult,Originals,Shoes - Low (No-Fb),JH8798,SAMBA OG FTWWHT/PRERUB/CGRANI,White,,4067904549383,197615767340,9, 55.0 , 100.0 ,USD,0, $44.28 
Footwear,Mens,Adult,Originals,Shoes - Low (No-Fb),JH8798,SAMBA OG FTWWHT/PRERUB/CGRANI,White,,4067904553045,197615771040,9-, 55.0 , 100.0 ,USD,0, $44.28 
Footwear,Mens,Adult,Originals,Shoes - Low (No-Fb),JH8798,SAMBA OG FTWWHT/PRERUB/CGRANI,White,,4067904549253,197615767210,10, 55.0 , 100.0 ,USD,0, $44.28 
Footwear,Mens,Adult,Originals,Shoes - Low (No-Fb),JH8798,SAMBA OG FTWWHT/PRERUB/CGRANI,White,,4067904549260,197615767227,10-, 55.0 , 100.0 ,USD,1, $44.28 
Footwear,Mens,Adult,Originals,Shoes - Low (No-Fb),JH8798,SAMBA OG FTWWHT/PRERUB/CGRANI,White,,4067904549390,197615767357,11, 55.0 , 100.0 ,USD,0, $44.28 
Footwear,Mens,Adult,Originals,Shoes - Low (No-Fb),JH8798,SAMBA OG FTWWHT/PRERUB/CGRANI,White,,4067904549291,197615767258,11-, 55.0 , 100.0 ,USD,0, $44.28 
Footwear,Mens,Adult,Originals,Shoes - Low (No-Fb),JH8798,SAMBA OG FTWWHT/PRERUB/CGRANI,White,,4067904553069,197615767395,12, 55.0 , 100.0 ,USD,0, $44.28 
Footwear,Mens,Adult,Originals,Shoes - Low (No-Fb),JH8798,SAMBA OG FTWWHT/PRERUB/CGRANI,White,,4067904549321,197615767289,12-, 55.0 , 100.0 ,USD,0, $44.28 
Footwear,Mens,Adult,Originals,Shoes - Low (No-Fb),JH8798,SAMBA OG FTWWHT/PRERUB/CGRANI,White,,4067904549406,197615767364,13, 55.0 , 100.0 ,USD,0, $44.28 
Footwear,Mens,Adult,Originals,Shoes - Low (No-Fb),JH8798,SAMBA OG FTWWHT/PRERUB/CGRANI,White,,4067904549345,197615767302,13-, 55.0 , 100.0 ,USD,0, $44.28 
Footwear,Mens,Adult,Originals,Shoes - Low (No-Fb),JH8798,SAMBA OG FTWWHT/PRERUB/CGRANI,White,,4067904553052,197615771019,14, 55.0 , 100.0 ,USD,0, $44.28 
Footwear,Mens,Adult,Originals,Shoes - Low (No-Fb),JH8798,SAMBA OG FTWWHT/PRERUB/CGRANI,White,,4068805652462,197622499838,14-, 55.0 , 100.0 ,USD,0, $44.28 
Footwear,Mens,Adult,Originals,Shoes - Low (No-Fb),JH8798,SAMBA OG FTWWHT/PRERUB/CGRANI,White,,4068805652448,197622499814,15, 55.0 , 100.0 ,USD,0, $44.28 
Footwear,Mens,Adult,Originals,Shoes - Low (No-Fb),JH8798,SAMBA OG FTWWHT/PRERUB/CGRANI,White,,4068805652455,197622499821,16, 55.0 , 100.0 ,USD,0, $44.28 
Footwear,Mens,Adult,Originals,Shoes - Low (No-Fb),JH8798,SAMBA OG FTWWHT/PRERUB/CGRANI,White,,4068805652486,197622499852,17, 55.0 , 100.0 ,USD,0, $44.28 
Footwear,Mens,Adult,Originals,Shoes - Low (No-Fb),JH8798,SAMBA OG FTWWHT/PRERUB/CGRANI,White,,4068805652431,197622499807,18, 55.0 , 100.0 ,USD,0, $44.28 
Footwear,Mens,Adult,Originals,Shoes - Low (No-Fb),JH8798,SAMBA OG FTWWHT/PRERUB/CGRANI,White,,4068805652479,197622499845,19, 55.0 , 100.0 ,USD,0, $44.28 
Footwear,Womens,Adult,Running,Shoes - Low (No-Fb),JR0874,JogIt W FTWWHT/FTWWHT/FLAPNK,White,,4068801152867,197621283322,5, 41.25 , 75.0 ,USD,0, $33.21 
Footwear,Womens,Adult,Running,Shoes - Low (No-Fb),JR0874,JogIt W FTWWHT/FTWWHT/FLAPNK,White,,4068801152843,197621279677,5-, 41.25 , 75.0 ,USD,0, $33.21 
Footwear,Womens,Adult,Running,Shoes - Low (No-Fb),JR0874,JogIt W FTWWHT/FTWWHT/FLAPNK,White,,4068801152928,197621283353,6, 41.25 , 75.0 ,USD,170, $33.21 
Footwear,Womens,Adult,Running,Shoes - Low (No-Fb),JR0874,JogIt W FTWWHT/FTWWHT/FLAPNK,White,,4068801152829,197621279653,6-, 41.25 , 75.0 ,USD,184, $33.21 
Footwear,Womens,Adult,Running,Shoes - Low (No-Fb),JR0874,JogIt W FTWWHT/FTWWHT/FLAPNK,White,,4068801152959,197621283384,7, 41.25 , 75.0 ,USD,157, $33.21 
Footwear,Womens,Adult,Running,Shoes - Low (No-Fb),JR0874,JogIt W FTWWHT/FTWWHT/FLAPNK,White,,4068801152898,197621283315,7-, 41.25 , 75.0 ,USD,147, $33.21 
Footwear,Womens,Adult,Running,Shoes - Low (No-Fb),JR0874,JogIt W FTWWHT/FTWWHT/FLAPNK,White,,4068801152812,197621279646,8, 41.25 , 75.0 ,USD,300+, $33.21 
Footwear,Womens,Adult,Running,Shoes - Low (No-Fb),JR0874,JogIt W FTWWHT/FTWWHT/FLAPNK,White,,4068801152942,197621283377,8-, 41.25 , 75.0 ,USD,300+, $33.21 
Footwear,Womens,Adult,Running,Shoes - Low (No-Fb),JR0874,JogIt W FTWWHT/FTWWHT/FLAPNK,White,,4068801152935,197621283360,9, 41.25 , 75.0 ,USD,206, $33.21 
Footwear,Womens,Adult,Running,Shoes - Low (No-Fb),JR0874,JogIt W FTWWHT/FTWWHT/FLAPNK,White,,4068801152881,197621283308,9-, 41.25 , 75.0 ,USD,221, $33.21 
Footwear,Womens,Adult,Running,Shoes - Low (No-Fb),JR0874,JogIt W FTWWHT/FTWWHT/FLAPNK,White,,4068801152850,197621279684,10, 41.25 , 75.0 ,USD,187, $33.21 
Footwear,Womens,Adult,Running,Shoes - Low (No-Fb),JR0874,JogIt W FTWWHT/FTWWHT/FLAPNK,White,,4068801152911,197621283346,10-, 41.25 , 75.0 ,USD,0, $33.21 
Footwear,Womens,Adult,Running,Shoes - Low (No-Fb),JR0874,JogIt W FTWWHT/FTWWHT/FLAPNK,White,,4068801152836,197621279660,11, 41.25 , 75.0 ,USD,196, $33.21 
Footwear,Womens,Adult,Running,Shoes - Low (No-Fb),JR0874,JogIt W FTWWHT/FTWWHT/FLAPNK,White,,4068801152874,197621283292,11-, 41.25 , 75.0 ,USD,0, $33.21 
Footwear,Womens,Adult,Running,Shoes - Low (No-Fb),JR0874,JogIt W FTWWHT/FTWWHT/FLAPNK,White,,4068801152904,197621283339,12, 41.25 , 75.0 ,USD,0, $33.21 
Footwear,Womens,Adult,Originals,Shoes - Low (No-Fb),IG4387,GAZELLE BOLD W SPARK/LUCPNK/SPARK,,,4067888535846,196477729701,5, 66.0 , 120.0 ,USD,0, $53.13 
Footwear,Womens,Adult,Originals,Shoes - Low (No-Fb),IG4387,GAZELLE BOLD W SPARK/LUCPNK/SPARK,,,4067888535808,196477729664,5-, 66.0 , 120.0 ,USD,0, $53.13 
Footwear,Womens,Adult,Originals,Shoes - Low (No-Fb),IG4387,GAZELLE BOLD W SPARK/LUCPNK/SPARK,,,4067888535785,196477729640,6, 66.0 , 120.0 ,USD,0, $53.13 
Footwear,Womens,Adult,Originals,Shoes - Low (No-Fb),IG4387,GAZELLE BOLD W SPARK/LUCPNK/SPARK,,,4067888535815,196477729671,6-, 66.0 , 120.0 ,USD,0, $53.13 
Footwear,Womens,Adult,Originals,Shoes - Low (No-Fb),IG4387,GAZELLE BOLD W SPARK/LUCPNK/SPARK,,,4067888535884,196477730219,7, 66.0 , 120.0 ,USD,0, $53.13 
Footwear,Womens,Adult,Originals,Shoes - Low (No-Fb),IG4387,GAZELLE BOLD W SPARK/LUCPNK/SPARK,,,4067888535822,196477729688,7-, 66.0 , 120.0 ,USD,0, $53.13 
Footwear,Womens,Adult,Originals,Shoes - Low (No-Fb),IG4387,GAZELLE BOLD W SPARK/LUCPNK/SPARK,,,4067888535761,196477729626,8, 66.0 , 120.0 ,USD,0, $53.13 
Footwear,Womens,Adult,Originals,Shoes - Low (No-Fb),IG4387,GAZELLE BOLD W SPARK/LUCPNK/SPARK,,,4067888535877,196477730202,8-, 66.0 , 120.0 ,USD,10, $53.13 
Footwear,Womens,Adult,Originals,Shoes - Low (No-Fb),IG4387,GAZELLE BOLD W SPARK/LUCPNK/SPARK,,,4067888535778,196477729633,9, 66.0 , 120.0 ,USD,0, $53.13 
Footwear,Womens,Adult,Originals,Shoes - Low (No-Fb),IG4387,GAZELLE BOLD W SPARK/LUCPNK/SPARK,,,4067888535891,196477730233,9-, 66.0 , 120.0 ,USD,0, $53.13 
Footwear,Womens,Adult,Originals,Shoes - Low (No-Fb),IG4387,GAZELLE BOLD W SPARK/LUCPNK/SPARK,,,4067888535792,196477729657,10, 66.0 , 120.0 ,USD,0, $53.13 
Footwear,Womens,Adult,Originals,Shoes - Low (No-Fb),IG4387,GAZELLE BOLD W SPARK/LUCPNK/SPARK,,,4067888535860,196477730196,10-, 66.0 , 120.0 ,USD,0, $53.13 
Footwear,Womens,Adult,Originals,Shoes - Low (No-Fb),IG4387,GAZELLE BOLD W SPARK/LUCPNK/SPARK,,,4067888535839,196477729695,11, 66.0 , 120.0 ,USD,0, $53.13 
Footwear,Mens,Adult,Originals,Shoes - Low (No-Fb),JH8794,CAMPUS 00s CGREEN/SILGRN/OWHITE,Green,,4067904390039,197615079054,4, 60.5 , 110.0 ,USD,0, $48.70 
Footwear,Mens,Adult,Originals,Shoes - Low (No-Fb),JH8794,CAMPUS 00s CGREEN/SILGRN/OWHITE,Green,,4067904393689,197615082689,4-, 60.5 , 110.0 ,USD,0, $48.70 
Footwear,Mens,Adult,Originals,Shoes - Low (No-Fb),JH8794,CAMPUS 00s CGREEN/SILGRN/OWHITE,Green,,4067904393740,197615082764,5, 60.5 , 110.0 ,USD,11, $48.70 
Footwear,Mens,Adult,Originals,Shoes - Low (No-Fb),JH8794,CAMPUS 00s CGREEN/SILGRN/OWHITE,Green,,4067904390008,197615079023,5-, 60.5 , 110.0 ,USD,11, $48.70 
Footwear,Mens,Adult,Originals,Shoes - Low (No-Fb),JH8794,CAMPUS 00s CGREEN/SILGRN/OWHITE,Green,,4067904390060,197615082719,6, 60.5 , 110.0 ,USD,11, $48.70 
Footwear,Mens,Adult,Originals,Shoes - Low (No-Fb),JH8794,CAMPUS 00s CGREEN/SILGRN/OWHITE,Green,,4067904389996,197615079016,6-, 60.5 , 110.0 ,USD,11, $48.70 
Footwear,Mens,Adult,Originals,Shoes - Low (No-Fb),JH8794,CAMPUS 00s CGREEN/SILGRN/OWHITE,Green,,4067904393719,197615082733,7, 60.5 , 110.0 ,USD,10, $48.70 
Footwear,Mens,Adult,Originals,Shoes - Low (No-Fb),JH8794,CAMPUS 00s CGREEN/SILGRN/OWHITE,Green,,4067904389941,197615078965,7-, 60.5 , 110.0 ,USD,9, $48.70 
Footwear,Mens,Adult,Originals,Shoes - Low (No-Fb),JH8794,CAMPUS 00s CGREEN/SILGRN/OWHITE,Green,,4067904390046,197615079061,8, 60.5 , 110.0 ,USD,10, $48.70 
Footwear,Mens,Adult,Originals,Shoes - Low (No-Fb),JH8794,CAMPUS 00s CGREEN/SILGRN/OWHITE,Green,,4067904390022,197615079047,8-, 60.5 , 110.0 ,USD,6, $48.70 
Footwear,Mens,Adult,Originals,Shoes - Low (No-Fb),JH8794,CAMPUS 00s CGREEN/SILGRN/OWHITE,Green,,4067904393696,197615082702,9, 60.5 , 110.0 ,USD,17, $48.70 
Footwear,Mens,Adult,Originals,Shoes - Low (No-Fb),JH8794,CAMPUS 00s CGREEN/SILGRN/OWHITE,Green,,4067904393672,197615082696,9-, 60.5 , 110.0 ,USD,22, $48.70 
Footwear,Mens,Adult,Originals,Shoes - Low (No-Fb),JH8794,CAMPUS 00s CGREEN/SILGRN/OWHITE,Green,,4067904389958,197615078972,10, 60.5 , 110.0 ,USD,20, $48.70 
Footwear,Mens,Adult,Originals,Shoes - Low (No-Fb),JH8794,CAMPUS 00s CGREEN/SILGRN/OWHITE,Green,,4067904393702,197615082726,10-, 60.5 , 110.0 ,USD,23, $48.70 
Footwear,Mens,Adult,Originals,Shoes - Low (No-Fb),JH8794,CAMPUS 00s CGREEN/SILGRN/OWHITE,Green,,4067904390053,197615079078,11, 60.5 , 110.0 ,USD,25, $48.70 
Footwear,Mens,Adult,Originals,Shoes - Low (No-Fb),JH8794,CAMPUS 00s CGREEN/SILGRN/OWHITE,Green,,4067904389965,197615078989,11-, 60.5 , 110.0 ,USD,10, $48.70 
Footwear,Mens,Adult,Originals,Shoes - Low (No-Fb),JH8794,CAMPUS 00s CGREEN/SILGRN/OWHITE,Green,,4067904389972,197615078996,12, 60.5 , 110.0 ,USD,16, $48.70 
Footwear,Mens,Adult,Originals,Shoes - Low (No-Fb),JH8794,CAMPUS 00s CGREEN/SILGRN/OWHITE,Green,,4067904393757,197615082771,12-, 60.5 , 110.0 ,USD,11, $48.70 
Footwear,Mens,Adult,Originals,Shoes - Low (No-Fb),JH8794,CAMPUS 00s CGREEN/SILGRN/OWHITE,Green,,4067904393726,197615082740,13, 60.5 , 110.0 ,USD,10, $48.70 
Footwear,Mens,Adult,Originals,Shoes - Low (No-Fb),JH8794,CAMPUS 00s CGREEN/SILGRN/OWHITE,Green,,4067904393733,197615082757,13-, 60.5 , 110.0 ,USD,0, $48.70 
Footwear,Mens,Adult,Originals,Shoes - Low (No-Fb),JH8794,CAMPUS 00s CGREEN/SILGRN/OWHITE,Green,,4067904389989,197615079009,14, 60.5 , 110.0 ,USD,0, $48.70 
Footwear,Mens,Adult,Originals,Shoes - Low (No-Fb),JH8794,CAMPUS 00s CGREEN/SILGRN/OWHITE,Green,,4068805551284,197622474224,14-, 60.5 , 110.0 ,USD,0, $48.70 
Footwear,Mens,Adult,Originals,Shoes - Low (No-Fb),JH8794,CAMPUS 00s CGREEN/SILGRN/OWHITE,Green,,4068805551253,197622474200,15, 60.5 , 110.0 ,USD,0, $48.70 
Footwear,Mens,Adult,Originals,Shoes - Low (No-Fb),JH8794,CAMPUS 00s CGREEN/SILGRN/OWHITE,Green,,4068805551314,197622474255,16, 60.5 , 110.0 ,USD,0, $48.70 
Footwear,Mens,Adult,Originals,Shoes - Low (No-Fb),JH8794,CAMPUS 00s CGREEN/SILGRN/OWHITE,Green,,4068805551260,197622474217,17, 60.5 , 110.0 ,USD,0, $48.70 
Footwear,Mens,Adult,Originals,Shoes - Low (No-Fb),JH8794,CAMPUS 00s CGREEN/SILGRN/OWHITE,Green,,4068805551291,197622474231,18, 60.5 , 110.0 ,USD,0, $48.70 
Footwear,Mens,Adult,Originals,Shoes - Low (No-Fb),JH8794,CAMPUS 00s CGREEN/SILGRN/OWHITE,Green,,4068805551307,197622474248,19, 60.5 , 110.0 ,USD,0, $48.70 
Footwear,Mens,Adult,Tennis,Shoes - Low (No-Fb),IF9110,Solematch Control 2 M FTWWHT/BLBLME/SILVMT,White,,4067889501529,196478354575,6-, 71.5 , 130.0 ,USD,0, $57.56 
Footwear,Mens,Adult,Tennis,Shoes - Low (No-Fb),IF9110,Solematch Control 2 M FTWWHT/BLBLME/SILVMT,White,,4067889501567,196478354612,7, 71.5 , 130.0 ,USD,0, $57.56 
Footwear,Mens,Adult,Tennis,Shoes - Low (No-Fb),IF9110,Solematch Control 2 M FTWWHT/BLBLME/SILVMT,White,,4067889501611,196478354667,7-, 71.5 , 130.0 ,USD,0, $57.56 
Footwear,Mens,Adult,Tennis,Shoes - Low (No-Fb),IF9110,Solematch Control 2 M FTWWHT/BLBLME/SILVMT,White,,4067889501512,196478354568,8, 71.5 , 130.0 ,USD,2, $57.56 
Footwear,Mens,Adult,Tennis,Shoes - Low (No-Fb),IF9110,Solematch Control 2 M FTWWHT/BLBLME/SILVMT,White,,4067889501543,196478354599,8-, 71.5 , 130.0 ,USD,7, $57.56 
Footwear,Mens,Adult,Tennis,Shoes - Low (No-Fb),IF9110,Solematch Control 2 M FTWWHT/BLBLME/SILVMT,White,,4067889501581,196478354636,9, 71.5 , 130.0 ,USD,18, $57.56 
Footwear,Mens,Adult,Tennis,Shoes - Low (No-Fb),IF9110,Solematch Control 2 M FTWWHT/BLBLME/SILVMT,White,,4067889501642,196478358283,9-, 71.5 , 130.0 ,USD,12, $57.56 
Footwear,Mens,Adult,Tennis,Shoes - Low (No-Fb),IF9110,Solematch Control 2 M FTWWHT/BLBLME/SILVMT,White,,4067889505268,196478358320,10, 71.5 , 130.0 ,USD,29, $57.56 
Footwear,Mens,Adult,Tennis,Shoes - Low (No-Fb),IF9110,Solematch Control 2 M FTWWHT/BLBLME/SILVMT,White,,4067889501604,196478354650,10-, 71.5 , 130.0 ,USD,90, $57.56 
Footwear,Mens,Adult,Tennis,Shoes - Low (No-Fb),IF9110,Solematch Control 2 M FTWWHT/BLBLME/SILVMT,White,,4067889505282,196478358290,11, 71.5 , 130.0 ,USD,21, $57.56 
Footwear,Mens,Adult,Tennis,Shoes - Low (No-Fb),IF9110,Solematch Control 2 M FTWWHT/BLBLME/SILVMT,White,,4067889505275,196478358337,11-, 71.5 , 130.0 ,USD,19, $57.56 
Footwear,Mens,Adult,Tennis,Shoes - Low (No-Fb),IF9110,Solematch Control 2 M FTWWHT/BLBLME/SILVMT,White,,4067889501635,196478358276,12, 71.5 , 130.0 ,USD,37, $57.56 
Footwear,Mens,Adult,Tennis,Shoes - Low (No-Fb),IF9110,Solematch Control 2 M FTWWHT/BLBLME/SILVMT,White,,4067889501550,196478354605,12-, 71.5 , 130.0 ,USD,0, $57.56 
Footwear,Mens,Adult,Tennis,Shoes - Low (No-Fb),IF9110,Solematch Control 2 M FTWWHT/BLBLME/SILVMT,White,,4067889505251,196478358313,13, 71.5 , 130.0 ,USD,31, $57.56 
Footwear,Mens,Adult,Tennis,Shoes - Low (No-Fb),IF9110,Solematch Control 2 M FTWWHT/BLBLME/SILVMT,White,,4067889501574,196478354629,13-, 71.5 , 130.0 ,USD,0, $57.56 
Footwear,Mens,Adult,Tennis,Shoes - Low (No-Fb),IF9110,Solematch Control 2 M FTWWHT/BLBLME/SILVMT,White,,4067889501536,196478354582,14, 71.5 , 130.0 ,USD,2, $57.56 
Footwear,Mens,Adult,Tennis,Shoes - Low (No-Fb),IF9110,Solematch Control 2 M FTWWHT/BLBLME/SILVMT,White,,4067889501628,196478358306,14-, 71.5 , 130.0 ,USD,0, $57.56 
Footwear,Mens,Adult,Tennis,Shoes - Low (No-Fb),IF9110,Solematch Control 2 M FTWWHT/BLBLME/SILVMT,White,,4067889501598,196478354643,16, 71.5 , 130.0 ,USD,0, $57.56 
Footwear,Unisex,Junior,Basketball,Shoes - Low (No-Fb),JS1769,ANTHONY EDWARDS 1 J LOW METGRY/DOVGRY/FTWWHT,,,4068803410118,197619767605,3-, 45.0 , 90.0 ,USD,0, $36.23 
Footwear,Unisex,Junior,Basketball,Shoes - Low (No-Fb),JS1769,ANTHONY EDWARDS 1 J LOW METGRY/DOVGRY/FTWWHT,,,4068803410156,197619767643,4, 45.0 , 90.0 ,USD,109, $36.23 
Footwear,Unisex,Junior,Basketball,Shoes - Low (No-Fb),JS1769,ANTHONY EDWARDS 1 J LOW METGRY/DOVGRY/FTWWHT,,,4068803413805,197619767667,4-, 45.0 , 90.0 ,USD,102, $36.23 
Footwear,Unisex,Junior,Basketball,Shoes - Low (No-Fb),JS1769,ANTHONY EDWARDS 1 J LOW METGRY/DOVGRY/FTWWHT,,,4068803410149,197619767636,5, 45.0 , 90.0 ,USD,183, $36.23 
Footwear,Unisex,Junior,Basketball,Shoes - Low (No-Fb),JS1769,ANTHONY EDWARDS 1 J LOW METGRY/DOVGRY/FTWWHT,,,4068803410132,197619767629,5-, 45.0 , 90.0 ,USD,186, $36.23 
Footwear,Unisex,Junior,Basketball,Shoes - Low (No-Fb),JS1769,ANTHONY EDWARDS 1 J LOW METGRY/DOVGRY/FTWWHT,,,4068803410101,197619767599,6, 45.0 , 90.0 ,USD,224, $36.23 
Footwear,Unisex,Junior,Basketball,Shoes - Low (No-Fb),JS1769,ANTHONY EDWARDS 1 J LOW METGRY/DOVGRY/FTWWHT,,,4068803410163,197619767650,6-, 45.0 , 90.0 ,USD,233, $36.23 
Footwear,Unisex,Junior,Basketball,Shoes - Low (No-Fb),JS1769,ANTHONY EDWARDS 1 J LOW METGRY/DOVGRY/FTWWHT,,,4068803410125,197619767612,7, 45.0 , 90.0 ,USD,300+, $36.23 
Apparel,Mens,Adult,Running,Shorts (1/4),JD7311,ADIZERO R SHR M WHITE,White,,4067901875881,196476425000,"XS2""", 25.0 , 50.0 ,USD,0, $20.13 
Apparel,Mens,Adult,Running,Shorts (1/4),JD7311,ADIZERO R SHR M WHITE,White,,4067901875966,196476428681,"S 2""", 25.0 , 50.0 ,USD,0, $20.13 
Apparel,Mens,Adult,Running,Shorts (1/4),JD7311,ADIZERO R SHR M WHITE,White,,4067901875904,196476425031,"M 2""", 25.0 , 50.0 ,USD,0, $20.13 
Apparel,Mens,Adult,Running,Shorts (1/4),JD7311,ADIZERO R SHR M WHITE,White,,4067901875959,196476428674,"L 2""", 25.0 , 50.0 ,USD,0, $20.13 
Apparel,Mens,Adult,Running,Shorts (1/4),JD7311,ADIZERO R SHR M WHITE,White,,4067901875867,196476424980,"XL2""", 25.0 , 50.0 ,USD,0, $20.13 
Apparel,Mens,Adult,Running,Shorts (1/4),JD7311,ADIZERO R SHR M WHITE,White,,4067901872217,196476424935,2XL2, 25.0 , 50.0 ,USD,0, $20.13 
Apparel,Mens,Adult,Running,Shorts (1/4),JD7311,ADIZERO R SHR M WHITE,White,,4067901872224,196476424942,"XS3""", 25.0 , 50.0 ,USD,0, $20.13 
Apparel,Mens,Adult,Running,Shorts (1/4),JD7311,ADIZERO R SHR M WHITE,White,,4067901875874,196476424997,"S 3""", 25.0 , 50.0 ,USD,74, $20.13 
Apparel,Mens,Adult,Running,Shorts (1/4),JD7311,ADIZERO R SHR M WHITE,White,,4067901875836,196476424959,"M 3""", 25.0 , 50.0 ,USD,59, $20.13 
Apparel,Mens,Adult,Running,Shorts (1/4),JD7311,ADIZERO R SHR M WHITE,White,,4067901875997,196476428704,"L 3""", 25.0 , 50.0 ,USD,36, $20.13 
Apparel,Mens,Adult,Running,Shorts (1/4),JD7311,ADIZERO R SHR M WHITE,White,,4067901872132,196476424881,"XL3""", 25.0 , 50.0 ,USD,0, $20.13 
Apparel,Mens,Adult,Running,Shorts (1/4),JD7311,ADIZERO R SHR M WHITE,White,,4067901876048,196476428766,2XL3, 25.0 , 50.0 ,USD,0, $20.13 
Apparel,Mens,Adult,Running,Shorts (1/4),JD7311,ADIZERO R SHR M WHITE,White,,4068812279331,198321950354,"XS5""", 25.0 , 50.0 ,USD,0, $20.13 
Apparel,Mens,Adult,Running,Shorts (1/4),JD7311,ADIZERO R SHR M WHITE,White,,4068812279355,198321950385,"S 5""", 25.0 , 50.0 ,USD,0, $20.13 
Apparel,Mens,Adult,Running,Shorts (1/4),JD7311,ADIZERO R SHR M WHITE,White,,4068812279317,198321950330,"M 5""", 25.0 , 50.0 ,USD,0, $20.13 
Apparel,Mens,Adult,Running,Shorts (1/4),JD7311,ADIZERO R SHR M WHITE,White,,4068812279348,198321950378,"L 5""", 25.0 , 50.0 ,USD,0, $20.13 
Apparel,Mens,Adult,Running,Shorts (1/4),JD7311,ADIZERO R SHR M WHITE,White,,4068812279324,198321950347,"XL5""", 25.0 , 50.0 ,USD,0, $20.13 
Apparel,Mens,Adult,Running,Shorts (1/4),JD7311,ADIZERO R SHR M WHITE,White,,4068812279362,198321950392,2XL5, 25.0 , 50.0 ,USD,0, $20.13 
Footwear,Unisex,Adult,Basketball,Shoes - Low (No-Fb),JR3915,ANTHONY EDWARDS 1 LOW FTWWHT/ACIORA/BLIPNK,White,,4068803487424,197619729450,4, 60.5 , 110.0 ,USD,1, $48.70 
Footwear,Unisex,Adult,Basketball,Shoes - Low (No-Fb),JR3915,ANTHONY EDWARDS 1 LOW FTWWHT/ACIORA/BLIPNK,White,,4068803491131,197619733150,4-, 60.5 , 110.0 ,USD,1, $48.70 
Footwear,Unisex,Adult,Basketball,Shoes - Low (No-Fb),JR3915,ANTHONY EDWARDS 1 LOW FTWWHT/ACIORA/BLIPNK,White,,4068803491216,197619733242,5, 60.5 , 110.0 ,USD,0, $48.70 
Footwear,Unisex,Adult,Basketball,Shoes - Low (No-Fb),JR3915,ANTHONY EDWARDS 1 LOW FTWWHT/ACIORA/BLIPNK,White,,4068803491063,197619729504,5-, 60.5 , 110.0 ,USD,0, $48.70 
Footwear,Unisex,Adult,Basketball,Shoes - Low (No-Fb),JR3915,ANTHONY EDWARDS 1 LOW FTWWHT/ACIORA/BLIPNK,White,,4068803491230,197619733266,6, 60.5 , 110.0 ,USD,0, $48.70 
Footwear,Unisex,Adult,Basketball,Shoes - Low (No-Fb),JR3915,ANTHONY EDWARDS 1 LOW FTWWHT/ACIORA/BLIPNK,White,,4068803491193,197619733228,6-, 60.5 , 110.0 ,USD,0, $48.70 
Footwear,Unisex,Adult,Basketball,Shoes - Low (No-Fb),JR3915,ANTHONY EDWARDS 1 LOW FTWWHT/ACIORA/BLIPNK,White,,4068803491209,197619733235,7, 60.5 , 110.0 ,USD,0, $48.70 
Footwear,Unisex,Adult,Basketball,Shoes - Low (No-Fb),JR3915,ANTHONY EDWARDS 1 LOW FTWWHT/ACIORA/BLIPNK,White,,4068803487431,197619729467,7-, 60.5 , 110.0 ,USD,0, $48.70 
Footwear,Unisex,Adult,Basketball,Shoes - Low (No-Fb),JR3915,ANTHONY EDWARDS 1 LOW FTWWHT/ACIORA/BLIPNK,White,,4068803491100,197619733167,8, 60.5 , 110.0 ,USD,0, $48.70 
Footwear,Unisex,Adult,Basketball,Shoes - Low (No-Fb),JR3915,ANTHONY EDWARDS 1 LOW FTWWHT/ACIORA/BLIPNK,White,,4068803491223,197619733259,8-, 60.5 , 110.0 ,USD,0, $48.70 
Footwear,Unisex,Adult,Basketball,Shoes - Low (No-Fb),JR3915,ANTHONY EDWARDS 1 LOW FTWWHT/ACIORA/BLIPNK,White,,4068803487400,197619729436,9, 60.5 , 110.0 ,USD,0, $48.70 
Footwear,Unisex,Adult,Basketball,Shoes - Low (No-Fb),JR3915,ANTHONY EDWARDS 1 LOW FTWWHT/ACIORA/BLIPNK,White,,4068803487417,197619729443,9-, 60.5 , 110.0 ,USD,0, $48.70 
Footwear,Unisex,Adult,Basketball,Shoes - Low (No-Fb),JR3915,ANTHONY EDWARDS 1 LOW FTWWHT/ACIORA/BLIPNK,White,,4068803491124,197619733143,10, 60.5 , 110.0 ,USD,8, $48.70 
Footwear,Unisex,Adult,Basketball,Shoes - Low (No-Fb),JR3915,ANTHONY EDWARDS 1 LOW FTWWHT/ACIORA/BLIPNK,White,,4068803491117,197619733136,10-, 60.5 , 110.0 ,USD,15, $48.70 
Footwear,Unisex,Adult,Basketball,Shoes - Low (No-Fb),JR3915,ANTHONY EDWARDS 1 LOW FTWWHT/ACIORA/BLIPNK,White,,4068803491179,197619733204,11, 60.5 , 110.0 ,USD,1, $48.70 
Footwear,Unisex,Adult,Basketball,Shoes - Low (No-Fb),JR3915,ANTHONY EDWARDS 1 LOW FTWWHT/ACIORA/BLIPNK,White,,4068803491186,197619733211,11-, 60.5 , 110.0 ,USD,0, $48.70 
Footwear,Unisex,Adult,Basketball,Shoes - Low (No-Fb),JR3915,ANTHONY EDWARDS 1 LOW FTWWHT/ACIORA/BLIPNK,White,,4068803491148,197619733174,12, 60.5 , 110.0 ,USD,109, $48.70 
Footwear,Unisex,Adult,Basketball,Shoes - Low (No-Fb),JR3915,ANTHONY EDWARDS 1 LOW FTWWHT/ACIORA/BLIPNK,White,,4068803491094,197619729528,12-, 60.5 , 110.0 ,USD,0, $48.70 
Footwear,Unisex,Adult,Basketball,Shoes - Low (No-Fb),JR3915,ANTHONY EDWARDS 1 LOW FTWWHT/ACIORA/BLIPNK,White,,4068803491087,197619729481,13, 60.5 , 110.0 ,USD,1, $48.70 
Footwear,Unisex,Adult,Basketball,Shoes - Low (No-Fb),JR3915,ANTHONY EDWARDS 1 LOW FTWWHT/ACIORA/BLIPNK,White,,4068803491155,197619733181,13-, 60.5 , 110.0 ,USD,0, $48.70 
Footwear,Unisex,Adult,Basketball,Shoes - Low (No-Fb),JR3915,ANTHONY EDWARDS 1 LOW FTWWHT/ACIORA/BLIPNK,White,,4068803491162,197619733198,14, 60.5 , 110.0 ,USD,0, $48.70 
Footwear,Unisex,Adult,Basketball,Shoes - Low (No-Fb),JR3915,ANTHONY EDWARDS 1 LOW FTWWHT/ACIORA/BLIPNK,White,,4068803491261,197619733297,14-, 60.5 , 110.0 ,USD,0, $48.70 
Footwear,Unisex,Adult,Basketball,Shoes - Low (No-Fb),JR3915,ANTHONY EDWARDS 1 LOW FTWWHT/ACIORA/BLIPNK,White,,4068803491070,197619729511,15, 60.5 , 110.0 ,USD,0, $48.70 
Footwear,Unisex,Adult,Basketball,Shoes - Low (No-Fb),JR3915,ANTHONY EDWARDS 1 LOW FTWWHT/ACIORA/BLIPNK,White,,4068803487448,197619729474,16, 60.5 , 110.0 ,USD,0, $48.70 
Footwear,Unisex,Adult,Basketball,Shoes - Low (No-Fb),JR3915,ANTHONY EDWARDS 1 LOW FTWWHT/ACIORA/BLIPNK,White,,4068803491254,197619733280,17, 60.5 , 110.0 ,USD,4, $48.70 
Footwear,Unisex,Adult,Basketball,Shoes - Low (No-Fb),JR3915,ANTHONY EDWARDS 1 LOW FTWWHT/ACIORA/BLIPNK,White,,4068803491247,197619733273,18, 60.5 , 110.0 ,USD,18, $48.70 
Footwear,Unisex,Adult,Basketball,Shoes - Low (No-Fb),JR3915,ANTHONY EDWARDS 1 LOW FTWWHT/ACIORA/BLIPNK,White,,4068803491056,197619729498,19, 60.5 , 110.0 ,USD,1, $48.70 
Apparel,Mens,Adult,Basketball,Shorts (1/2),JP0939,ANTED AOP Short GREFOU,,,4067891657993,197611711521,XS, 35.0 , 70.0 ,USD,0, $28.18 
Apparel,Mens,Adult,Basketball,Shorts (1/2),JP0939,ANTED AOP Short GREFOU,,,4067891657962,197611711491,S, 35.0 , 70.0 ,USD,1, $28.18 
Apparel,Mens,Adult,Basketball,Shorts (1/2),JP0939,ANTED AOP Short GREFOU,,,4067891657818,197611707753,M, 35.0 , 70.0 ,USD,0, $28.18 
Apparel,Mens,Adult,Basketball,Shorts (1/2),JP0939,ANTED AOP Short GREFOU,,,4067891657948,197611711477,L, 35.0 , 70.0 ,USD,0, $28.18 
Apparel,Mens,Adult,Basketball,Shorts (1/2),JP0939,ANTED AOP Short GREFOU,,,4067891657856,197611707784,XL, 35.0 , 70.0 ,USD,0, $28.18 
Apparel,Mens,Adult,Basketball,Shorts (1/2),JP0939,ANTED AOP Short GREFOU,,,4067891657863,197611707791,2XL, 35.0 , 70.0 ,USD,0, $28.18 
Apparel,Mens,Adult,Basketball,Shorts (1/2),JP0939,ANTED AOP Short GREFOU,,,4067891661686,197611711583,3XL, 35.0 , 70.0 ,USD,0, $28.18 
Apparel,Mens,Adult,Basketball,Shorts (1/2),JP0939,ANTED AOP Short GREFOU,,,4067891657894,197611707821,ST, 35.0 , 70.0 ,USD,0, $28.18 
Apparel,Mens,Adult,Basketball,Shorts (1/2),JP0939,ANTED AOP Short GREFOU,,,4067891658013,197611711545,MT, 35.0 , 70.0 ,USD,0, $28.18 
Apparel,Mens,Adult,Basketball,Shorts (1/2),JP0939,ANTED AOP Short GREFOU,,,4067891654169,197611707692,LT, 35.0 , 70.0 ,USD,0, $28.18 
Apparel,Mens,Adult,Basketball,Shorts (1/2),JP0939,ANTED AOP Short GREFOU,,,4067891657979,197611711507,XLT, 35.0 , 70.0 ,USD,0, $28.18 
Apparel,Mens,Adult,Basketball,Shorts (1/2),JP0939,ANTED AOP Short GREFOU,,,4067891657900,197611707838,2XLT, 35.0 , 70.0 ,USD,0, $28.18 
Apparel,Mens,Adult,Basketball,Shorts (1/2),JP0939,ANTED AOP Short GREFOU,,,4067891661648,197611711576,3XLT, 35.0 , 70.0 ,USD,0, $28.18 
Footwear,Unisex,Adult,Basketball,Shoes - Low (No-Fb),JQ6135,ANTHONY EDWARDS 1 LOW ARCNGT/CBLACK/SCRGRN,,,4068803495023,197619737059,4, 60.5 , 110.0 ,USD,0, $48.70 
Footwear,Unisex,Adult,Basketball,Shoes - Low (No-Fb),JQ6135,ANTHONY EDWARDS 1 LOW ARCNGT/CBLACK/SCRGRN,,,4068803495054,197619737080,4-, 60.5 , 110.0 ,USD,0, $48.70 
Footwear,Unisex,Adult,Basketball,Shoes - Low (No-Fb),JQ6135,ANTHONY EDWARDS 1 LOW ARCNGT/CBLACK/SCRGRN,,,4068803495122,197619737158,5, 60.5 , 110.0 ,USD,0, $48.70 
Footwear,Unisex,Adult,Basketball,Shoes - Low (No-Fb),JQ6135,ANTHONY EDWARDS 1 LOW ARCNGT/CBLACK/SCRGRN,,,4068803495078,197619737103,5-, 60.5 , 110.0 ,USD,0, $48.70 
Footwear,Unisex,Adult,Basketball,Shoes - Low (No-Fb),JQ6135,ANTHONY EDWARDS 1 LOW ARCNGT/CBLACK/SCRGRN,,,4068803494934,197619733365,6, 60.5 , 110.0 ,USD,0, $48.70 
Footwear,Unisex,Adult,Basketball,Shoes - Low (No-Fb),JQ6135,ANTHONY EDWARDS 1 LOW ARCNGT/CBLACK/SCRGRN,,,4068803495009,197619737035,6-, 60.5 , 110.0 ,USD,0, $48.70 
Footwear,Unisex,Adult,Basketball,Shoes - Low (No-Fb),JQ6135,ANTHONY EDWARDS 1 LOW ARCNGT/CBLACK/SCRGRN,,,4068803498765,197619737165,7, 60.5 , 110.0 ,USD,0, $48.70 
Footwear,Unisex,Adult,Basketball,Shoes - Low (No-Fb),JQ6135,ANTHONY EDWARDS 1 LOW ARCNGT/CBLACK/SCRGRN,,,4068803495108,197619737134,7-, 60.5 , 110.0 ,USD,0, $48.70 
Footwear,Unisex,Adult,Basketball,Shoes - Low (No-Fb),JQ6135,ANTHONY EDWARDS 1 LOW ARCNGT/CBLACK/SCRGRN,,,4068803495047,197619737073,8, 60.5 , 110.0 ,USD,32, $48.70 
Footwear,Unisex,Adult,Basketball,Shoes - Low (No-Fb),JQ6135,ANTHONY EDWARDS 1 LOW ARCNGT/CBLACK/SCRGRN,,,4068803494910,197619733358,8-, 60.5 , 110.0 ,USD,58, $48.70 
Footwear,Unisex,Adult,Basketball,Shoes - Low (No-Fb),JQ6135,ANTHONY EDWARDS 1 LOW ARCNGT/CBLACK/SCRGRN,,,4068803494927,197619733327,9, 60.5 , 110.0 ,USD,88, $48.70 
Footwear,Unisex,Adult,Basketball,Shoes - Low (No-Fb),JQ6135,ANTHONY EDWARDS 1 LOW ARCNGT/CBLACK/SCRGRN,,,4068803495030,197619737066,9-, 60.5 , 110.0 ,USD,103, $48.70 
Footwear,Unisex,Adult,Basketball,Shoes - Low (No-Fb),JQ6135,ANTHONY EDWARDS 1 LOW ARCNGT/CBLACK/SCRGRN,,,4068803491278,197619733303,10, 60.5 , 110.0 ,USD,119, $48.70 
Footwear,Unisex,Adult,Basketball,Shoes - Low (No-Fb),JQ6135,ANTHONY EDWARDS 1 LOW ARCNGT/CBLACK/SCRGRN,,,4068803494989,197619737011,10-, 60.5 , 110.0 ,USD,29, $48.70 
Footwear,Unisex,Adult,Basketball,Shoes - Low (No-Fb),JQ6135,ANTHONY EDWARDS 1 LOW ARCNGT/CBLACK/SCRGRN,,,4068803494996,197619737028,11, 60.5 , 110.0 ,USD,27, $48.70 
Footwear,Unisex,Adult,Basketball,Shoes - Low (No-Fb),JQ6135,ANTHONY EDWARDS 1 LOW ARCNGT/CBLACK/SCRGRN,,,4068803494903,197619733341,11-, 60.5 , 110.0 ,USD,0, $48.70 
Footwear,Unisex,Adult,Basketball,Shoes - Low (No-Fb),JQ6135,ANTHONY EDWARDS 1 LOW ARCNGT/CBLACK/SCRGRN,,,4068803494965,197619736984,12, 60.5 , 110.0 ,USD,30, $48.70 
Footwear,Unisex,Adult,Basketball,Shoes - Low (No-Fb),JQ6135,ANTHONY EDWARDS 1 LOW ARCNGT/CBLACK/SCRGRN,,,4068803495061,197619737097,12-, 60.5 , 110.0 ,USD,0, $48.70 
Footwear,Unisex,Adult,Basketball,Shoes - Low (No-Fb),JQ6135,ANTHONY EDWARDS 1 LOW ARCNGT/CBLACK/SCRGRN,,,4068803494941,197619737004,13, 60.5 , 110.0 ,USD,22, $48.70 
Footwear,Unisex,Adult,Basketball,Shoes - Low (No-Fb),JQ6135,ANTHONY EDWARDS 1 LOW ARCNGT/CBLACK/SCRGRN,,,4068803494897,197619733334,13-, 60.5 , 110.0 ,USD,0, $48.70 
Footwear,Unisex,Adult,Basketball,Shoes - Low (No-Fb),JQ6135,ANTHONY EDWARDS 1 LOW ARCNGT/CBLACK/SCRGRN,,,4068803495085,197619737110,14, 60.5 , 110.0 ,USD,0, $48.70 
Footwear,Unisex,Adult,Basketball,Shoes - Low (No-Fb),JQ6135,ANTHONY EDWARDS 1 LOW ARCNGT/CBLACK/SCRGRN,,,4068803494958,197619736977,14-, 60.5 , 110.0 ,USD,0, $48.70 
Footwear,Unisex,Adult,Basketball,Shoes - Low (No-Fb),JQ6135,ANTHONY EDWARDS 1 LOW ARCNGT/CBLACK/SCRGRN,,,4068803495115,197619737141,15, 60.5 , 110.0 ,USD,0, $48.70 
Footwear,Unisex,Adult,Basketball,Shoes - Low (No-Fb),JQ6135,ANTHONY EDWARDS 1 LOW ARCNGT/CBLACK/SCRGRN,,,4068803495092,197619737127,16, 60.5 , 110.0 ,USD,0, $48.70 
Footwear,Unisex,Adult,Basketball,Shoes - Low (No-Fb),JQ6135,ANTHONY EDWARDS 1 LOW ARCNGT/CBLACK/SCRGRN,,,4068803494972,197619736991,17, 60.5 , 110.0 ,USD,0, $48.70 
Footwear,Unisex,Adult,Basketball,Shoes - Low (No-Fb),JQ6135,ANTHONY EDWARDS 1 LOW ARCNGT/CBLACK/SCRGRN,,,4068803495016,197619737042,18, 60.5 , 110.0 ,USD,0, $48.70 
Footwear,Unisex,Adult,Basketball,Shoes - Low (No-Fb),JQ6135,ANTHONY EDWARDS 1 LOW ARCNGT/CBLACK/SCRGRN,,,4068803491285,197619733310,19, 60.5 , 110.0 ,USD,0, $48.70 
Footwear,Unisex,Adult,Basketball,Shoes - Mid (No-Fb),JH6815,Crazy IIInfinity PRLOIN/BLUSPA/CWHITE,,,4067897385197,197609471826,3-, 88.0 , 160.0 ,USD,0, $70.84 
Footwear,Unisex,Adult,Basketball,Shoes - Mid (No-Fb),JH6815,Crazy IIInfinity PRLOIN/BLUSPA/CWHITE,,,4067897385029,197609468055,4, 88.0 , 160.0 ,USD,0, $70.84 
Footwear,Unisex,Adult,Basketball,Shoes - Mid (No-Fb),JH6815,Crazy IIInfinity PRLOIN/BLUSPA/CWHITE,,,4067897384992,197609468017,4-, 88.0 , 160.0 ,USD,0, $70.84 
Footwear,Unisex,Adult,Basketball,Shoes - Mid (No-Fb),JH6815,Crazy IIInfinity PRLOIN/BLUSPA/CWHITE,,,4067897385050,197609468086,5, 88.0 , 160.0 ,USD,0, $70.84 
Footwear,Unisex,Adult,Basketball,Shoes - Mid (No-Fb),JH6815,Crazy IIInfinity PRLOIN/BLUSPA/CWHITE,,,4067897385098,197609471758,5-, 88.0 , 160.0 ,USD,0, $70.84 
Footwear,Unisex,Adult,Basketball,Shoes - Mid (No-Fb),JH6815,Crazy IIInfinity PRLOIN/BLUSPA/CWHITE,,,4067897385067,197609468093,6, 88.0 , 160.0 ,USD,0, $70.84 
Footwear,Unisex,Adult,Basketball,Shoes - Mid (No-Fb),JH6815,Crazy IIInfinity PRLOIN/BLUSPA/CWHITE,,,4067897385128,197609471741,6-, 88.0 , 160.0 ,USD,0, $70.84 
Footwear,Unisex,Adult,Basketball,Shoes - Mid (No-Fb),JH6815,Crazy IIInfinity PRLOIN/BLUSPA/CWHITE,,,4067897385043,197609468079,7, 88.0 , 160.0 ,USD,0, $70.84 
Footwear,Unisex,Adult,Basketball,Shoes - Mid (No-Fb),JH6815,Crazy IIInfinity PRLOIN/BLUSPA/CWHITE,,,4067897385074,197609468109,7-, 88.0 , 160.0 ,USD,0, $70.84 
Footwear,Unisex,Adult,Basketball,Shoes - Mid (No-Fb),JH6815,Crazy IIInfinity PRLOIN/BLUSPA/CWHITE,,,4067897385166,197609471796,8, 88.0 , 160.0 ,USD,10, $70.84 
Footwear,Unisex,Adult,Basketball,Shoes - Mid (No-Fb),JH6815,Crazy IIInfinity PRLOIN/BLUSPA/CWHITE,,,4067897384985,197609468024,8-, 88.0 , 160.0 ,USD,13, $70.84 
Footwear,Unisex,Adult,Basketball,Shoes - Mid (No-Fb),JH6815,Crazy IIInfinity PRLOIN/BLUSPA/CWHITE,,,4067897385135,197609471765,9, 88.0 , 160.0 ,USD,73, $70.84 
Footwear,Unisex,Adult,Basketball,Shoes - Mid (No-Fb),JH6815,Crazy IIInfinity PRLOIN/BLUSPA/CWHITE,,,4067897385142,197609471772,9-, 88.0 , 160.0 ,USD,14, $70.84 
Footwear,Unisex,Adult,Basketball,Shoes - Mid (No-Fb),JH6815,Crazy IIInfinity PRLOIN/BLUSPA/CWHITE,,,4067897385111,197609471734,10, 88.0 , 160.0 ,USD,25, $70.84 
Footwear,Unisex,Adult,Basketball,Shoes - Mid (No-Fb),JH6815,Crazy IIInfinity PRLOIN/BLUSPA/CWHITE,,,4067897385173,197609471802,10-, 88.0 , 160.0 ,USD,17, $70.84 
Footwear,Unisex,Adult,Basketball,Shoes - Mid (No-Fb),JH6815,Crazy IIInfinity PRLOIN/BLUSPA/CWHITE,,,4067897385180,197609471819,11, 88.0 , 160.0 ,USD,51, $70.84 
Footwear,Unisex,Adult,Basketball,Shoes - Mid (No-Fb),JH6815,Crazy IIInfinity PRLOIN/BLUSPA/CWHITE,,,4067897385005,197609468031,11-, 88.0 , 160.0 ,USD,0, $70.84 
Footwear,Unisex,Adult,Basketball,Shoes - Mid (No-Fb),JH6815,Crazy IIInfinity PRLOIN/BLUSPA/CWHITE,,,4067897385159,197609471789,12, 88.0 , 160.0 ,USD,3, $70.84 
Footwear,Unisex,Adult,Basketball,Shoes - Mid (No-Fb),JH6815,Crazy IIInfinity PRLOIN/BLUSPA/CWHITE,,,4067897385012,197609468048,12-, 88.0 , 160.0 ,USD,0, $70.84 
Footwear,Unisex,Adult,Basketball,Shoes - Mid (No-Fb),JH6815,Crazy IIInfinity PRLOIN/BLUSPA/CWHITE,,,4067897385081,197609468116,13, 88.0 , 160.0 ,USD,2, $70.84 
Footwear,Unisex,Adult,Basketball,Shoes - Mid (No-Fb),JH6815,Crazy IIInfinity PRLOIN/BLUSPA/CWHITE,,,4067897385036,197609468062,13-, 88.0 , 160.0 ,USD,0, $70.84 
Footwear,Unisex,Adult,Basketball,Shoes - Mid (No-Fb),JH6815,Crazy IIInfinity PRLOIN/BLUSPA/CWHITE,,,4067897385104,197609471727,14, 88.0 , 160.0 ,USD,0, $70.84 
Footwear,Unisex,Adult,Basketball,Shoes - Mid (No-Fb),JH6815,Crazy IIInfinity PRLOIN/BLUSPA/CWHITE,,,4067898209171,197611332887,14-, 88.0 , 160.0 ,USD,0, $70.84 
Footwear,Unisex,Adult,Basketball,Shoes - Mid (No-Fb),JH6815,Crazy IIInfinity PRLOIN/BLUSPA/CWHITE,,,4067898209164,197611332870,15, 88.0 , 160.0 ,USD,0, $70.84 
Apparel,Mens,Adult,Trail Running,T-Shirt (Short Sl.),JN8157,XPR TEE MAGGRE,,,4067891150098,197613724024,XS, 27.5 , 55.0 ,USD,3, $22.14 
Apparel,Mens,Adult,Trail Running,T-Shirt (Short Sl.),JN8157,XPR TEE MAGGRE,,,4067891150043,197613720385,S, 27.5 , 55.0 ,USD,21, $22.14 
Apparel,Mens,Adult,Trail Running,T-Shirt (Short Sl.),JN8157,XPR TEE MAGGRE,,,4067891150067,197613720392,M, 27.5 , 55.0 ,USD,37, $22.14 
Apparel,Mens,Adult,Trail Running,T-Shirt (Short Sl.),JN8157,XPR TEE MAGGRE,,,4067891150012,197613720347,L, 27.5 , 55.0 ,USD,40, $22.14 
Apparel,Mens,Adult,Trail Running,T-Shirt (Short Sl.),JN8157,XPR TEE MAGGRE,,,4067891150159,197613724086,XL, 27.5 , 55.0 ,USD,22, $22.14 
Apparel,Mens,Adult,Trail Running,T-Shirt (Short Sl.),JN8157,XPR TEE MAGGRE,,,4067891150081,197613724017,2XL, 27.5 , 55.0 ,USD,11, $22.14 
Accessories,Unisex,Adult,Training,Visor,JL8682,VISOR CLIMACOOL SELURE/WHITE,,,4067902517247,196476163056,OSFY, 11.0 , 22.0 ,USD,0, $8.86 
Accessories,Unisex,Adult,Training,Visor,JL8682,VISOR CLIMACOOL SELURE/WHITE,,,4067902517216,196476163018,OSFW, 11.0 , 22.0 ,USD,23, $8.86 
Accessories,Unisex,Adult,Training,Visor,JL8682,VISOR CLIMACOOL SELURE/WHITE,,,4067902517230,196476163049,OSFM, 11.0 , 22.0 ,USD,74, $8.86 
Accessories,Unisex,Adult,Training,Visor,JL8682,VISOR CLIMACOOL SELURE/WHITE,,,4067902517223,196476163025,OSFL, 11.0 , 22.0 ,USD,0, $8.86 
Footwear,Mens,Adult,Running,Shoes - Low (No-Fb),HP7668,4DFWD 2 M CRYWHT/NGTMET/PULMIN,White,,4066748800469,195747879641,4, 110.0 , 200.0 ,USD,0, $88.55 
Footwear,Mens,Adult,Running,Shoes - Low (No-Fb),HP7668,4DFWD 2 M CRYWHT/NGTMET/PULMIN,White,,4066748804191,195747879788,4-, 110.0 , 200.0 ,USD,0, $88.55 
Footwear,Mens,Adult,Running,Shoes - Low (No-Fb),HP7668,4DFWD 2 M CRYWHT/NGTMET/PULMIN,White,,4066748804177,195747879764,5, 110.0 , 200.0 ,USD,0, $88.55 
Footwear,Mens,Adult,Running,Shoes - Low (No-Fb),HP7668,4DFWD 2 M CRYWHT/NGTMET/PULMIN,White,,4066748800438,195747879658,5-, 110.0 , 200.0 ,USD,0, $88.55 
Footwear,Mens,Adult,Running,Shoes - Low (No-Fb),HP7668,4DFWD 2 M CRYWHT/NGTMET/PULMIN,White,,4066748804221,195747879818,6, 110.0 , 200.0 ,USD,0, $88.55 
Footwear,Mens,Adult,Running,Shoes - Low (No-Fb),HP7668,4DFWD 2 M CRYWHT/NGTMET/PULMIN,White,,4066748804160,195747879757,6-, 110.0 , 200.0 ,USD,0, $88.55 
Footwear,Mens,Adult,Running,Shoes - Low (No-Fb),HP7668,4DFWD 2 M CRYWHT/NGTMET/PULMIN,White,,4066748804139,195747879733,7, 110.0 , 200.0 ,USD,0, $88.55 
Footwear,Mens,Adult,Running,Shoes - Low (No-Fb),HP7668,4DFWD 2 M CRYWHT/NGTMET/PULMIN,White,,4066748804214,195747879801,7-, 110.0 , 200.0 ,USD,0, $88.55 
Footwear,Mens,Adult,Running,Shoes - Low (No-Fb),HP7668,4DFWD 2 M CRYWHT/NGTMET/PULMIN,White,,4066748800476,195747879665,8, 110.0 , 200.0 ,USD,0, $88.55 
Footwear,Mens,Adult,Running,Shoes - Low (No-Fb),HP7668,4DFWD 2 M CRYWHT/NGTMET/PULMIN,White,,4066748804207,195747879795,8-, 110.0 , 200.0 ,USD,0, $88.55 
Footwear,Mens,Adult,Running,Shoes - Low (No-Fb),HP7668,4DFWD 2 M CRYWHT/NGTMET/PULMIN,White,,4066748804115,195747879719,9, 110.0 , 200.0 ,USD,2, $88.55 
Footwear,Mens,Adult,Running,Shoes - Low (No-Fb),HP7668,4DFWD 2 M CRYWHT/NGTMET/PULMIN,White,,4066748800506,195747879696,9-, 110.0 , 200.0 ,USD,0, $88.55 
Footwear,Mens,Adult,Running,Shoes - Low (No-Fb),HP7668,4DFWD 2 M CRYWHT/NGTMET/PULMIN,White,,4066748804184,195747879771,10, 110.0 , 200.0 ,USD,0, $88.55 
Footwear,Mens,Adult,Running,Shoes - Low (No-Fb),HP7668,4DFWD 2 M CRYWHT/NGTMET/PULMIN,White,,4066748800445,195747879627,10-, 110.0 , 200.0 ,USD,3, $88.55 
Footwear,Mens,Adult,Running,Shoes - Low (No-Fb),HP7668,4DFWD 2 M CRYWHT/NGTMET/PULMIN,White,,4066748800490,195747879689,11, 110.0 , 200.0 ,USD,10, $88.55 
Footwear,Mens,Adult,Running,Shoes - Low (No-Fb),HP7668,4DFWD 2 M CRYWHT/NGTMET/PULMIN,White,,4066748800421,195747998656,11-, 110.0 , 200.0 ,USD,2, $88.55 
Footwear,Mens,Adult,Running,Shoes - Low (No-Fb),HP7668,4DFWD 2 M CRYWHT/NGTMET/PULMIN,White,,4066748804153,195747879740,12, 110.0 , 200.0 ,USD,0, $88.55 
Footwear,Mens,Adult,Running,Shoes - Low (No-Fb),HP7668,4DFWD 2 M CRYWHT/NGTMET/PULMIN,White,,4066748804122,195747879726,13, 110.0 , 200.0 ,USD,0, $88.55 
Footwear,Mens,Adult,Running,Shoes - Low (No-Fb),HP7668,4DFWD 2 M CRYWHT/NGTMET/PULMIN,White,,4066748800483,195747879672,14, 110.0 , 200.0 ,USD,0, $88.55 
Footwear,Mens,Adult,Running,Shoes - Low (No-Fb),HP7668,4DFWD 2 M CRYWHT/NGTMET/PULMIN,White,,4066756580445,196464933364,15, 110.0 , 200.0 ,USD,0, $88.55 
Footwear,Mens,Adult,Running,Shoes - Low (No-Fb),HP7668,4DFWD 2 M CRYWHT/NGTMET/PULMIN,White,,4066748804146,195747879702,16, 110.0 , 200.0 ,USD,0, $88.55 
Apparel,Mens,Adult,Not Sports Specific,Hooded Sweat,JD4859,M FI 3S HD WHITE,White,,4067906077983,196475285377,XS, 37.5 , 75.0 ,USD,0, $30.19 
Apparel,Mens,Adult,Not Sports Specific,Hooded Sweat,JD4859,M FI 3S HD WHITE,White,,4067906077990,196475285384,S, 37.5 , 75.0 ,USD,0, $30.19 
Apparel,Mens,Adult,Not Sports Specific,Hooded Sweat,JD4859,M FI 3S HD WHITE,White,,4067906081812,196475286800,M, 37.5 , 75.0 ,USD,15, $30.19 
Apparel,Mens,Adult,Not Sports Specific,Hooded Sweat,JD4859,M FI 3S HD WHITE,White,,4067906081652,196475285414,L, 37.5 , 75.0 ,USD,18, $30.19 
Apparel,Mens,Adult,Not Sports Specific,Hooded Sweat,JD4859,M FI 3S HD WHITE,White,,4067906078010,196475285407,XL, 37.5 , 75.0 ,USD,4, $30.19 
Apparel,Mens,Adult,Not Sports Specific,Hooded Sweat,JD4859,M FI 3S HD WHITE,White,,4067906081706,196475285490,2XL, 37.5 , 75.0 ,USD,4, $30.19 
Apparel,Mens,Adult,Not Sports Specific,Hooded Sweat,JD4859,M FI 3S HD WHITE,White,,4067906081775,196475286756,3XL, 37.5 , 75.0 ,USD,0, $30.19 
Apparel,Mens,Adult,Not Sports Specific,Hooded Sweat,JD4859,M FI 3S HD WHITE,White,,4067906081829,196475286817,4XL, 37.5 , 75.0 ,USD,0, $30.19 
Apparel,Mens,Adult,Not Sports Specific,Hooded Sweat,JD4859,M FI 3S HD WHITE,White,,4067906081638,196475285438,ST, 37.5 , 75.0 ,USD,0, $30.19 
Apparel,Mens,Adult,Not Sports Specific,Hooded Sweat,JD4859,M FI 3S HD WHITE,White,,4067906081645,196475285445,MT, 37.5 , 75.0 ,USD,0, $30.19 
Apparel,Mens,Adult,Not Sports Specific,Hooded Sweat,JD4859,M FI 3S HD WHITE,White,,4067906081836,196475286824,LT, 37.5 , 75.0 ,USD,0, $30.19 
Apparel,Mens,Adult,Not Sports Specific,Hooded Sweat,JD4859,M FI 3S HD WHITE,White,,4067906081621,196475285421,XLT, 37.5 , 75.0 ,USD,0, $30.19 
Apparel,Mens,Adult,Not Sports Specific,Hooded Sweat,JD4859,M FI 3S HD WHITE,White,,4067906077921,196475285339,2XLT, 37.5 , 75.0 ,USD,0, $30.19 
Apparel,Mens,Adult,Not Sports Specific,Hooded Sweat,JD4859,M FI 3S HD WHITE,White,,4067906077938,196475285315,3XLT, 37.5 , 75.0 ,USD,0, $30.19 
Apparel,Mens,Adult,Not Sports Specific,Hooded Sweat,JD4859,M FI 3S HD WHITE,White,,4067906081720,196475286718,4XLT, 37.5 , 75.0 ,USD,0, $30.19 
Footwear,Unisex,Junior,Originals,Shoes - Low (No-Fb),IG9153,GAZELLE J SEPISP/LUCBLU/LUCBLU,,,4067888917420,196478059203,3-, 40.0 , 80.0 ,USD,87, $32.20 
Footwear,Unisex,Junior,Originals,Shoes - Low (No-Fb),IG9153,GAZELLE J SEPISP/LUCBLU/LUCBLU,,,4067888917475,196478059241,4, 40.0 , 80.0 ,USD,85, $32.20 
Footwear,Unisex,Junior,Originals,Shoes - Low (No-Fb),IG9153,GAZELLE J SEPISP/LUCBLU/LUCBLU,,,4067888917413,196478059197,4-, 40.0 , 80.0 ,USD,131, $32.20 
Footwear,Unisex,Junior,Originals,Shoes - Low (No-Fb),IG9153,GAZELLE J SEPISP/LUCBLU/LUCBLU,,,4067888916447,196478059173,5, 40.0 , 80.0 ,USD,237, $32.20 
Footwear,Unisex,Junior,Originals,Shoes - Low (No-Fb),IG9153,GAZELLE J SEPISP/LUCBLU/LUCBLU,,,4067888917451,196478059227,5-, 40.0 , 80.0 ,USD,248, $32.20 
Footwear,Unisex,Junior,Originals,Shoes - Low (No-Fb),IG9153,GAZELLE J SEPISP/LUCBLU/LUCBLU,,,4067888917444,196478059180,6, 40.0 , 80.0 ,USD,290, $32.20 
Footwear,Unisex,Junior,Originals,Shoes - Low (No-Fb),IG9153,GAZELLE J SEPISP/LUCBLU/LUCBLU,,,4067888917468,196478059234,6-, 40.0 , 80.0 ,USD,300+, $32.20 
Footwear,Unisex,Junior,Originals,Shoes - Low (No-Fb),IG9153,GAZELLE J SEPISP/LUCBLU/LUCBLU,,,4067888917437,196478059210,7, 40.0 , 80.0 ,USD,300+, $32.20 
Apparel,Womens,Adult,Soccer,Jersey (Short Sl.),HR2635,T ICON 23 JSY W TENABL,,,4066746320969,195744776356,2XS, 17.5 , 35.0 ,USD,0, $14.09 
Apparel,Womens,Adult,Soccer,Jersey (Short Sl.),HR2635,T ICON 23 JSY W TENABL,,,4066746320921,195744772723,XS, 17.5 , 35.0 ,USD,15, $14.09 
Apparel,Womens,Adult,Soccer,Jersey (Short Sl.),HR2635,T ICON 23 JSY W TENABL,,,4066746325209,195744776400,S, 17.5 , 35.0 ,USD,29, $14.09 
Apparel,Womens,Adult,Soccer,Jersey (Short Sl.),HR2635,T ICON 23 JSY W TENABL,,,4066746320983,195744776387,M, 17.5 , 35.0 ,USD,41, $14.09 
Apparel,Womens,Adult,Soccer,Jersey (Short Sl.),HR2635,T ICON 23 JSY W TENABL,,,4066746320952,195744776349,L, 17.5 , 35.0 ,USD,12, $14.09 
Apparel,Womens,Adult,Soccer,Jersey (Short Sl.),HR2635,T ICON 23 JSY W TENABL,,,4066746320976,195744776370,XL, 17.5 , 35.0 ,USD,2, $14.09 
Apparel,Womens,Adult,Soccer,Jersey (Short Sl.),HR2635,T ICON 23 JSY W TENABL,,,4066746320945,195744776332,2XL, 17.5 , 35.0 ,USD,0, $14.09 
Accessories,Unisex,Adult,Alpine Skiing,Other Acc. (App),IB2785,TRX M BALACLAVA BLACK/WHITE,Black,,4066762169504,196469614800,OSFW, 22.5 , 45.0 ,USD,0, $18.11 
Accessories,Unisex,Adult,Alpine Skiing,Other Acc. (App),IB2785,TRX M BALACLAVA BLACK/WHITE,Black,,4066762169498,196469614794,OSFM, 22.5 , 45.0 ,USD,10, $18.11 
Accessories,Unisex,Adult,Alpine Skiing,Other Acc. (App),IB2785,TRX M BALACLAVA BLACK/WHITE,Black,,4066762169481,196469614787,OSFL, 22.5 , 45.0 ,USD,0, $18.11 
Apparel,Unisex,Junior,Soccer,Jersey (Short Sl.),HF0130,ENT22 GFXJSYY ROYBLU/APSKRU,Blue,,4065418906555,195737886857,2XS, 11.5 , 23.0 ,USD,0, $9.26 
Apparel,Unisex,Junior,Soccer,Jersey (Short Sl.),HF0130,ENT22 GFXJSYY ROYBLU/APSKRU,Blue,,4065418906500,195737886802,XS, 11.5 , 23.0 ,USD,0, $9.26 
Apparel,Unisex,Junior,Soccer,Jersey (Short Sl.),HF0130,ENT22 GFXJSYY ROYBLU/APSKRU,Blue,,4065418906609,195737886901,S, 11.5 , 23.0 ,USD,11, $9.26 
Apparel,Unisex,Junior,Soccer,Jersey (Short Sl.),HF0130,ENT22 GFXJSYY ROYBLU/APSKRU,Blue,,4065418906586,195737886888,M, 11.5 , 23.0 ,USD,0, $9.26 
Apparel,Unisex,Junior,Soccer,Jersey (Short Sl.),HF0130,ENT22 GFXJSYY ROYBLU/APSKRU,Blue,,4065418906517,195737886819,L, 11.5 , 23.0 ,USD,17, $9.26 
Apparel,Unisex,Junior,Soccer,Jersey (Short Sl.),HF0130,ENT22 GFXJSYY ROYBLU/APSKRU,Blue,,4065427346014,195739439235,XL, 11.5 , 23.0 ,USD,0, $9.26 
Apparel,Mens,Adult,Originals,Graphic T (Short Sl),JN5191,M PHOTO 1 C/FLI BLACK,Black,,4067903126141,197614845742,XS, 15.0 , 30.0 ,USD,300+, $12.08 
Apparel,Mens,Adult,Originals,Graphic T (Short Sl),JN5191,M PHOTO 1 C/FLI BLACK,Black,,4067903126189,197614845780,S, 15.0 , 30.0 ,USD,300+, $12.08 
Apparel,Mens,Adult,Originals,Graphic T (Short Sl),JN5191,M PHOTO 1 C/FLI BLACK,Black,,4067903126158,197614845759,M, 15.0 , 30.0 ,USD,300+, $12.08 
Apparel,Mens,Adult,Originals,Graphic T (Short Sl),JN5191,M PHOTO 1 C/FLI BLACK,Black,,4067903126134,197614845735,L, 15.0 , 30.0 ,USD,300+, $12.08 
Apparel,Mens,Adult,Originals,Graphic T (Short Sl),JN5191,M PHOTO 1 C/FLI BLACK,Black,,4067903126165,197614845766,XL, 15.0 , 30.0 ,USD,300+, $12.08 
Apparel,Mens,Adult,Originals,Graphic T (Short Sl),JN5191,M PHOTO 1 C/FLI BLACK,Black,,4067903126172,197614845773,2XL, 15.0 , 30.0 ,USD,300+, $12.08 
Apparel,Womens,Adult,Trail Running,Jacket (Technical),KA5869,W XPR LIGHT R J BLACK,Black,,4068803434138,197619879841,XS, 90.0 , 180.0 ,USD,14, $72.45 
Apparel,Womens,Adult,Trail Running,Jacket (Technical),KA5869,W XPR LIGHT R J BLACK,Black,,4068803437801,197619879889,S, 90.0 , 180.0 ,USD,40, $72.45 
Apparel,Womens,Adult,Trail Running,Jacket (Technical),KA5869,W XPR LIGHT R J BLACK,Black,,4068803437863,197619879971,M, 90.0 , 180.0 ,USD,46, $72.45 
Apparel,Womens,Adult,Trail Running,Jacket (Technical),KA5869,W XPR LIGHT R J BLACK,Black,,4068803437849,197619879957,L, 90.0 , 180.0 ,USD,42, $72.45 
Apparel,Womens,Adult,Trail Running,Jacket (Technical),KA5869,W XPR LIGHT R J BLACK,Black,,4068803434152,197619879865,XL, 90.0 , 180.0 ,USD,28, $72.45 
Apparel,Womens,Adult,Trail Running,Jacket (Technical),KA5869,W XPR LIGHT R J BLACK,Black,,4068805399671,197617223028,2XL, 90.0 , 180.0 ,USD,11, $72.45 
Footwear,Womens,Adult,Running,Shoes - Low (No-Fb),JQ3536,SUPERNOVA RISE 2 W FTWWHT/MSILVE/WARVAN,White,,4068802814481,197619518719,5, 77.0 , 140.0 ,USD,0, $61.99 
Footwear,Womens,Adult,Running,Shoes - Low (No-Fb),JQ3536,SUPERNOVA RISE 2 W FTWWHT/MSILVE/WARVAN,White,,4068802818120,197619518764,5-, 77.0 , 140.0 ,USD,0, $61.99 
Footwear,Womens,Adult,Running,Shoes - Low (No-Fb),JQ3536,SUPERNOVA RISE 2 W FTWWHT/MSILVE/WARVAN,White,,4068802814498,197619518726,6, 77.0 , 140.0 ,USD,0, $61.99 
Footwear,Womens,Adult,Running,Shoes - Low (No-Fb),JQ3536,SUPERNOVA RISE 2 W FTWWHT/MSILVE/WARVAN,White,,4068802814467,197619518696,6-, 77.0 , 140.0 ,USD,0, $61.99 
Footwear,Womens,Adult,Running,Shoes - Low (No-Fb),JQ3536,SUPERNOVA RISE 2 W FTWWHT/MSILVE/WARVAN,White,,4068802818106,197619518740,7, 77.0 , 140.0 ,USD,0, $61.99 
Footwear,Womens,Adult,Running,Shoes - Low (No-Fb),JQ3536,SUPERNOVA RISE 2 W FTWWHT/MSILVE/WARVAN,White,,4068802814436,197619518665,7-, 77.0 , 140.0 ,USD,0, $61.99 
Footwear,Womens,Adult,Running,Shoes - Low (No-Fb),JQ3536,SUPERNOVA RISE 2 W FTWWHT/MSILVE/WARVAN,White,,4068802814443,197619518672,8, 77.0 , 140.0 ,USD,0, $61.99 
Footwear,Womens,Adult,Running,Shoes - Low (No-Fb),JQ3536,SUPERNOVA RISE 2 W FTWWHT/MSILVE/WARVAN,White,,4068802818175,197619518801,8-, 77.0 , 140.0 ,USD,2, $61.99 
Footwear,Womens,Adult,Running,Shoes - Low (No-Fb),JQ3536,SUPERNOVA RISE 2 W FTWWHT/MSILVE/WARVAN,White,,4068802814450,197619518689,9, 77.0 , 140.0 ,USD,0, $61.99 
Footwear,Womens,Adult,Running,Shoes - Low (No-Fb),JQ3536,SUPERNOVA RISE 2 W FTWWHT/MSILVE/WARVAN,White,,4068802818168,197619518795,9-, 77.0 , 140.0 ,USD,0, $61.99 
Footwear,Womens,Adult,Running,Shoes - Low (No-Fb),JQ3536,SUPERNOVA RISE 2 W FTWWHT/MSILVE/WARVAN,White,,4068802818151,197619518788,10, 77.0 , 140.0 ,USD,0, $61.99 
Footwear,Womens,Adult,Running,Shoes - Low (No-Fb),JQ3536,SUPERNOVA RISE 2 W FTWWHT/MSILVE/WARVAN,White,,4068802818137,197619518733,10-, 77.0 , 140.0 ,USD,0, $61.99 
Footwear,Womens,Adult,Running,Shoes - Low (No-Fb),JQ3536,SUPERNOVA RISE 2 W FTWWHT/MSILVE/WARVAN,White,,4068802818144,197619518771,11, 77.0 , 140.0 ,USD,0, $61.99 
Footwear,Womens,Adult,Running,Shoes - Low (No-Fb),JQ3536,SUPERNOVA RISE 2 W FTWWHT/MSILVE/WARVAN,White,,4068802814474,197619518702,11-, 77.0 , 140.0 ,USD,0, $61.99 
Footwear,Womens,Adult,Running,Shoes - Low (No-Fb),JQ3536,SUPERNOVA RISE 2 W FTWWHT/MSILVE/WARVAN,White,,4068802818113,197619518757,12, 77.0 , 140.0 ,USD,0, $61.99 
Apparel,Womens,Adult,Soccer,Jersey (Short Sl.),HR2634,T ICON 23 JSY W TEPORE,,,4066746325322,195744776516,2XS, 17.5 , 35.0 ,USD,0, $14.09 
Apparel,Womens,Adult,Soccer,Jersey (Short Sl.),HR2634,T ICON 23 JSY W TEPORE,,,4066746325377,195744776561,XS, 17.5 , 35.0 ,USD,9, $14.09 
Apparel,Womens,Adult,Soccer,Jersey (Short Sl.),HR2634,T ICON 23 JSY W TEPORE,,,4066746325360,195744776554,S, 17.5 , 35.0 ,USD,24, $14.09 
Apparel,Womens,Adult,Soccer,Jersey (Short Sl.),HR2634,T ICON 23 JSY W TEPORE,,,4066746325346,195744776530,M, 17.5 , 35.0 ,USD,62, $14.09 
Apparel,Womens,Adult,Soccer,Jersey (Short Sl.),HR2634,T ICON 23 JSY W TEPORE,,,4066746325414,195744780193,L, 17.5 , 35.0 ,USD,20, $14.09 
Apparel,Womens,Adult,Soccer,Jersey (Short Sl.),HR2634,T ICON 23 JSY W TEPORE,,,4066746325339,195744776523,XL, 17.5 , 35.0 ,USD,1, $14.09 
Apparel,Womens,Adult,Soccer,Jersey (Short Sl.),HR2634,T ICON 23 JSY W TEPORE,,,4066746325407,195744780186,2XL, 17.5 , 35.0 ,USD,0, $14.09 
Apparel,Mens,Adult,Hiking,Polarfleece-Half Zip,JM0142,MT CW HZ T FL MYSGRN,Green,,4068811004828,197626759235,XS, 27.5 , 55.0 ,USD,0, $22.14 
Apparel,Mens,Adult,Hiking,Polarfleece-Half Zip,JM0142,MT CW HZ T FL MYSGRN,Green,,4068811004842,197626759259,S, 27.5 , 55.0 ,USD,4, $22.14 
Apparel,Mens,Adult,Hiking,Polarfleece-Half Zip,JM0142,MT CW HZ T FL MYSGRN,Green,,4068811004866,197626759273,M, 27.5 , 55.0 ,USD,12, $22.14 
Apparel,Mens,Adult,Hiking,Polarfleece-Half Zip,JM0142,MT CW HZ T FL MYSGRN,Green,,4068811004873,197626759280,L, 27.5 , 55.0 ,USD,16, $22.14 
Apparel,Mens,Adult,Hiking,Polarfleece-Half Zip,JM0142,MT CW HZ T FL MYSGRN,Green,,4068811004859,197626759266,XL, 27.5 , 55.0 ,USD,9, $22.14 
Apparel,Mens,Adult,Hiking,Polarfleece-Half Zip,JM0142,MT CW HZ T FL MYSGRN,Green,,4068811008482,197626759297,2XL, 27.5 , 55.0 ,USD,9, $22.14 
Apparel,Mens,Adult,Hiking,Polarfleece-Half Zip,JM0142,MT CW HZ T FL MYSGRN,Green,,4068811004835,197626759242,3XL, 27.5 , 55.0 ,USD,0, $22.14 
Apparel,Mens,Adult,Soccer,Jersey (Short Sl.),HR2631,T ICON23 JSY TENABL,,,4066746391563,195744834940,XS, 17.5 , 35.0 ,USD,0, $14.09 
Apparel,Mens,Adult,Soccer,Jersey (Short Sl.),HR2631,T ICON23 JSY TENABL,,,4066746391440,195744832915,S, 17.5 , 35.0 ,USD,188, $14.09 
Apparel,Mens,Adult,Soccer,Jersey (Short Sl.),HR2631,T ICON23 JSY TENABL,,,4066746391464,195744832892,M, 17.5 , 35.0 ,USD,0, $14.09 
Apparel,Mens,Adult,Soccer,Jersey (Short Sl.),HR2631,T ICON23 JSY TENABL,,,4066746391525,195744834896,L, 17.5 , 35.0 ,USD,0, $14.09 
Apparel,Mens,Adult,Soccer,Jersey (Short Sl.),HR2631,T ICON23 JSY TENABL,,,4066746387801,195744832861,XL, 17.5 , 35.0 ,USD,15, $14.09 
Apparel,Mens,Adult,Soccer,Jersey (Short Sl.),HR2631,T ICON23 JSY TENABL,,,4066746391501,195744832960,2XL, 17.5 , 35.0 ,USD,0, $14.09 
Apparel,Mens,Adult,Soccer,Jersey (Short Sl.),HR2631,T ICON23 JSY TENABL,,,4066746391594,195744834971,3XL, 17.5 , 35.0 ,USD,0, $14.09 
Apparel,Mens,Adult,Soccer,Jersey (Short Sl.),HR2630,T ICON23 JSY WHITE,White,,4066746419960,195744617215,XS, 17.5 , 35.0 ,USD,12, $14.09 
Apparel,Mens,Adult,Soccer,Jersey (Short Sl.),HR2630,T ICON23 JSY WHITE,White,,4066746420089,195744617345,S, 17.5 , 35.0 ,USD,30, $14.09 
Apparel,Mens,Adult,Soccer,Jersey (Short Sl.),HR2630,T ICON23 JSY WHITE,White,,4066746419946,195744617239,M, 17.5 , 35.0 ,USD,34, $14.09 
Apparel,Mens,Adult,Soccer,Jersey (Short Sl.),HR2630,T ICON23 JSY WHITE,White,,4066746423745,195744617406,L, 17.5 , 35.0 ,USD,14, $14.09 
Apparel,Mens,Adult,Soccer,Jersey (Short Sl.),HR2630,T ICON23 JSY WHITE,White,,4066746423769,195744617420,XL, 17.5 , 35.0 ,USD,6, $14.09 
Apparel,Mens,Adult,Soccer,Jersey (Short Sl.),HR2630,T ICON23 JSY WHITE,White,,4066746420034,195744617291,2XL, 17.5 , 35.0 ,USD,0, $14.09 
Apparel,Mens,Adult,Soccer,Jersey (Short Sl.),HR2630,T ICON23 JSY WHITE,White,,4066746420027,195744617284,3XL, 17.5 , 35.0 ,USD,0, $14.09 
Apparel,Unisex,Kids,Originals,Tracksuit,IY4011,FIREBIRD TS SELUFU,,,4067894029483,196479802877,4T, 30.0 , 60.0 ,USD,37, $24.15 
Apparel,Unisex,Kids,Originals,Tracksuit,IY4011,FIREBIRD TS SELUFU,,,4067894029506,196479802891,5T, 30.0 , 60.0 ,USD,39, $24.15 
Apparel,Unisex,Kids,Originals,Tracksuit,IY4011,FIREBIRD TS SELUFU,,,4067894029421,196479802815,2XS, 30.0 , 60.0 ,USD,77, $24.15 
Apparel,Unisex,Kids,Originals,Tracksuit,IY4011,FIREBIRD TS SELUFU,,,4067894029438,196479802822,XS, 30.0 , 60.0 ,USD,56, $24.15 
Apparel,Womens,Adult,Training,Track Top,IW8167,PACER W JACKET BLACK,Black,,4067893061408,197610155258,2XS, 40.0 , 80.0 ,USD,0, $32.20 
Apparel,Womens,Adult,Training,Track Top,IW8167,PACER W JACKET BLACK,Black,,4067893061422,197610155272,XS, 40.0 , 80.0 ,USD,4, $32.20 
Apparel,Womens,Adult,Training,Track Top,IW8167,PACER W JACKET BLACK,Black,,4067893061446,197610155296,S, 40.0 , 80.0 ,USD,0, $32.20 
Apparel,Womens,Adult,Training,Track Top,IW8167,PACER W JACKET BLACK,Black,,4067893061361,197610155203,M, 40.0 , 80.0 ,USD,0, $32.20 
Apparel,Womens,Adult,Training,Track Top,IW8167,PACER W JACKET BLACK,Black,,4067893061392,197610155241,L, 40.0 , 80.0 ,USD,0, $32.20 
Apparel,Womens,Adult,Training,Track Top,IW8167,PACER W JACKET BLACK,Black,,4067893061309,197610151564,XL, 40.0 , 80.0 ,USD,12, $32.20 
Apparel,Womens,Adult,Training,Track Top,IW8167,PACER W JACKET BLACK,Black,,4067893061415,197610155265,2XL, 40.0 , 80.0 ,USD,0, $32.20 
Footwear,Mens,Adult,Hiking,Shoes - Mid (No-Fb),JQ2206,TERREX SKYCHASER AX5 MID GTX CBLACK/CARBON/PURTEA,Black,,4067903128541,197614744021,6, 77.0 , 140.0 ,USD,0, $61.99 
Footwear,Mens,Adult,Hiking,Shoes - Mid (No-Fb),JQ2206,TERREX SKYCHASER AX5 MID GTX CBLACK/CARBON/PURTEA,Black,,4067903132296,197614747770,6-, 77.0 , 140.0 ,USD,0, $61.99 
Footwear,Mens,Adult,Hiking,Shoes - Mid (No-Fb),JQ2206,TERREX SKYCHASER AX5 MID GTX CBLACK/CARBON/PURTEA,Black,,4067903128558,197614747664,7, 77.0 , 140.0 ,USD,0, $61.99 
Footwear,Mens,Adult,Hiking,Shoes - Mid (No-Fb),JQ2206,TERREX SKYCHASER AX5 MID GTX CBLACK/CARBON/PURTEA,Black,,4067903132289,197614747763,7-, 77.0 , 140.0 ,USD,0, $61.99 
Footwear,Mens,Adult,Hiking,Shoes - Mid (No-Fb),JQ2206,TERREX SKYCHASER AX5 MID GTX CBLACK/CARBON/PURTEA,Black,,4067903132258,197614747749,8, 77.0 , 140.0 ,USD,0, $61.99 
Footwear,Mens,Adult,Hiking,Shoes - Mid (No-Fb),JQ2206,TERREX SKYCHASER AX5 MID GTX CBLACK/CARBON/PURTEA,Black,,4067903128633,197614747718,8-, 77.0 , 140.0 ,USD,0, $61.99 
Footwear,Mens,Adult,Hiking,Shoes - Mid (No-Fb),JQ2206,TERREX SKYCHASER AX5 MID GTX CBLACK/CARBON/PURTEA,Black,,4067903132302,197614747787,9, 77.0 , 140.0 ,USD,0, $61.99 
Footwear,Mens,Adult,Hiking,Shoes - Mid (No-Fb),JQ2206,TERREX SKYCHASER AX5 MID GTX CBLACK/CARBON/PURTEA,Black,,4067903128596,197614747671,9-, 77.0 , 140.0 ,USD,4, $61.99 
Footwear,Mens,Adult,Hiking,Shoes - Mid (No-Fb),JQ2206,TERREX SKYCHASER AX5 MID GTX CBLACK/CARBON/PURTEA,Black,,4067903128589,197614747657,10, 77.0 , 140.0 ,USD,3, $61.99 
Footwear,Mens,Adult,Hiking,Shoes - Mid (No-Fb),JQ2206,TERREX SKYCHASER AX5 MID GTX CBLACK/CARBON/PURTEA,Black,,4067903132272,197614747725,10-, 77.0 , 140.0 ,USD,16, $61.99 
Footwear,Mens,Adult,Hiking,Shoes - Mid (No-Fb),JQ2206,TERREX SKYCHASER AX5 MID GTX CBLACK/CARBON/PURTEA,Black,,4067903132265,197614747756,11, 77.0 , 140.0 ,USD,2, $61.99 
Footwear,Mens,Adult,Hiking,Shoes - Mid (No-Fb),JQ2206,TERREX SKYCHASER AX5 MID GTX CBLACK/CARBON/PURTEA,Black,,4067903132241,197614747732,11-, 77.0 , 140.0 ,USD,0, $61.99 
Footwear,Mens,Adult,Hiking,Shoes - Mid (No-Fb),JQ2206,TERREX SKYCHASER AX5 MID GTX CBLACK/CARBON/PURTEA,Black,,4067903128602,197614747688,12, 77.0 , 140.0 ,USD,6, $61.99 
Footwear,Mens,Adult,Hiking,Shoes - Mid (No-Fb),JQ2206,TERREX SKYCHASER AX5 MID GTX CBLACK/CARBON/PURTEA,Black,,4067903128572,197614747640,12-, 77.0 , 140.0 ,USD,0, $61.99 
Footwear,Mens,Adult,Hiking,Shoes - Mid (No-Fb),JQ2206,TERREX SKYCHASER AX5 MID GTX CBLACK/CARBON/PURTEA,Black,,4067903128565,197614747633,13, 77.0 , 140.0 ,USD,0, $61.99 
Footwear,Mens,Adult,Hiking,Shoes - Mid (No-Fb),JQ2206,TERREX SKYCHASER AX5 MID GTX CBLACK/CARBON/PURTEA,Black,,4067903128626,197614747701,14, 77.0 , 140.0 ,USD,1, $61.99 
Footwear,Mens,Adult,Hiking,Shoes - Mid (No-Fb),JQ2206,TERREX SKYCHASER AX5 MID GTX CBLACK/CARBON/PURTEA,Black,,4067903128619,197614747695,15, 77.0 , 140.0 ,USD,0, $61.99 
Footwear,Mens,Adult,Hiking,Shoes - Low (No-Fb),IH3543,TERREX FREE HIKER 2 LOW WONBEI/CBLACK/SEIMOR,,,4067897740293,197607432720,6, 88.0 , 160.0 ,USD,0, $70.84 
Footwear,Mens,Adult,Hiking,Shoes - Low (No-Fb),IH3543,TERREX FREE HIKER 2 LOW WONBEI/CBLACK/SEIMOR,,,4067897740408,197607436421,6-, 88.0 , 160.0 ,USD,0, $70.84 
Footwear,Mens,Adult,Hiking,Shoes - Low (No-Fb),IH3543,TERREX FREE HIKER 2 LOW WONBEI/CBLACK/SEIMOR,,,4067897740279,197607432706,7, 88.0 , 160.0 ,USD,0, $70.84 
Footwear,Mens,Adult,Hiking,Shoes - Low (No-Fb),IH3543,TERREX FREE HIKER 2 LOW WONBEI/CBLACK/SEIMOR,,,4067897740316,197607432744,7-, 88.0 , 160.0 ,USD,0, $70.84 
Footwear,Mens,Adult,Hiking,Shoes - Low (No-Fb),IH3543,TERREX FREE HIKER 2 LOW WONBEI/CBLACK/SEIMOR,,,4067897740378,197607432805,8, 88.0 , 160.0 ,USD,0, $70.84 
Footwear,Mens,Adult,Hiking,Shoes - Low (No-Fb),IH3543,TERREX FREE HIKER 2 LOW WONBEI/CBLACK/SEIMOR,,,4067897740354,197607432782,8-, 88.0 , 160.0 ,USD,0, $70.84 
Footwear,Mens,Adult,Hiking,Shoes - Low (No-Fb),IH3543,TERREX FREE HIKER 2 LOW WONBEI/CBLACK/SEIMOR,,,4067897740330,197607432768,9, 88.0 , 160.0 ,USD,0, $70.84 
Footwear,Mens,Adult,Hiking,Shoes - Low (No-Fb),IH3543,TERREX FREE HIKER 2 LOW WONBEI/CBLACK/SEIMOR,,,4067897740392,197607436452,9-, 88.0 , 160.0 ,USD,0, $70.84 
Footwear,Mens,Adult,Hiking,Shoes - Low (No-Fb),IH3543,TERREX FREE HIKER 2 LOW WONBEI/CBLACK/SEIMOR,,,4067897740248,197607432683,10, 88.0 , 160.0 ,USD,1, $70.84 
Footwear,Mens,Adult,Hiking,Shoes - Low (No-Fb),IH3543,TERREX FREE HIKER 2 LOW WONBEI/CBLACK/SEIMOR,,,4067897740323,197607432751,10-, 88.0 , 160.0 ,USD,0, $70.84 
Footwear,Mens,Adult,Hiking,Shoes - Low (No-Fb),IH3543,TERREX FREE HIKER 2 LOW WONBEI/CBLACK/SEIMOR,,,4067897740309,197607432737,11, 88.0 , 160.0 ,USD,0, $70.84 
Footwear,Mens,Adult,Hiking,Shoes - Low (No-Fb),IH3543,TERREX FREE HIKER 2 LOW WONBEI/CBLACK/SEIMOR,,,4067897740231,197607432676,11-, 88.0 , 160.0 ,USD,0, $70.84 
Footwear,Mens,Adult,Hiking,Shoes - Low (No-Fb),IH3543,TERREX FREE HIKER 2 LOW WONBEI/CBLACK/SEIMOR,,,4067897740361,197607432799,12, 88.0 , 160.0 ,USD,0, $70.84 
Footwear,Mens,Adult,Hiking,Shoes - Low (No-Fb),IH3543,TERREX FREE HIKER 2 LOW WONBEI/CBLACK/SEIMOR,,,4067897740286,197607432713,12-, 88.0 , 160.0 ,USD,0, $70.84 
Footwear,Mens,Adult,Hiking,Shoes - Low (No-Fb),IH3543,TERREX FREE HIKER 2 LOW WONBEI/CBLACK/SEIMOR,,,4067897740262,197607432690,13, 88.0 , 160.0 ,USD,0, $70.84 
Footwear,Mens,Adult,Hiking,Shoes - Low (No-Fb),IH3543,TERREX FREE HIKER 2 LOW WONBEI/CBLACK/SEIMOR,,,4067897740385,197607432812,14, 88.0 , 160.0 ,USD,0, $70.84 
Footwear,Mens,Adult,Hiking,Shoes - Low (No-Fb),IH3543,TERREX FREE HIKER 2 LOW WONBEI/CBLACK/SEIMOR,,,4067897740347,197607432775,15, 88.0 , 160.0 ,USD,0, $70.84 
Footwear,Mens,Kids,Baseball,Shoes - Low (No-Fb),IH2695,Adizero Impact TPU K TD BSB FTWWHT/CBLACK/TMLGGR,White,,4067893594906,197608444401,1, 30.25 , 55.0 ,USD,0, $24.35 
Footwear,Mens,Kids,Baseball,Shoes - Low (No-Fb),IH2695,Adizero Impact TPU K TD BSB FTWWHT/CBLACK/TMLGGR,White,,4067893594838,197608444333,1-, 30.25 , 55.0 ,USD,0, $24.35 
Footwear,Mens,Kids,Baseball,Shoes - Low (No-Fb),IH2695,Adizero Impact TPU K TD BSB FTWWHT/CBLACK/TMLGGR,White,,4067893594791,197608444302,2, 30.25 , 55.0 ,USD,0, $24.35 
Footwear,Mens,Kids,Baseball,Shoes - Low (No-Fb),IH2695,Adizero Impact TPU K TD BSB FTWWHT/CBLACK/TMLGGR,White,,4067893594883,197608444388,2-, 30.25 , 55.0 ,USD,0, $24.35 
Footwear,Mens,Kids,Baseball,Shoes - Low (No-Fb),IH2695,Adizero Impact TPU K TD BSB FTWWHT/CBLACK/TMLGGR,White,,4067893594876,197608444371,3, 30.25 , 55.0 ,USD,5, $24.35 
Footwear,Mens,Kids,Baseball,Shoes - Low (No-Fb),IH2695,Adizero Impact TPU K TD BSB FTWWHT/CBLACK/TMLGGR,White,,4067893594807,197608444319,3-, 30.25 , 55.0 ,USD,3, $24.35 
Footwear,Mens,Kids,Baseball,Shoes - Low (No-Fb),IH2695,Adizero Impact TPU K TD BSB FTWWHT/CBLACK/TMLGGR,White,,4067893594852,197608444357,4, 30.25 , 55.0 ,USD,2, $24.35 
Footwear,Mens,Kids,Baseball,Shoes - Low (No-Fb),IH2695,Adizero Impact TPU K TD BSB FTWWHT/CBLACK/TMLGGR,White,,4067893594845,197608444340,4-, 30.25 , 55.0 ,USD,24, $24.35 
Footwear,Mens,Kids,Baseball,Shoes - Low (No-Fb),IH2695,Adizero Impact TPU K TD BSB FTWWHT/CBLACK/TMLGGR,White,,4067893594890,197608444395,5, 30.25 , 55.0 ,USD,36, $24.35 
Footwear,Mens,Kids,Baseball,Shoes - Low (No-Fb),IH2695,Adizero Impact TPU K TD BSB FTWWHT/CBLACK/TMLGGR,White,,4067893594814,197608444326,5-, 30.25 , 55.0 ,USD,33, $24.35 
Footwear,Mens,Kids,Baseball,Shoes - Low (No-Fb),IH2695,Adizero Impact TPU K TD BSB FTWWHT/CBLACK/TMLGGR,White,,4067893594869,197608444364,6, 30.25 , 55.0 ,USD,35, $24.35 
Apparel,Mens,Adult,Soccer,Jersey (Short Sl.),HR2629,T ICON23 JSY BLACK,Black,,4066746387634,195744830539,XS, 17.5 , 35.0 ,USD,0, $14.09 
Apparel,Mens,Adult,Soccer,Jersey (Short Sl.),HR2629,T ICON23 JSY BLACK,Black,,4066746383872,195744830379,S, 17.5 , 35.0 ,USD,16, $14.09 
Apparel,Mens,Adult,Soccer,Jersey (Short Sl.),HR2629,T ICON23 JSY BLACK,Black,,4066746383926,195744830423,M, 17.5 , 35.0 ,USD,6, $14.09 
Apparel,Mens,Adult,Soccer,Jersey (Short Sl.),HR2629,T ICON23 JSY BLACK,Black,,4066746387689,195744832731,L, 17.5 , 35.0 ,USD,0, $14.09 
Apparel,Mens,Adult,Soccer,Jersey (Short Sl.),HR2629,T ICON23 JSY BLACK,Black,,4066746383971,195744830478,XL, 17.5 , 35.0 ,USD,0, $14.09 
Apparel,Mens,Adult,Soccer,Jersey (Short Sl.),HR2629,T ICON23 JSY BLACK,Black,,4066746387610,195744830522,2XL, 17.5 , 35.0 ,USD,0, $14.09 
Apparel,Mens,Adult,Soccer,Jersey (Short Sl.),HR2629,T ICON23 JSY BLACK,Black,,4066746383964,195744830461,3XL, 17.5 , 35.0 ,USD,0, $14.09 
Footwear,Unisex,Adult,Sportswear,Shoes - Low (No-Fb),JS1632,UB SILVER METALLIC SILVMT/SILVMT/CBLACK,Silver,,4068802861607,197619508420,4, 99.0 , 180.0 ,USD,0, $79.70 
Footwear,Unisex,Adult,Sportswear,Shoes - Low (No-Fb),JS1632,UB SILVER METALLIC SILVMT/SILVMT/CBLACK,Silver,,4068802861638,197619508451,4-, 99.0 , 180.0 ,USD,0, $79.70 
Footwear,Unisex,Adult,Sportswear,Shoes - Low (No-Fb),JS1632,UB SILVER METALLIC SILVMT/SILVMT/CBLACK,Silver,,4068802861614,197619508437,5, 99.0 , 180.0 ,USD,0, $79.70 
Footwear,Unisex,Adult,Sportswear,Shoes - Low (No-Fb),JS1632,UB SILVER METALLIC SILVMT/SILVMT/CBLACK,Silver,,4068802861621,197619508444,5-, 99.0 , 180.0 ,USD,0, $79.70 
Footwear,Unisex,Adult,Sportswear,Shoes - Low (No-Fb),JS1632,UB SILVER METALLIC SILVMT/SILVMT/CBLACK,Silver,,4068802861591,197619508413,6, 99.0 , 180.0 ,USD,0, $79.70 
Footwear,Unisex,Adult,Sportswear,Shoes - Low (No-Fb),JS1632,UB SILVER METALLIC SILVMT/SILVMT/CBLACK,Silver,,4068803355785,197619892895,6-, 99.0 , 180.0 ,USD,0, $79.70 
Footwear,Unisex,Adult,Sportswear,Shoes - Low (No-Fb),JS1632,UB SILVER METALLIC SILVMT/SILVMT/CBLACK,Silver,,4068803355761,197619892871,7, 99.0 , 180.0 ,USD,0, $79.70 
Footwear,Unisex,Adult,Sportswear,Shoes - Low (No-Fb),JS1632,UB SILVER METALLIC SILVMT/SILVMT/CBLACK,Silver,,4068803338641,197619892819,7-, 99.0 , 180.0 ,USD,0, $79.70 
Footwear,Unisex,Adult,Sportswear,Shoes - Low (No-Fb),JS1632,UB SILVER METALLIC SILVMT/SILVMT/CBLACK,Silver,,4068803355808,197619892918,8, 99.0 , 180.0 ,USD,0, $79.70 
Footwear,Unisex,Adult,Sportswear,Shoes - Low (No-Fb),JS1632,UB SILVER METALLIC SILVMT/SILVMT/CBLACK,Silver,,4068803355778,197619892888,8-, 99.0 , 180.0 ,USD,0, $79.70 
Footwear,Unisex,Adult,Sportswear,Shoes - Low (No-Fb),JS1632,UB SILVER METALLIC SILVMT/SILVMT/CBLACK,Silver,,4068803355839,197619892949,9, 99.0 , 180.0 ,USD,0, $79.70 
Footwear,Unisex,Adult,Sportswear,Shoes - Low (No-Fb),JS1632,UB SILVER METALLIC SILVMT/SILVMT/CBLACK,Silver,,4068803355747,197619892864,9-, 99.0 , 180.0 ,USD,0, $79.70 
Footwear,Unisex,Adult,Sportswear,Shoes - Low (No-Fb),JS1632,UB SILVER METALLIC SILVMT/SILVMT/CBLACK,Silver,,4068803355846,197619892956,10, 99.0 , 180.0 ,USD,9, $79.70 
Footwear,Unisex,Adult,Sportswear,Shoes - Low (No-Fb),JS1632,UB SILVER METALLIC SILVMT/SILVMT/CBLACK,Silver,,4068803355730,197619892857,10-, 99.0 , 180.0 ,USD,0, $79.70 
Footwear,Unisex,Adult,Sportswear,Shoes - Low (No-Fb),JS1632,UB SILVER METALLIC SILVMT/SILVMT/CBLACK,Silver,,4068803355754,197619892833,11, 99.0 , 180.0 ,USD,0, $79.70 
Footwear,Unisex,Adult,Sportswear,Shoes - Low (No-Fb),JS1632,UB SILVER METALLIC SILVMT/SILVMT/CBLACK,Silver,,4068803355822,197619892932,11-, 99.0 , 180.0 ,USD,0, $79.70 
Footwear,Unisex,Adult,Sportswear,Shoes - Low (No-Fb),JS1632,UB SILVER METALLIC SILVMT/SILVMT/CBLACK,Silver,,4068803355815,197619892925,12, 99.0 , 180.0 ,USD,0, $79.70 
Footwear,Unisex,Adult,Sportswear,Shoes - Low (No-Fb),JS1632,UB SILVER METALLIC SILVMT/SILVMT/CBLACK,Silver,,4068803355853,197619896596,12-, 99.0 , 180.0 ,USD,0, $79.70 
Footwear,Unisex,Adult,Sportswear,Shoes - Low (No-Fb),JS1632,UB SILVER METALLIC SILVMT/SILVMT/CBLACK,Silver,,4068803355792,197619892901,13, 99.0 , 180.0 ,USD,0, $79.70 
Footwear,Unisex,Adult,Sportswear,Shoes - Low (No-Fb),JS1632,UB SILVER METALLIC SILVMT/SILVMT/CBLACK,Silver,,4068803355723,197619892840,14, 99.0 , 180.0 ,USD,0, $79.70 
Footwear,Unisex,Adult,Sportswear,Shoes - Low (No-Fb),JS1632,UB SILVER METALLIC SILVMT/SILVMT/CBLACK,Silver,,4068803338658,197619892826,15, 99.0 , 180.0 ,USD,0, $79.70 
Apparel,Mens,Adult,Trail Running,Windbreaker,JD8428,MT PRINT WIND J BLACK/CARBON,Black,,4067904181057,197614412265,XS, 50.0 , 100.0 ,USD,2, $40.25 
Apparel,Mens,Adult,Trail Running,Windbreaker,JD8428,MT PRINT WIND J BLACK/CARBON,Black,,4067904181026,197614412272,S, 50.0 , 100.0 ,USD,3, $40.25 
Apparel,Mens,Adult,Trail Running,Windbreaker,JD8428,MT PRINT WIND J BLACK/CARBON,Black,,4067904181064,197614412302,M, 50.0 , 100.0 ,USD,0, $40.25 
Apparel,Mens,Adult,Trail Running,Windbreaker,JD8428,MT PRINT WIND J BLACK/CARBON,Black,,4067904181033,197614412289,L, 50.0 , 100.0 ,USD,5, $40.25 
Apparel,Mens,Adult,Trail Running,Windbreaker,JD8428,MT PRINT WIND J BLACK/CARBON,Black,,4067904181040,197614412296,XL, 50.0 , 100.0 ,USD,15, $40.25 
Apparel,Mens,Adult,Trail Running,Windbreaker,JD8428,MT PRINT WIND J BLACK/CARBON,Black,,4067904177418,197614412258,2XL, 50.0 , 100.0 ,USD,62, $40.25 
Apparel,Mens,Adult,Trail Running,Windbreaker,JD8428,MT PRINT WIND J BLACK/CARBON,Black,,4067903188262,197614919252,3XL, 50.0 , 100.0 ,USD,0, $40.25 
Apparel,Womens,Adult,Basketball,Shorts (1/2),JD3532,CRAZYLITE SHORT BLACK,Black,,4067904396550,197615096945,2XS, 25.0 , 50.0 ,USD,0, $20.13 
Apparel,Womens,Adult,Basketball,Shorts (1/2),JD3532,CRAZYLITE SHORT BLACK,Black,,4067904392880,197615096853,XS, 25.0 , 50.0 ,USD,80, $20.13 
Apparel,Womens,Adult,Basketball,Shorts (1/2),JD3532,CRAZYLITE SHORT BLACK,Black,,4067904392941,197615096921,S, 25.0 , 50.0 ,USD,186, $20.13 
Apparel,Womens,Adult,Basketball,Shorts (1/2),JD3532,CRAZYLITE SHORT BLACK,Black,,4067904392903,197615096884,M, 25.0 , 50.0 ,USD,168, $20.13 
Apparel,Womens,Adult,Basketball,Shorts (1/2),JD3532,CRAZYLITE SHORT BLACK,Black,,4067904396604,197615096983,L, 25.0 , 50.0 ,USD,48, $20.13 
Apparel,Womens,Adult,Basketball,Shorts (1/2),JD3532,CRAZYLITE SHORT BLACK,Black,,4067904392859,197615093234,XL, 25.0 , 50.0 ,USD,31, $20.13 
Apparel,Womens,Adult,Basketball,Shorts (1/2),JD3532,CRAZYLITE SHORT BLACK,Black,,4067904392934,197615096914,2XL, 25.0 , 50.0 ,USD,0, $20.13 
Apparel,Womens,Adult,Basketball,Shorts (1/2),JD3532,CRAZYLITE SHORT BLACK,Black,,4067904396628,197615097003,3XL, 25.0 , 50.0 ,USD,0, $20.13 
Apparel,Womens,Adult,Basketball,Shorts (1/2),JD3532,CRAZYLITE SHORT BLACK,Black,,4067904392927,197615096907,4XL, 25.0 , 50.0 ,USD,0, $20.13 
Apparel,Womens,Adult,Basketball,Shorts (1/2),JD3532,CRAZYLITE SHORT BLACK,Black,,4067904396574,197615096969,ST, 25.0 , 50.0 ,USD,0, $20.13 
Apparel,Womens,Adult,Basketball,Shorts (1/2),JD3532,CRAZYLITE SHORT BLACK,Black,,4067904396581,197615096938,MT, 25.0 , 50.0 ,USD,0, $20.13 
Apparel,Womens,Adult,Basketball,Shorts (1/2),JD3532,CRAZYLITE SHORT BLACK,Black,,4067904392835,197615093210,LT, 25.0 , 50.0 ,USD,0, $20.13 
Apparel,Womens,Adult,Basketball,Shorts (1/2),JD3532,CRAZYLITE SHORT BLACK,Black,,4067904392811,197615093197,XLT, 25.0 , 50.0 ,USD,0, $20.13 
Apparel,Womens,Adult,Basketball,Shorts (1/2),JD3532,CRAZYLITE SHORT BLACK,Black,,4067904392897,197615096860,2XLT, 25.0 , 50.0 ,USD,0, $20.13 
Footwear,Womens,Adult,Tennis,Shoes - Low (No-Fb),JP9842,Barricade 13 W FTWWHT/ASHPEA/LUCPNK,White,,4067906295646,197620709601,5, 88.0 , 160.0 ,USD,4, $70.84 
Footwear,Womens,Adult,Tennis,Shoes - Low (No-Fb),JP9842,Barricade 13 W FTWWHT/ASHPEA/LUCPNK,White,,4067906295547,197620709502,5-, 88.0 , 160.0 ,USD,4, $70.84 
Footwear,Womens,Adult,Tennis,Shoes - Low (No-Fb),JP9842,Barricade 13 W FTWWHT/ASHPEA/LUCPNK,White,,4067906295615,197620709571,6, 88.0 , 160.0 ,USD,32, $70.84 
Footwear,Womens,Adult,Tennis,Shoes - Low (No-Fb),JP9842,Barricade 13 W FTWWHT/ASHPEA/LUCPNK,White,,4067906295578,197620709533,6-, 88.0 , 160.0 ,USD,10, $70.84 
Footwear,Womens,Adult,Tennis,Shoes - Low (No-Fb),JP9842,Barricade 13 W FTWWHT/ASHPEA/LUCPNK,White,,4067906295530,197620709496,7, 88.0 , 160.0 ,USD,76, $70.84 
Footwear,Womens,Adult,Tennis,Shoes - Low (No-Fb),JP9842,Barricade 13 W FTWWHT/ASHPEA/LUCPNK,White,,4067906295561,197620709526,7-, 88.0 , 160.0 ,USD,100, $70.84 
Footwear,Womens,Adult,Tennis,Shoes - Low (No-Fb),JP9842,Barricade 13 W FTWWHT/ASHPEA/LUCPNK,White,,4067906295523,197620709472,8, 88.0 , 160.0 ,USD,0, $70.84 
Footwear,Womens,Adult,Tennis,Shoes - Low (No-Fb),JP9842,Barricade 13 W FTWWHT/ASHPEA/LUCPNK,White,,4067906295554,197620709519,8-, 88.0 , 160.0 ,USD,98, $70.84 
Footwear,Womens,Adult,Tennis,Shoes - Low (No-Fb),JP9842,Barricade 13 W FTWWHT/ASHPEA/LUCPNK,White,,4067906295608,197620709564,9, 88.0 , 160.0 ,USD,61, $70.84 
Footwear,Womens,Adult,Tennis,Shoes - Low (No-Fb),JP9842,Barricade 13 W FTWWHT/ASHPEA/LUCPNK,White,,4067906295653,197620709618,9-, 88.0 , 160.0 ,USD,65, $70.84 
Footwear,Womens,Adult,Tennis,Shoes - Low (No-Fb),JP9842,Barricade 13 W FTWWHT/ASHPEA/LUCPNK,White,,4067906295592,197620709557,10, 88.0 , 160.0 ,USD,13, $70.84 
Footwear,Womens,Adult,Tennis,Shoes - Low (No-Fb),JP9842,Barricade 13 W FTWWHT/ASHPEA/LUCPNK,White,,4067906295622,197620709588,10-, 88.0 , 160.0 ,USD,8, $70.84 
Footwear,Womens,Adult,Tennis,Shoes - Low (No-Fb),JP9842,Barricade 13 W FTWWHT/ASHPEA/LUCPNK,White,,4067906295639,197620709595,11, 88.0 , 160.0 ,USD,0, $70.84 
Footwear,Womens,Adult,Tennis,Shoes - Low (No-Fb),JP9842,Barricade 13 W FTWWHT/ASHPEA/LUCPNK,White,,4067906295585,197620709540,11-, 88.0 , 160.0 ,USD,0, $70.84 
Footwear,Mens,Adult,Hiking,Shoes - Low (No-Fb),JH6387,TERREX SKYCHASER WONBEI/BROSTR/GREFOU,,,4067896928425,197610815756,6, 77.0 , 140.0 ,USD,0, $61.99 
Footwear,Mens,Adult,Hiking,Shoes - Low (No-Fb),JH6387,TERREX SKYCHASER WONBEI/BROSTR/GREFOU,,,4067896928494,197610815787,6-, 77.0 , 140.0 ,USD,0, $61.99 
Footwear,Mens,Adult,Hiking,Shoes - Low (No-Fb),JH6387,TERREX SKYCHASER WONBEI/BROSTR/GREFOU,,,4067896928449,197610812106,7, 77.0 , 140.0 ,USD,3, $61.99 
Footwear,Mens,Adult,Hiking,Shoes - Low (No-Fb),JH6387,TERREX SKYCHASER WONBEI/BROSTR/GREFOU,,,4067896925516,197610812083,7-, 77.0 , 140.0 ,USD,6, $61.99 
Footwear,Mens,Adult,Hiking,Shoes - Low (No-Fb),JH6387,TERREX SKYCHASER WONBEI/BROSTR/GREFOU,,,4067896925523,197610812090,8, 77.0 , 140.0 ,USD,0, $61.99 
Footwear,Mens,Adult,Hiking,Shoes - Low (No-Fb),JH6387,TERREX SKYCHASER WONBEI/BROSTR/GREFOU,,,4067896928470,197610815763,8-, 77.0 , 140.0 ,USD,0, $61.99 
Footwear,Mens,Adult,Hiking,Shoes - Low (No-Fb),JH6387,TERREX SKYCHASER WONBEI/BROSTR/GREFOU,,,4067896928500,197610815794,9, 77.0 , 140.0 ,USD,0, $61.99 
Footwear,Mens,Adult,Hiking,Shoes - Low (No-Fb),JH6387,TERREX SKYCHASER WONBEI/BROSTR/GREFOU,,,4067896925493,197610812069,9-, 77.0 , 140.0 ,USD,7, $61.99 
Footwear,Mens,Adult,Hiking,Shoes - Low (No-Fb),JH6387,TERREX SKYCHASER WONBEI/BROSTR/GREFOU,,,4067896925509,197610812076,10, 77.0 , 140.0 ,USD,9, $61.99 
Footwear,Mens,Adult,Hiking,Shoes - Low (No-Fb),JH6387,TERREX SKYCHASER WONBEI/BROSTR/GREFOU,,,4067896925486,197610812052,10-, 77.0 , 140.0 ,USD,0, $61.99 
Footwear,Mens,Adult,Hiking,Shoes - Low (No-Fb),JH6387,TERREX SKYCHASER WONBEI/BROSTR/GREFOU,,,4067896928463,197610815749,11, 77.0 , 140.0 ,USD,5, $61.99 
Footwear,Mens,Adult,Hiking,Shoes - Low (No-Fb),JH6387,TERREX SKYCHASER WONBEI/BROSTR/GREFOU,,,4067896928456,197610815732,11-, 77.0 , 140.0 ,USD,19, $61.99 
Footwear,Mens,Adult,Hiking,Shoes - Low (No-Fb),JH6387,TERREX SKYCHASER WONBEI/BROSTR/GREFOU,,,4067896925479,197610812045,12, 77.0 , 140.0 ,USD,17, $61.99 
Footwear,Mens,Adult,Hiking,Shoes - Low (No-Fb),JH6387,TERREX SKYCHASER WONBEI/BROSTR/GREFOU,,,4067896928517,197610815800,12-, 77.0 , 140.0 ,USD,4, $61.99 
Footwear,Mens,Adult,Hiking,Shoes - Low (No-Fb),JH6387,TERREX SKYCHASER WONBEI/BROSTR/GREFOU,,,4067896928487,197610815770,13, 77.0 , 140.0 ,USD,22, $61.99 
Footwear,Mens,Adult,Hiking,Shoes - Low (No-Fb),JH6387,TERREX SKYCHASER WONBEI/BROSTR/GREFOU,,,4067896928418,197610812113,14, 77.0 , 140.0 ,USD,0, $61.99 
Footwear,Mens,Adult,Hiking,Shoes - Low (No-Fb),JH6387,TERREX SKYCHASER WONBEI/BROSTR/GREFOU,,,4067896928432,197610815725,15, 77.0 , 140.0 ,USD,2, $61.99 
Apparel,Mens,Adult,Soccer,Shorts (1/4),IC7488,TIRO 23 SHO TMONIX/WHITE,,,4065432637268,195744207744,XS, 15.0 , 30.0 ,USD,0, $12.08 
Apparel,Mens,Adult,Soccer,Shorts (1/4),IC7488,TIRO 23 SHO TMONIX/WHITE,,,4065432640930,195744207812,S, 15.0 , 30.0 ,USD,7, $12.08 
Apparel,Mens,Adult,Soccer,Shorts (1/4),IC7488,TIRO 23 SHO TMONIX/WHITE,,,4065432637275,195744207751,M, 15.0 , 30.0 ,USD,19, $12.08 
Apparel,Mens,Adult,Soccer,Shorts (1/4),IC7488,TIRO 23 SHO TMONIX/WHITE,,,4065432640909,195744207799,L, 15.0 , 30.0 ,USD,26, $12.08 
Apparel,Mens,Adult,Soccer,Shorts (1/4),IC7488,TIRO 23 SHO TMONIX/WHITE,,,4065432637145,195744207621,XL, 15.0 , 30.0 ,USD,0, $12.08 
Apparel,Mens,Adult,Soccer,Shorts (1/4),IC7488,TIRO 23 SHO TMONIX/WHITE,,,4065432640886,195744207775,2XL, 15.0 , 30.0 ,USD,33, $12.08 
Apparel,Mens,Adult,Soccer,Shorts (1/4),IC7488,TIRO 23 SHO TMONIX/WHITE,,,4065432637244,195744207720,3XL, 15.0 , 30.0 ,USD,0, $12.08 
Apparel,Mens,Adult,Training,Shorts (1/2),JN4524,TR-ES PIQ 3SHO NGTCAR/BLACK,Green,,4067891373985,197611878484,XS, 17.5 , 35.0 ,USD,0, $14.09 
Apparel,Mens,Adult,Training,Shorts (1/2),JN4524,TR-ES PIQ 3SHO NGTCAR/BLACK,Green,,4067891377785,197611677537,S, 17.5 , 35.0 ,USD,0, $14.09 
Apparel,Mens,Adult,Training,Shorts (1/2),JN4524,TR-ES PIQ 3SHO NGTCAR/BLACK,Green,,4067891377860,197611681237,M, 17.5 , 35.0 ,USD,0, $14.09 
Apparel,Mens,Adult,Training,Shorts (1/2),JN4524,TR-ES PIQ 3SHO NGTCAR/BLACK,Green,,4067891377709,197611677445,L, 17.5 , 35.0 ,USD,0, $14.09 
Apparel,Mens,Adult,Training,Shorts (1/2),JN4524,TR-ES PIQ 3SHO NGTCAR/BLACK,Green,,4067891377815,197611677568,XL, 17.5 , 35.0 ,USD,0, $14.09 
Apparel,Mens,Adult,Training,Shorts (1/2),JN4524,TR-ES PIQ 3SHO NGTCAR/BLACK,Green,,4067891374081,197611677421,2XL, 17.5 , 35.0 ,USD,0, $14.09 
Apparel,Mens,Adult,Training,Shorts (1/2),JN4524,TR-ES PIQ 3SHO NGTCAR/BLACK,Green,,4067891377723,197611677476,3XL, 17.5 , 35.0 ,USD,1, $14.09 
Apparel,Mens,Adult,Training,Shorts (1/2),JN4524,TR-ES PIQ 3SHO NGTCAR/BLACK,Green,,4067891374005,197611677353,4XL, 17.5 , 35.0 ,USD,0, $14.09 
Apparel,Mens,Adult,Training,Shorts (1/2),JN4524,TR-ES PIQ 3SHO NGTCAR/BLACK,Green,,4067891374012,197611677360,MT, 17.5 , 35.0 ,USD,0, $14.09 
Apparel,Mens,Adult,Training,Shorts (1/2),JN4524,TR-ES PIQ 3SHO NGTCAR/BLACK,Green,,4067891377778,197611677520,LT, 17.5 , 35.0 ,USD,0, $14.09 
Apparel,Mens,Adult,Training,Shorts (1/2),JN4524,TR-ES PIQ 3SHO NGTCAR/BLACK,Green,,4067891377846,197611681213,XLT, 17.5 , 35.0 ,USD,0, $14.09 
Apparel,Mens,Adult,Training,Shorts (1/2),JN4524,TR-ES PIQ 3SHO NGTCAR/BLACK,Green,,4067891374043,197611677391,2XLT, 17.5 , 35.0 ,USD,0, $14.09 
Apparel,Mens,Adult,Training,Shorts (1/2),JN4524,TR-ES PIQ 3SHO NGTCAR/BLACK,Green,,4067891377730,197611677490,3XLT, 17.5 , 35.0 ,USD,0, $14.09 
Apparel,Mens,Adult,Training,Shorts (1/2),JN4524,TR-ES PIQ 3SHO NGTCAR/BLACK,Green,,4067891377747,197611677506,4XLT, 17.5 , 35.0 ,USD,0, $14.09 
Footwear,Unisex,Kids,Running,Shoes - Low (No-Fb),JS1092,UltraRun 5 EL C PURRUB/FTWWHT/CBLACK,,,4068801861592,197621749392,10-K, 27.5 , 55.0 ,USD,0, $22.14 
Footwear,Unisex,Kids,Running,Shoes - Low (No-Fb),JS1092,UltraRun 5 EL C PURRUB/FTWWHT/CBLACK,,,4068801861615,197621749422,11K, 27.5 , 55.0 ,USD,0, $22.14 
Footwear,Unisex,Kids,Running,Shoes - Low (No-Fb),JS1092,UltraRun 5 EL C PURRUB/FTWWHT/CBLACK,,,4068801861639,197621749446,11-K, 27.5 , 55.0 ,USD,0, $22.14 
Footwear,Unisex,Kids,Running,Shoes - Low (No-Fb),JS1092,UltraRun 5 EL C PURRUB/FTWWHT/CBLACK,,,4068801861622,197621749439,12K, 27.5 , 55.0 ,USD,0, $22.14 
Footwear,Unisex,Kids,Running,Shoes - Low (No-Fb),JS1092,UltraRun 5 EL C PURRUB/FTWWHT/CBLACK,,,4068801861516,197621745738,12-K, 27.5 , 55.0 ,USD,0, $22.14 
Footwear,Unisex,Kids,Running,Shoes - Low (No-Fb),JS1092,UltraRun 5 EL C PURRUB/FTWWHT/CBLACK,,,4068801861547,197621745752,13K, 27.5 , 55.0 ,USD,0, $22.14 
Footwear,Unisex,Kids,Running,Shoes - Low (No-Fb),JS1092,UltraRun 5 EL C PURRUB/FTWWHT/CBLACK,,,4068801861554,197621745769,13-K, 27.5 , 55.0 ,USD,0, $22.14 
Footwear,Unisex,Kids,Running,Shoes - Low (No-Fb),JS1092,UltraRun 5 EL C PURRUB/FTWWHT/CBLACK,,,4068801861523,197621745745,1, 27.5 , 55.0 ,USD,0, $22.14 
Footwear,Unisex,Kids,Running,Shoes - Low (No-Fb),JS1092,UltraRun 5 EL C PURRUB/FTWWHT/CBLACK,,,4068801861578,197621749378,1-, 27.5 , 55.0 ,USD,1, $22.14 
Footwear,Unisex,Kids,Running,Shoes - Low (No-Fb),JS1092,UltraRun 5 EL C PURRUB/FTWWHT/CBLACK,,,4068801861608,197621749415,2, 27.5 , 55.0 ,USD,0, $22.14 
Footwear,Unisex,Kids,Running,Shoes - Low (No-Fb),JS1092,UltraRun 5 EL C PURRUB/FTWWHT/CBLACK,,,4068801861561,197621749408,2-, 27.5 , 55.0 ,USD,0, $22.14 
Footwear,Unisex,Kids,Running,Shoes - Low (No-Fb),JS1092,UltraRun 5 EL C PURRUB/FTWWHT/CBLACK,,,4068801861585,197621749385,3, 27.5 , 55.0 ,USD,0, $22.14 
Footwear,Mens,Adult,Tennis,Shoes - Low (No-Fb),JH5141,Solematch Control 2 M OWHITE/SILVMT/AURIVY,White,,4067906397760,197620828463,6-, 71.5 , 130.0 ,USD,0, $57.56 
Footwear,Mens,Adult,Tennis,Shoes - Low (No-Fb),JH5141,Solematch Control 2 M OWHITE/SILVMT/AURIVY,White,,4067906397838,197620832132,7, 71.5 , 130.0 ,USD,0, $57.56 
Footwear,Mens,Adult,Tennis,Shoes - Low (No-Fb),JH5141,Solematch Control 2 M OWHITE/SILVMT/AURIVY,White,,4067906397883,197620832187,7-, 71.5 , 130.0 ,USD,0, $57.56 
Footwear,Mens,Adult,Tennis,Shoes - Low (No-Fb),JH5141,Solematch Control 2 M OWHITE/SILVMT/AURIVY,White,,4067906397807,197620832095,8, 71.5 , 130.0 ,USD,0, $57.56 
Footwear,Mens,Adult,Tennis,Shoes - Low (No-Fb),JH5141,Solematch Control 2 M OWHITE/SILVMT/AURIVY,White,,4067906397845,197620832149,8-, 71.5 , 130.0 ,USD,0, $57.56 
Footwear,Mens,Adult,Tennis,Shoes - Low (No-Fb),JH5141,Solematch Control 2 M OWHITE/SILVMT/AURIVY,White,,4067906397784,197620828487,9, 71.5 , 130.0 ,USD,0, $57.56 
Footwear,Mens,Adult,Tennis,Shoes - Low (No-Fb),JH5141,Solematch Control 2 M OWHITE/SILVMT/AURIVY,White,,4067906397869,197620832163,9-, 71.5 , 130.0 ,USD,1, $57.56 
Footwear,Mens,Adult,Tennis,Shoes - Low (No-Fb),JH5141,Solematch Control 2 M OWHITE/SILVMT/AURIVY,White,,4067906397777,197620828470,10, 71.5 , 130.0 ,USD,0, $57.56 
Footwear,Mens,Adult,Tennis,Shoes - Low (No-Fb),JH5141,Solematch Control 2 M OWHITE/SILVMT/AURIVY,White,,4067906397876,197620832170,10-, 71.5 , 130.0 ,USD,0, $57.56 
Footwear,Mens,Adult,Tennis,Shoes - Low (No-Fb),JH5141,Solematch Control 2 M OWHITE/SILVMT/AURIVY,White,,4067906397913,197620832217,11, 71.5 , 130.0 ,USD,0, $57.56 
Footwear,Mens,Adult,Tennis,Shoes - Low (No-Fb),JH5141,Solematch Control 2 M OWHITE/SILVMT/AURIVY,White,,4067906397852,197620832156,11-, 71.5 , 130.0 ,USD,0, $57.56 
Footwear,Mens,Adult,Tennis,Shoes - Low (No-Fb),JH5141,Solematch Control 2 M OWHITE/SILVMT/AURIVY,White,,4067906397791,197620832125,12, 71.5 , 130.0 ,USD,0, $57.56 
Footwear,Mens,Adult,Tennis,Shoes - Low (No-Fb),JH5141,Solematch Control 2 M OWHITE/SILVMT/AURIVY,White,,4067906397753,197620828456,12-, 71.5 , 130.0 ,USD,0, $57.56 
Footwear,Mens,Adult,Tennis,Shoes - Low (No-Fb),JH5141,Solematch Control 2 M OWHITE/SILVMT/AURIVY,White,,4067906397821,197620832118,13, 71.5 , 130.0 ,USD,0, $57.56 
Footwear,Mens,Adult,Tennis,Shoes - Low (No-Fb),JH5141,Solematch Control 2 M OWHITE/SILVMT/AURIVY,White,,4067906397739,197620828449,13-, 71.5 , 130.0 ,USD,0, $57.56 
Footwear,Mens,Adult,Tennis,Shoes - Low (No-Fb),JH5141,Solematch Control 2 M OWHITE/SILVMT/AURIVY,White,,4067906397890,197620832194,14, 71.5 , 130.0 ,USD,0, $57.56 
Footwear,Mens,Adult,Tennis,Shoes - Low (No-Fb),JH5141,Solematch Control 2 M OWHITE/SILVMT/AURIVY,White,,4067906397814,197620832101,14-, 71.5 , 130.0 ,USD,0, $57.56 
Footwear,Mens,Adult,Tennis,Shoes - Low (No-Fb),JH5141,Solematch Control 2 M OWHITE/SILVMT/AURIVY,White,,4067906397906,197620832200,16, 71.5 , 130.0 ,USD,0, $57.56 
Footwear,Unisex,Infant,Originals,Shoes - Low (No-Fb),JH9984,SUPERSTAR II CF EL I FTWWHT/CBLACK/FTWWHT,White,,4067888300185,196479216872,4K, 27.5 , 55.0 ,USD,5, $22.14 
Footwear,Unisex,Infant,Originals,Shoes - Low (No-Fb),JH9984,SUPERSTAR II CF EL I FTWWHT/CBLACK/FTWWHT,White,,4067888303865,196479220558,5K, 27.5 , 55.0 ,USD,101, $22.14 
Footwear,Unisex,Infant,Originals,Shoes - Low (No-Fb),JH9984,SUPERSTAR II CF EL I FTWWHT/CBLACK/FTWWHT,White,,4067888303872,196479220565,5-K, 27.5 , 55.0 ,USD,0, $22.14 
Footwear,Unisex,Infant,Originals,Shoes - Low (No-Fb),JH9984,SUPERSTAR II CF EL I FTWWHT/CBLACK/FTWWHT,White,,4067888303803,196479220534,6K, 27.5 , 55.0 ,USD,112, $22.14 
Footwear,Unisex,Infant,Originals,Shoes - Low (No-Fb),JH9984,SUPERSTAR II CF EL I FTWWHT/CBLACK/FTWWHT,White,,4067888300161,196479216858,6-K, 27.5 , 55.0 ,USD,0, $22.14 
Footwear,Unisex,Infant,Originals,Shoes - Low (No-Fb),JH9984,SUPERSTAR II CF EL I FTWWHT/CBLACK/FTWWHT,White,,4067888303827,196479216889,7K, 27.5 , 55.0 ,USD,88, $22.14 
Footwear,Unisex,Infant,Originals,Shoes - Low (No-Fb),JH9984,SUPERSTAR II CF EL I FTWWHT/CBLACK/FTWWHT,White,,4067888303810,196479220503,7-K, 27.5 , 55.0 ,USD,0, $22.14 
Footwear,Unisex,Infant,Originals,Shoes - Low (No-Fb),JH9984,SUPERSTAR II CF EL I FTWWHT/CBLACK/FTWWHT,White,,4067888303858,196479220541,8K, 27.5 , 55.0 ,USD,59, $22.14 
Footwear,Unisex,Infant,Originals,Shoes - Low (No-Fb),JH9984,SUPERSTAR II CF EL I FTWWHT/CBLACK/FTWWHT,White,,4067888303834,196479220510,8-K, 27.5 , 55.0 ,USD,0, $22.14 
Footwear,Unisex,Infant,Originals,Shoes - Low (No-Fb),JH9984,SUPERSTAR II CF EL I FTWWHT/CBLACK/FTWWHT,White,,4067888303841,196479220527,9K, 27.5 , 55.0 ,USD,52, $22.14 
Footwear,Unisex,Infant,Originals,Shoes - Low (No-Fb),JH9984,SUPERSTAR II CF EL I FTWWHT/CBLACK/FTWWHT,White,,4067888303797,196479216896,9-K, 27.5 , 55.0 ,USD,0, $22.14 
Footwear,Unisex,Infant,Originals,Shoes - Low (No-Fb),JH9984,SUPERSTAR II CF EL I FTWWHT/CBLACK/FTWWHT,White,,4067888300178,196479216865,10K, 27.5 , 55.0 ,USD,37, $22.14 
Footwear,Womens,Adult,Tennis,Shoes - Low (No-Fb),JP7313,adizero Ubersonic 5 W FTWWHT/ASHPEA/LUCPNK,White,,4067906264840,197620690367,5, 82.5 , 150.0 ,USD,1, $66.41 
Footwear,Womens,Adult,Tennis,Shoes - Low (No-Fb),JP7313,adizero Ubersonic 5 W FTWWHT/ASHPEA/LUCPNK,White,,4067906264864,197620690381,5-, 82.5 , 150.0 ,USD,0, $66.41 
Footwear,Womens,Adult,Tennis,Shoes - Low (No-Fb),JP7313,adizero Ubersonic 5 W FTWWHT/ASHPEA/LUCPNK,White,,4067906264819,197620690336,6, 82.5 , 150.0 ,USD,1, $66.41 
Footwear,Womens,Adult,Tennis,Shoes - Low (No-Fb),JP7313,adizero Ubersonic 5 W FTWWHT/ASHPEA/LUCPNK,White,,4067906264925,197620690442,6-, 82.5 , 150.0 ,USD,4, $66.41 
Footwear,Womens,Adult,Tennis,Shoes - Low (No-Fb),JP7313,adizero Ubersonic 5 W FTWWHT/ASHPEA/LUCPNK,White,,4067906264918,197620690435,7, 82.5 , 150.0 ,USD,2, $66.41 
Footwear,Womens,Adult,Tennis,Shoes - Low (No-Fb),JP7313,adizero Ubersonic 5 W FTWWHT/ASHPEA/LUCPNK,White,,4067906264901,197620690428,7-, 82.5 , 150.0 ,USD,4, $66.41 
Footwear,Womens,Adult,Tennis,Shoes - Low (No-Fb),JP7313,adizero Ubersonic 5 W FTWWHT/ASHPEA/LUCPNK,White,,4067906264826,197620690343,8, 82.5 , 150.0 ,USD,12, $66.41 
Footwear,Womens,Adult,Tennis,Shoes - Low (No-Fb),JP7313,adizero Ubersonic 5 W FTWWHT/ASHPEA/LUCPNK,White,,4067906264871,197620690398,8-, 82.5 , 150.0 ,USD,3, $66.41 
Footwear,Womens,Adult,Tennis,Shoes - Low (No-Fb),JP7313,adizero Ubersonic 5 W FTWWHT/ASHPEA/LUCPNK,White,,4067906264833,197620690350,9, 82.5 , 150.0 ,USD,7, $66.41 
Footwear,Womens,Adult,Tennis,Shoes - Low (No-Fb),JP7313,adizero Ubersonic 5 W FTWWHT/ASHPEA/LUCPNK,White,,4067906264932,197620690459,9-, 82.5 , 150.0 ,USD,11, $66.41 
Footwear,Womens,Adult,Tennis,Shoes - Low (No-Fb),JP7313,adizero Ubersonic 5 W FTWWHT/ASHPEA/LUCPNK,White,,4067906264857,197620690374,10, 82.5 , 150.0 ,USD,0, $66.41 
Footwear,Womens,Adult,Tennis,Shoes - Low (No-Fb),JP7313,adizero Ubersonic 5 W FTWWHT/ASHPEA/LUCPNK,White,,4067906264949,197620690466,10-, 82.5 , 150.0 ,USD,0, $66.41 
Footwear,Womens,Adult,Tennis,Shoes - Low (No-Fb),JP7313,adizero Ubersonic 5 W FTWWHT/ASHPEA/LUCPNK,White,,4067906264895,197620690411,11, 82.5 , 150.0 ,USD,0, $66.41 
Footwear,Womens,Adult,Tennis,Shoes - Low (No-Fb),JP7313,adizero Ubersonic 5 W FTWWHT/ASHPEA/LUCPNK,White,,4067906264888,197620690404,11-, 82.5 , 150.0 ,USD,1, $66.41 
Footwear,Womens,Adult,Tennis,Shoes - Low (No-Fb),JP7313,adizero Ubersonic 5 W FTWWHT/ASHPEA/LUCPNK,White,,4069991241812,198330258847,12, 82.5 , 150.0 ,USD,0, $66.41 
Apparel,Mens,Adult,Hiking,Jacket (Filled Thin),JZ0921,XPR LF HO JKT GRETHR,,,4068811799199,197626822540,XS, 100.0 , 200.0 ,USD,0, $80.50 
Apparel,Mens,Adult,Hiking,Jacket (Filled Thin),JZ0921,XPR LF HO JKT GRETHR,,,4068811799151,197626822502,S, 100.0 , 200.0 ,USD,3, $80.50 
Apparel,Mens,Adult,Hiking,Jacket (Filled Thin),JZ0921,XPR LF HO JKT GRETHR,,,4068811799182,197626822533,M, 100.0 , 200.0 ,USD,15, $80.50 
Apparel,Mens,Adult,Hiking,Jacket (Filled Thin),JZ0921,XPR LF HO JKT GRETHR,,,4068811799168,197626822519,L, 100.0 , 200.0 ,USD,17, $80.50 
Apparel,Mens,Adult,Hiking,Jacket (Filled Thin),JZ0921,XPR LF HO JKT GRETHR,,,4068811799106,197626818857,XL, 100.0 , 200.0 ,USD,17, $80.50 
Apparel,Mens,Adult,Hiking,Jacket (Filled Thin),JZ0921,XPR LF HO JKT GRETHR,,,4068811799236,197626822588,2XL, 100.0 , 200.0 ,USD,8, $80.50 
Apparel,Mens,Adult,Hiking,Jacket (Filled Thin),JZ0921,XPR LF HO JKT GRETHR,,,4068811799212,197626822564,3XL, 100.0 , 200.0 ,USD,2, $80.50 
Apparel,Mens,Adult,Hiking,Jacket (Filled Thin),JZ0921,XPR LF HO JKT GRETHR,,,4068811799076,197626818826,4XL, 100.0 , 200.0 ,USD,0, $80.50 
Apparel,Womens,Adult,Running,Tank,JC7667,ADIZERO SNGLT W WHITE/LGSOGR,White,,4067887555951,196476999198,2XS, 35.0 , 70.0 ,USD,0, $28.18 
Apparel,Womens,Adult,Running,Tank,JC7667,ADIZERO SNGLT W WHITE/LGSOGR,White,,4067887555999,196476999242,XS, 35.0 , 70.0 ,USD,18, $28.18 
Apparel,Womens,Adult,Running,Tank,JC7667,ADIZERO SNGLT W WHITE/LGSOGR,White,,4067887556026,196476999273,S, 35.0 , 70.0 ,USD,46, $28.18 
Apparel,Womens,Adult,Running,Tank,JC7667,ADIZERO SNGLT W WHITE/LGSOGR,White,,4067887556040,196476999297,M, 35.0 , 70.0 ,USD,19, $28.18 
Apparel,Womens,Adult,Running,Tank,JC7667,ADIZERO SNGLT W WHITE/LGSOGR,White,,4067887555975,196476999228,L, 35.0 , 70.0 ,USD,0, $28.18 
Apparel,Womens,Adult,Running,Tank,JC7667,ADIZERO SNGLT W WHITE/LGSOGR,White,,4067887556002,196476999259,XL, 35.0 , 70.0 ,USD,2, $28.18 
Apparel,Womens,Adult,Running,Tank,JC7667,ADIZERO SNGLT W WHITE/LGSOGR,White,,4067887556118,196476999334,2XL, 35.0 , 70.0 ,USD,2, $28.18 
Footwear,Mens,Adult,Tennis,Shoes - Low (No-Fb),JH5144,Barricade 13 M CL OWHITE/CBLACK/AURIVY,White,,4068802961109,197620744152,6-, 88.0 , 160.0 ,USD,0, $70.84 
Footwear,Mens,Adult,Tennis,Shoes - Low (No-Fb),JH5144,Barricade 13 M CL OWHITE/CBLACK/AURIVY,White,,4068802961031,197620744084,7, 88.0 , 160.0 ,USD,0, $70.84 
Footwear,Mens,Adult,Tennis,Shoes - Low (No-Fb),JH5144,Barricade 13 M CL OWHITE/CBLACK/AURIVY,White,,4068802961123,197620744176,7-, 88.0 , 160.0 ,USD,0, $70.84 
Footwear,Mens,Adult,Tennis,Shoes - Low (No-Fb),JH5144,Barricade 13 M CL OWHITE/CBLACK/AURIVY,White,,4068802960997,197620744039,8, 88.0 , 160.0 ,USD,0, $70.84 
Footwear,Mens,Adult,Tennis,Shoes - Low (No-Fb),JH5144,Barricade 13 M CL OWHITE/CBLACK/AURIVY,White,,4068802961093,197620744145,8-, 88.0 , 160.0 ,USD,3, $70.84 
Footwear,Mens,Adult,Tennis,Shoes - Low (No-Fb),JH5144,Barricade 13 M CL OWHITE/CBLACK/AURIVY,White,,4068802961024,197620744077,9, 88.0 , 160.0 ,USD,1, $70.84 
Footwear,Mens,Adult,Tennis,Shoes - Low (No-Fb),JH5144,Barricade 13 M CL OWHITE/CBLACK/AURIVY,White,,4068802964742,197620744190,9-, 88.0 , 160.0 ,USD,0, $70.84 
Footwear,Mens,Adult,Tennis,Shoes - Low (No-Fb),JH5144,Barricade 13 M CL OWHITE/CBLACK/AURIVY,White,,4068802961048,197620744091,10, 88.0 , 160.0 ,USD,5, $70.84 
Footwear,Mens,Adult,Tennis,Shoes - Low (No-Fb),JH5144,Barricade 13 M CL OWHITE/CBLACK/AURIVY,White,,4068802961130,197620744183,10-, 88.0 , 160.0 ,USD,15, $70.84 
Footwear,Mens,Adult,Tennis,Shoes - Low (No-Fb),JH5144,Barricade 13 M CL OWHITE/CBLACK/AURIVY,White,,4068802961017,197620744060,11, 88.0 , 160.0 ,USD,5, $70.84 
Footwear,Mens,Adult,Tennis,Shoes - Low (No-Fb),JH5144,Barricade 13 M CL OWHITE/CBLACK/AURIVY,White,,4068802961116,197620744169,11-, 88.0 , 160.0 ,USD,8, $70.84 
Footwear,Mens,Adult,Tennis,Shoes - Low (No-Fb),JH5144,Barricade 13 M CL OWHITE/CBLACK/AURIVY,White,,4068802961000,197620744053,12, 88.0 , 160.0 ,USD,3, $70.84 
Footwear,Mens,Adult,Tennis,Shoes - Low (No-Fb),JH5144,Barricade 13 M CL OWHITE/CBLACK/AURIVY,White,,4068802961055,197620744107,12-, 88.0 , 160.0 ,USD,2, $70.84 
Footwear,Mens,Adult,Tennis,Shoes - Low (No-Fb),JH5144,Barricade 13 M CL OWHITE/CBLACK/AURIVY,White,,4068802960980,197620744022,13, 88.0 , 160.0 ,USD,11, $70.84 
Footwear,Mens,Adult,Tennis,Shoes - Low (No-Fb),JH5144,Barricade 13 M CL OWHITE/CBLACK/AURIVY,White,,4068802961062,197620744114,13-, 88.0 , 160.0 ,USD,1, $70.84 
Footwear,Mens,Adult,Tennis,Shoes - Low (No-Fb),JH5144,Barricade 13 M CL OWHITE/CBLACK/AURIVY,White,,4068802961079,197620744121,14, 88.0 , 160.0 ,USD,3, $70.84 
Footwear,Mens,Adult,Tennis,Shoes - Low (No-Fb),JH5144,Barricade 13 M CL OWHITE/CBLACK/AURIVY,White,,4068802961086,197620744138,14-, 88.0 , 160.0 ,USD,1, $70.84 
Footwear,Mens,Adult,Tennis,Shoes - Low (No-Fb),JH5144,Barricade 13 M CL OWHITE/CBLACK/AURIVY,White,,4068802964759,197620744206,16, 88.0 , 160.0 ,USD,1, $70.84 
Footwear,Unisex,Kids,Hiking,Shoes - Low (No-Fb),JS2959,TERREX AX4S SL K SAVANN/WONALU/SEIMOR,Beige,,4067907351945,197621869298,10-K, 35.0 , 70.0 ,USD,0, $28.18 
Footwear,Unisex,Kids,Hiking,Shoes - Low (No-Fb),JS2959,TERREX AX4S SL K SAVANN/WONALU/SEIMOR,Beige,,4067907355554,197621869304,11K, 35.0 , 70.0 ,USD,0, $28.18 
Footwear,Unisex,Kids,Hiking,Shoes - Low (No-Fb),JS2959,TERREX AX4S SL K SAVANN/WONALU/SEIMOR,Beige,,4067907351877,197621869229,11-K, 35.0 , 70.0 ,USD,0, $28.18 
Footwear,Unisex,Kids,Hiking,Shoes - Low (No-Fb),JS2959,TERREX AX4S SL K SAVANN/WONALU/SEIMOR,Beige,,4067907351938,197621869281,12K, 35.0 , 70.0 ,USD,0, $28.18 
Footwear,Unisex,Kids,Hiking,Shoes - Low (No-Fb),JS2959,TERREX AX4S SL K SAVANN/WONALU/SEIMOR,Beige,,4067907355592,197621869342,12-K, 35.0 , 70.0 ,USD,0, $28.18 
Footwear,Unisex,Kids,Hiking,Shoes - Low (No-Fb),JS2959,TERREX AX4S SL K SAVANN/WONALU/SEIMOR,Beige,,4067907355653,197621873004,13K, 35.0 , 70.0 ,USD,0, $28.18 
Footwear,Unisex,Kids,Hiking,Shoes - Low (No-Fb),JS2959,TERREX AX4S SL K SAVANN/WONALU/SEIMOR,Beige,,4067907355585,197621869335,13-K, 35.0 , 70.0 ,USD,0, $28.18 
Footwear,Unisex,Kids,Hiking,Shoes - Low (No-Fb),JS2959,TERREX AX4S SL K SAVANN/WONALU/SEIMOR,Beige,,4067907355622,197621872960,1, 35.0 , 70.0 ,USD,1, $28.18 
Footwear,Unisex,Kids,Hiking,Shoes - Low (No-Fb),JS2959,TERREX AX4S SL K SAVANN/WONALU/SEIMOR,Beige,,4067907351891,197621869243,1-, 35.0 , 70.0 ,USD,0, $28.18 
Footwear,Unisex,Kids,Hiking,Shoes - Low (No-Fb),JS2959,TERREX AX4S SL K SAVANN/WONALU/SEIMOR,Beige,,4067907355608,197621869359,2, 35.0 , 70.0 ,USD,0, $28.18 
Footwear,Unisex,Kids,Hiking,Shoes - Low (No-Fb),JS2959,TERREX AX4S SL K SAVANN/WONALU/SEIMOR,Beige,,4067907355615,197621872991,2-, 35.0 , 70.0 ,USD,0, $28.18 
Footwear,Unisex,Kids,Hiking,Shoes - Low (No-Fb),JS2959,TERREX AX4S SL K SAVANN/WONALU/SEIMOR,Beige,,4067907351884,197621869236,3, 35.0 , 70.0 ,USD,0, $28.18 
Footwear,Unisex,Kids,Hiking,Shoes - Low (No-Fb),JS2959,TERREX AX4S SL K SAVANN/WONALU/SEIMOR,Beige,,4067907351907,197621869250,3-, 35.0 , 70.0 ,USD,0, $28.18 
Footwear,Unisex,Kids,Hiking,Shoes - Low (No-Fb),JS2959,TERREX AX4S SL K SAVANN/WONALU/SEIMOR,Beige,,4067907351921,197621869274,4, 35.0 , 70.0 ,USD,0, $28.18 
Footwear,Unisex,Kids,Hiking,Shoes - Low (No-Fb),JS2959,TERREX AX4S SL K SAVANN/WONALU/SEIMOR,Beige,,4067907355561,197621869311,4-, 35.0 , 70.0 ,USD,0, $28.18 
Footwear,Unisex,Kids,Hiking,Shoes - Low (No-Fb),JS2959,TERREX AX4S SL K SAVANN/WONALU/SEIMOR,Beige,,4067907355639,197621872977,5, 35.0 , 70.0 ,USD,0, $28.18 
Footwear,Unisex,Kids,Hiking,Shoes - Low (No-Fb),JS2959,TERREX AX4S SL K SAVANN/WONALU/SEIMOR,Beige,,4067907355646,197621872984,5-, 35.0 , 70.0 ,USD,0, $28.18 
Footwear,Unisex,Kids,Hiking,Shoes - Low (No-Fb),JS2959,TERREX AX4S SL K SAVANN/WONALU/SEIMOR,Beige,,4067907351860,197621869212,6, 35.0 , 70.0 ,USD,0, $28.18 
Footwear,Unisex,Kids,Hiking,Shoes - Low (No-Fb),JS2959,TERREX AX4S SL K SAVANN/WONALU/SEIMOR,Beige,,4067907351914,197621869267,6-, 35.0 , 70.0 ,USD,0, $28.18 
Footwear,Unisex,Kids,Hiking,Shoes - Low (No-Fb),JS2959,TERREX AX4S SL K SAVANN/WONALU/SEIMOR,Beige,,4067907355578,197621869328,7, 35.0 , 70.0 ,USD,0, $28.18 
Footwear,Unisex,Adult,Sportswear,Shoes - Low (No-Fb),JQ0714,UB X FORTNITE PEELY POWYEL/WARVAN/CBLACK,,,4068802728375,197619498745,6-, 104.5 , 190.0 ,USD,0, $84.12 
Footwear,Unisex,Adult,Sportswear,Shoes - Low (No-Fb),JQ0714,UB X FORTNITE PEELY POWYEL/WARVAN/CBLACK,,,4068802728436,197619498806,7, 104.5 , 190.0 ,USD,0, $84.12 
Footwear,Unisex,Adult,Sportswear,Shoes - Low (No-Fb),JQ0714,UB X FORTNITE PEELY POWYEL/WARVAN/CBLACK,,,4068802728429,197619498790,7-, 104.5 , 190.0 ,USD,0, $84.12 
Footwear,Unisex,Adult,Sportswear,Shoes - Low (No-Fb),JQ0714,UB X FORTNITE PEELY POWYEL/WARVAN/CBLACK,,,4068802728481,197619498851,8, 104.5 , 190.0 ,USD,0, $84.12 
Footwear,Unisex,Adult,Sportswear,Shoes - Low (No-Fb),JQ0714,UB X FORTNITE PEELY POWYEL/WARVAN/CBLACK,,,4068802728412,197619498783,8-, 104.5 , 190.0 ,USD,0, $84.12 
Footwear,Unisex,Adult,Sportswear,Shoes - Low (No-Fb),JQ0714,UB X FORTNITE PEELY POWYEL/WARVAN/CBLACK,,,4068802728467,197619498837,9, 104.5 , 190.0 ,USD,0, $84.12 
Footwear,Unisex,Adult,Sportswear,Shoes - Low (No-Fb),JQ0714,UB X FORTNITE PEELY POWYEL/WARVAN/CBLACK,,,4068802728474,197619498844,9-, 104.5 , 190.0 ,USD,0, $84.12 
Footwear,Unisex,Adult,Sportswear,Shoes - Low (No-Fb),JQ0714,UB X FORTNITE PEELY POWYEL/WARVAN/CBLACK,,,4068802728443,197619498813,10, 104.5 , 190.0 ,USD,0, $84.12 
Footwear,Unisex,Adult,Sportswear,Shoes - Low (No-Fb),JQ0714,UB X FORTNITE PEELY POWYEL/WARVAN/CBLACK,,,4068802728511,197619498882,10-, 104.5 , 190.0 ,USD,0, $84.12 
Footwear,Unisex,Adult,Sportswear,Shoes - Low (No-Fb),JQ0714,UB X FORTNITE PEELY POWYEL/WARVAN/CBLACK,,,4068802728504,197619498875,11, 104.5 , 190.0 ,USD,0, $84.12 
Footwear,Unisex,Adult,Sportswear,Shoes - Low (No-Fb),JQ0714,UB X FORTNITE PEELY POWYEL/WARVAN/CBLACK,,,4068802728399,197619498769,11-, 104.5 , 190.0 ,USD,0, $84.12 
Footwear,Unisex,Adult,Sportswear,Shoes - Low (No-Fb),JQ0714,UB X FORTNITE PEELY POWYEL/WARVAN/CBLACK,,,4068802728382,197619498752,12, 104.5 , 190.0 ,USD,0, $84.12 
Footwear,Unisex,Adult,Sportswear,Shoes - Low (No-Fb),JQ0714,UB X FORTNITE PEELY POWYEL/WARVAN/CBLACK,,,4068802728351,197619498738,12-, 104.5 , 190.0 ,USD,0, $84.12 
Footwear,Unisex,Adult,Sportswear,Shoes - Low (No-Fb),JQ0714,UB X FORTNITE PEELY POWYEL/WARVAN/CBLACK,,,4068802728450,197619498820,13, 104.5 , 190.0 ,USD,3, $84.12 
Footwear,Unisex,Adult,Sportswear,Shoes - Low (No-Fb),JQ0714,UB X FORTNITE PEELY POWYEL/WARVAN/CBLACK,,,4068802728405,197619498776,14, 104.5 , 190.0 ,USD,0, $84.12 
Footwear,Unisex,Adult,Sportswear,Shoes - Low (No-Fb),JQ0714,UB X FORTNITE PEELY POWYEL/WARVAN/CBLACK,,,4068802728498,197619498868,15, 104.5 , 190.0 ,USD,0, $84.12 
Apparel,Mens,Adult,Not Sports Specific,Hooded Sweat,H12216,M FEELCOZY HD LEGINK/WHITE,Blue,,4064054442595,194829031021,XS, 25.0 , 50.0 ,USD,0, $20.13 
Apparel,Mens,Adult,Not Sports Specific,Hooded Sweat,H12216,M FEELCOZY HD LEGINK/WHITE,Blue,,4064054438840,194829027277,S, 25.0 , 50.0 ,USD,21, $20.13 
Apparel,Mens,Adult,Not Sports Specific,Hooded Sweat,H12216,M FEELCOZY HD LEGINK/WHITE,Blue,,4064054438741,194829027178,M, 25.0 , 50.0 ,USD,0, $20.13 
Apparel,Mens,Adult,Not Sports Specific,Hooded Sweat,H12216,M FEELCOZY HD LEGINK/WHITE,Blue,,4064054438772,194829027208,L, 25.0 , 50.0 ,USD,0, $20.13 
Apparel,Mens,Adult,Not Sports Specific,Hooded Sweat,H12216,M FEELCOZY HD LEGINK/WHITE,Blue,,4064054442557,194829030994,XL, 25.0 , 50.0 ,USD,0, $20.13 
Apparel,Mens,Adult,Not Sports Specific,Hooded Sweat,H12216,M FEELCOZY HD LEGINK/WHITE,Blue,,4064054438932,194829030987,2XL, 25.0 , 50.0 ,USD,5, $20.13 
Apparel,Mens,Adult,Not Sports Specific,Hooded Sweat,H12216,M FEELCOZY HD LEGINK/WHITE,Blue,,4064054438901,194829027338,3XL, 25.0 , 50.0 ,USD,0, $20.13 
Apparel,Mens,Adult,Not Sports Specific,Hooded Sweat,H12216,M FEELCOZY HD LEGINK/WHITE,Blue,,4064054438888,194829027314,4XL, 25.0 , 50.0 ,USD,0, $20.13 
Apparel,Mens,Adult,Not Sports Specific,Hooded Sweat,H12216,M FEELCOZY HD LEGINK/WHITE,Blue,,4064054438833,194829027260,MT, 25.0 , 50.0 ,USD,0, $20.13 
Apparel,Mens,Adult,Not Sports Specific,Hooded Sweat,H12216,M FEELCOZY HD LEGINK/WHITE,Blue,,4064054438796,194829027222,LT, 25.0 , 50.0 ,USD,0, $20.13 
Apparel,Mens,Adult,Not Sports Specific,Hooded Sweat,H12216,M FEELCOZY HD LEGINK/WHITE,Blue,,4064054438925,194829027352,XLT, 25.0 , 50.0 ,USD,0, $20.13 
Apparel,Mens,Adult,Not Sports Specific,Hooded Sweat,H12216,M FEELCOZY HD LEGINK/WHITE,Blue,,4064054442564,194829031007,2XLT, 25.0 , 50.0 ,USD,0, $20.13 
Apparel,Mens,Adult,Not Sports Specific,Hooded Sweat,H12216,M FEELCOZY HD LEGINK/WHITE,Blue,,4064054438710,194829027147,3XLT, 25.0 , 50.0 ,USD,0, $20.13 
Apparel,Mens,Adult,Not Sports Specific,Hooded Sweat,H12216,M FEELCOZY HD LEGINK/WHITE,Blue,,4064054442540,194829030970,4XLT, 25.0 , 50.0 ,USD,0, $20.13 
Apparel,Unisex,Adult,Soccer,Other Top,HP0734,PRO BIB LTFLRE,Red,,4065415689116,195745236149,XS, 7.5 , 15.0 ,USD,0, $6.04 
Apparel,Unisex,Adult,Soccer,Other Top,HP0734,PRO BIB LTFLRE,Red,,4065415689147,195745236170,S, 7.5 , 15.0 ,USD,0, $6.04 
Apparel,Unisex,Adult,Soccer,Other Top,HP0734,PRO BIB LTFLRE,Red,,4065415689093,195745236132,M, 7.5 , 15.0 ,USD,1, $6.04 
Apparel,Unisex,Adult,Soccer,Other Top,HP0734,PRO BIB LTFLRE,Red,,4065415689178,195745236200,L, 7.5 , 15.0 ,USD,0, $6.04 
Apparel,Unisex,Adult,Soccer,Other Top,HP0734,PRO BIB LTFLRE,Red,,4065415689130,195745236163,XL, 7.5 , 15.0 ,USD,0, $6.04 
Apparel,Unisex,Adult,Soccer,Other Top,HP0734,PRO BIB LTFLRE,Red,,4065415689185,195745236217,2XL, 7.5 , 15.0 ,USD,300+, $6.04 
Apparel,Unisex,Adult,Soccer,Other Top,HP0734,PRO BIB LTFLRE,Red,,4065415689161,195745236194,3XL, 7.5 , 15.0 ,USD,25, $6.04 
Footwear,Unisex,Adult,Basketball,Shoes - Low (No-Fb),JQ6140,ANTHONY EDWARDS 1 LOW FTWWHT/CBLACK/LUCRED,White,,4068801751565,197621532833,4, 60.5 , 110.0 ,USD,0, $48.70 
Footwear,Unisex,Adult,Basketball,Shoes - Low (No-Fb),JQ6140,ANTHONY EDWARDS 1 LOW FTWWHT/CBLACK/LUCRED,White,,4068801755310,197621536589,4-, 60.5 , 110.0 ,USD,0, $48.70 
Footwear,Unisex,Adult,Basketball,Shoes - Low (No-Fb),JQ6140,ANTHONY EDWARDS 1 LOW FTWWHT/CBLACK/LUCRED,White,,4068801755365,197621536633,5, 60.5 , 110.0 ,USD,0, $48.70 
Footwear,Unisex,Adult,Basketball,Shoes - Low (No-Fb),JQ6140,ANTHONY EDWARDS 1 LOW FTWWHT/CBLACK/LUCRED,White,,4068801755266,197621536534,5-, 60.5 , 110.0 ,USD,0, $48.70 
Footwear,Unisex,Adult,Basketball,Shoes - Low (No-Fb),JQ6140,ANTHONY EDWARDS 1 LOW FTWWHT/CBLACK/LUCRED,White,,4068801755372,197621536640,6, 60.5 , 110.0 ,USD,0, $48.70 
Footwear,Unisex,Adult,Basketball,Shoes - Low (No-Fb),JQ6140,ANTHONY EDWARDS 1 LOW FTWWHT/CBLACK/LUCRED,White,,4068801755273,197621536541,6-, 60.5 , 110.0 ,USD,1, $48.70 
Footwear,Unisex,Adult,Basketball,Shoes - Low (No-Fb),JQ6140,ANTHONY EDWARDS 1 LOW FTWWHT/CBLACK/LUCRED,White,,4068801755259,197621536510,7, 60.5 , 110.0 ,USD,0, $48.70 
Footwear,Unisex,Adult,Basketball,Shoes - Low (No-Fb),JQ6140,ANTHONY EDWARDS 1 LOW FTWWHT/CBLACK/LUCRED,White,,4068801751534,197621532802,7-, 60.5 , 110.0 ,USD,0, $48.70 
Footwear,Unisex,Adult,Basketball,Shoes - Low (No-Fb),JQ6140,ANTHONY EDWARDS 1 LOW FTWWHT/CBLACK/LUCRED,White,,4068801755280,197621536558,8, 60.5 , 110.0 ,USD,0, $48.70 
Footwear,Unisex,Adult,Basketball,Shoes - Low (No-Fb),JQ6140,ANTHONY EDWARDS 1 LOW FTWWHT/CBLACK/LUCRED,White,,4068801755235,197621536497,8-, 60.5 , 110.0 ,USD,0, $48.70 
Footwear,Unisex,Adult,Basketball,Shoes - Low (No-Fb),JQ6140,ANTHONY EDWARDS 1 LOW FTWWHT/CBLACK/LUCRED,White,,4068801751541,197621532819,9, 60.5 , 110.0 ,USD,0, $48.70 
Footwear,Unisex,Adult,Basketball,Shoes - Low (No-Fb),JQ6140,ANTHONY EDWARDS 1 LOW FTWWHT/CBLACK/LUCRED,White,,4068801755228,197621532888,9-, 60.5 , 110.0 ,USD,0, $48.70 
Footwear,Unisex,Adult,Basketball,Shoes - Low (No-Fb),JQ6140,ANTHONY EDWARDS 1 LOW FTWWHT/CBLACK/LUCRED,White,,4068801755334,197621536602,10, 60.5 , 110.0 ,USD,0, $48.70 
Footwear,Unisex,Adult,Basketball,Shoes - Low (No-Fb),JQ6140,ANTHONY EDWARDS 1 LOW FTWWHT/CBLACK/LUCRED,White,,4068801751572,197621532840,10-, 60.5 , 110.0 ,USD,0, $48.70 
Footwear,Unisex,Adult,Basketball,Shoes - Low (No-Fb),JQ6140,ANTHONY EDWARDS 1 LOW FTWWHT/CBLACK/LUCRED,White,,4068801755327,197621536596,11, 60.5 , 110.0 ,USD,0, $48.70 
Footwear,Unisex,Adult,Basketball,Shoes - Low (No-Fb),JQ6140,ANTHONY EDWARDS 1 LOW FTWWHT/CBLACK/LUCRED,White,,4068801755341,197621536619,11-, 60.5 , 110.0 ,USD,0, $48.70 
Footwear,Unisex,Adult,Basketball,Shoes - Low (No-Fb),JQ6140,ANTHONY EDWARDS 1 LOW FTWWHT/CBLACK/LUCRED,White,,4068801755297,197621536565,12, 60.5 , 110.0 ,USD,0, $48.70 
Footwear,Unisex,Adult,Basketball,Shoes - Low (No-Fb),JQ6140,ANTHONY EDWARDS 1 LOW FTWWHT/CBLACK/LUCRED,White,,4068801751510,197621532789,12-, 60.5 , 110.0 ,USD,0, $48.70 
Footwear,Unisex,Adult,Basketball,Shoes - Low (No-Fb),JQ6140,ANTHONY EDWARDS 1 LOW FTWWHT/CBLACK/LUCRED,White,,4068801755211,197621536527,13, 60.5 , 110.0 ,USD,0, $48.70 
Footwear,Unisex,Adult,Basketball,Shoes - Low (No-Fb),JQ6140,ANTHONY EDWARDS 1 LOW FTWWHT/CBLACK/LUCRED,White,,4068801755242,197621536503,13-, 60.5 , 110.0 ,USD,0, $48.70 
Footwear,Unisex,Adult,Basketball,Shoes - Low (No-Fb),JQ6140,ANTHONY EDWARDS 1 LOW FTWWHT/CBLACK/LUCRED,White,,4068801755303,197621536572,14, 60.5 , 110.0 ,USD,0, $48.70 
Footwear,Unisex,Adult,Basketball,Shoes - Low (No-Fb),JQ6140,ANTHONY EDWARDS 1 LOW FTWWHT/CBLACK/LUCRED,White,,4068801751596,197621532864,14-, 60.5 , 110.0 ,USD,0, $48.70 
Footwear,Unisex,Adult,Basketball,Shoes - Low (No-Fb),JQ6140,ANTHONY EDWARDS 1 LOW FTWWHT/CBLACK/LUCRED,White,,4068801751589,197621532857,15, 60.5 , 110.0 ,USD,0, $48.70 
Footwear,Unisex,Adult,Basketball,Shoes - Low (No-Fb),JQ6140,ANTHONY EDWARDS 1 LOW FTWWHT/CBLACK/LUCRED,White,,4068801751602,197621532871,16, 60.5 , 110.0 ,USD,0, $48.70 
Footwear,Unisex,Adult,Basketball,Shoes - Low (No-Fb),JQ6140,ANTHONY EDWARDS 1 LOW FTWWHT/CBLACK/LUCRED,White,,4068801751527,197621532796,17, 60.5 , 110.0 ,USD,0, $48.70 
Footwear,Unisex,Adult,Basketball,Shoes - Low (No-Fb),JQ6140,ANTHONY EDWARDS 1 LOW FTWWHT/CBLACK/LUCRED,White,,4068801751558,197621532826,18, 60.5 , 110.0 ,USD,0, $48.70 
Footwear,Unisex,Adult,Basketball,Shoes - Low (No-Fb),JQ6140,ANTHONY EDWARDS 1 LOW FTWWHT/CBLACK/LUCRED,White,,4068801755358,197621536626,19, 60.5 , 110.0 ,USD,0, $48.70 
Apparel,Unisex,Adult,Soccer,Other Top,HP0735,PRO BIB ACTPUR,Violet,,4065415712272,195745259063,XS, 7.5 , 15.0 ,USD,0, $6.04 
Apparel,Unisex,Adult,Soccer,Other Top,HP0735,PRO BIB ACTPUR,Violet,,4065415712197,195745258981,S, 7.5 , 15.0 ,USD,0, $6.04 
Apparel,Unisex,Adult,Soccer,Other Top,HP0735,PRO BIB ACTPUR,Violet,,4065415712241,195745259032,M, 7.5 , 15.0 ,USD,0, $6.04 
Apparel,Unisex,Adult,Soccer,Other Top,HP0735,PRO BIB ACTPUR,Violet,,4065415712210,195745259001,L, 7.5 , 15.0 ,USD,0, $6.04 
Apparel,Unisex,Adult,Soccer,Other Top,HP0735,PRO BIB ACTPUR,Violet,,4065415712258,195745259049,XL, 7.5 , 15.0 ,USD,0, $6.04 
Apparel,Unisex,Adult,Soccer,Other Top,HP0735,PRO BIB ACTPUR,Violet,,4065415712180,195745258974,2XL, 7.5 , 15.0 ,USD,300+, $6.04 
Apparel,Unisex,Adult,Soccer,Other Top,HP0735,PRO BIB ACTPUR,Violet,,4065415712227,195745259018,3XL, 7.5 , 15.0 ,USD,37, $6.04 
Apparel,Mens,Adult,Hiking,Polarfleece-Full Zip,JM0139,MT CW T FZ FL CARDBO,Beige,,4068811016135,197626686302,XS, 35.0 , 70.0 ,USD,0, $28.18 
Apparel,Mens,Adult,Hiking,Polarfleece-Full Zip,JM0139,MT CW T FZ FL CARDBO,Beige,,4068811016142,197626686319,S, 35.0 , 70.0 ,USD,22, $28.18 
Apparel,Mens,Adult,Hiking,Polarfleece-Full Zip,JM0139,MT CW T FZ FL CARDBO,Beige,,4068811016128,197626686296,M, 35.0 , 70.0 ,USD,59, $28.18 
Apparel,Mens,Adult,Hiking,Polarfleece-Full Zip,JM0139,MT CW T FZ FL CARDBO,Beige,,4068811016104,197626686272,L, 35.0 , 70.0 ,USD,73, $28.18 
Apparel,Mens,Adult,Hiking,Polarfleece-Full Zip,JM0139,MT CW T FZ FL CARDBO,Beige,,4068811016111,197626686289,XL, 35.0 , 70.0 ,USD,46, $28.18 
Apparel,Mens,Adult,Hiking,Polarfleece-Full Zip,JM0139,MT CW T FZ FL CARDBO,Beige,,4068811016098,197626686265,2XL, 35.0 , 70.0 ,USD,20, $28.18 
Apparel,Mens,Adult,Hiking,Polarfleece-Full Zip,JM0139,MT CW T FZ FL CARDBO,Beige,,4068811016081,197626686258,3XL, 35.0 , 70.0 ,USD,0, $28.18 
Apparel,Womens,Adult,Hiking,Pants (1/1),HN2967,W UTILITAS ZO P BLACK,Black,,4066751278569,195745368598,XS/P, 60.0 , 120.0 ,USD,0, $48.30 
Apparel,Womens,Adult,Hiking,Pants (1/1),HN2967,W UTILITAS ZO P BLACK,Black,,4066751276763,195745368475,S/P, 60.0 , 120.0 ,USD,0, $48.30 
Apparel,Womens,Adult,Hiking,Pants (1/1),HN2967,W UTILITAS ZO P BLACK,Black,,4066751278606,195745368635,M/P, 60.0 , 120.0 ,USD,0, $48.30 
Apparel,Womens,Adult,Hiking,Pants (1/1),HN2967,W UTILITAS ZO P BLACK,Black,,4066751278590,195745368628,L/P, 60.0 , 120.0 ,USD,0, $48.30 
Apparel,Womens,Adult,Hiking,Pants (1/1),HN2967,W UTILITAS ZO P BLACK,Black,,4066751278620,195745368659,XL/P, 60.0 , 120.0 ,USD,0, $48.30 
Apparel,Womens,Adult,Hiking,Pants (1/1),HN2967,W UTILITAS ZO P BLACK,Black,,4066751278712,195745372342,XS, 60.0 , 120.0 ,USD,18, $48.30 
Apparel,Womens,Adult,Hiking,Pants (1/1),HN2967,W UTILITAS ZO P BLACK,Black,,4066751278699,195745372328,S, 60.0 , 120.0 ,USD,37, $48.30 
Apparel,Womens,Adult,Hiking,Pants (1/1),HN2967,W UTILITAS ZO P BLACK,Black,,4066751278545,195745368574,M, 60.0 , 120.0 ,USD,54, $48.30 
Apparel,Womens,Adult,Hiking,Pants (1/1),HN2967,W UTILITAS ZO P BLACK,Black,,4066751278743,195745372373,L, 60.0 , 120.0 ,USD,42, $48.30 
Apparel,Womens,Adult,Hiking,Pants (1/1),HN2967,W UTILITAS ZO P BLACK,Black,,4066751276824,195745368536,XL, 60.0 , 120.0 ,USD,15, $48.30 
Apparel,Womens,Adult,Hiking,Pants (1/1),HN2967,W UTILITAS ZO P BLACK,Black,,4066751276787,195745368499,S/T, 60.0 , 120.0 ,USD,0, $48.30 
Apparel,Womens,Adult,Hiking,Pants (1/1),HN2967,W UTILITAS ZO P BLACK,Black,,4066751276855,195745368567,M/T, 60.0 , 120.0 ,USD,0, $48.30 
Apparel,Womens,Adult,Hiking,Pants (1/1),HN2967,W UTILITAS ZO P BLACK,Black,,4066751278736,195745372366,L/T, 60.0 , 120.0 ,USD,0, $48.30 
Apparel,Womens,Adult,Hiking,Pants (1/1),HN2967,W UTILITAS ZO P BLACK,Black,,4066751278613,195745368642,XL/T, 60.0 , 120.0 ,USD,0, $48.30 
Footwear,Mens,Adult,Bike,Shoes - Low (No-Fb),IG0367,SLEUTH GREFIV/GRETHR/BROSTR,,,4065432658508,196463730544,6, 49.5 , 90.0 ,USD,1, $39.85 
Footwear,Mens,Adult,Bike,Shoes - Low (No-Fb),IG0367,SLEUTH GREFIV/GRETHR/BROSTR,,,4065432654760,196463726806,6-, 49.5 , 90.0 ,USD,0, $39.85 
Footwear,Mens,Adult,Bike,Shoes - Low (No-Fb),IG0367,SLEUTH GREFIV/GRETHR/BROSTR,,,4065432658461,196463730506,7, 49.5 , 90.0 ,USD,4, $39.85 
Footwear,Mens,Adult,Bike,Shoes - Low (No-Fb),IG0367,SLEUTH GREFIV/GRETHR/BROSTR,,,4065432658454,196463730490,7-, 49.5 , 90.0 ,USD,5, $39.85 
Footwear,Mens,Adult,Bike,Shoes - Low (No-Fb),IG0367,SLEUTH GREFIV/GRETHR/BROSTR,,,4065432658485,196463730520,8, 49.5 , 90.0 ,USD,7, $39.85 
Footwear,Mens,Adult,Bike,Shoes - Low (No-Fb),IG0367,SLEUTH GREFIV/GRETHR/BROSTR,,,4065432658409,196463730483,8-, 49.5 , 90.0 ,USD,7, $39.85 
Footwear,Mens,Adult,Bike,Shoes - Low (No-Fb),IG0367,SLEUTH GREFIV/GRETHR/BROSTR,,,4065432658478,196463730513,9, 49.5 , 90.0 ,USD,7, $39.85 
Footwear,Mens,Adult,Bike,Shoes - Low (No-Fb),IG0367,SLEUTH GREFIV/GRETHR/BROSTR,,,4065432654791,196463726837,9-, 49.5 , 90.0 ,USD,6, $39.85 
Footwear,Mens,Adult,Bike,Shoes - Low (No-Fb),IG0367,SLEUTH GREFIV/GRETHR/BROSTR,,,4065432654753,196463726790,10, 49.5 , 90.0 ,USD,8, $39.85 
Footwear,Mens,Adult,Bike,Shoes - Low (No-Fb),IG0367,SLEUTH GREFIV/GRETHR/BROSTR,,,4065432654777,196463726813,10-, 49.5 , 90.0 ,USD,17, $39.85 
Footwear,Mens,Adult,Bike,Shoes - Low (No-Fb),IG0367,SLEUTH GREFIV/GRETHR/BROSTR,,,4065432658492,196463730537,11, 49.5 , 90.0 ,USD,7, $39.85 
Footwear,Mens,Adult,Bike,Shoes - Low (No-Fb),IG0367,SLEUTH GREFIV/GRETHR/BROSTR,,,4065432658447,196463730476,11-, 49.5 , 90.0 ,USD,7, $39.85 
Footwear,Mens,Adult,Bike,Shoes - Low (No-Fb),IG0367,SLEUTH GREFIV/GRETHR/BROSTR,,,4065432658423,196463730469,12, 49.5 , 90.0 ,USD,7, $39.85 
Footwear,Mens,Adult,Bike,Shoes - Low (No-Fb),IG0367,SLEUTH GREFIV/GRETHR/BROSTR,,,4065432658430,196463726844,12-, 49.5 , 90.0 ,USD,2, $39.85 
Footwear,Mens,Adult,Bike,Shoes - Low (No-Fb),IG0367,SLEUTH GREFIV/GRETHR/BROSTR,,,4065432654784,196463726820,13, 49.5 , 90.0 ,USD,2, $39.85 
Footwear,Mens,Adult,Bike,Shoes - Low (No-Fb),IG0367,SLEUTH GREFIV/GRETHR/BROSTR,,,4065432654746,196463726783,14, 49.5 , 90.0 ,USD,2, $39.85 
Footwear,Mens,Adult,Bike,Shoes - Low (No-Fb),IG0367,SLEUTH GREFIV/GRETHR/BROSTR,,,4065432658416,196463730452,15, 49.5 , 90.0 ,USD,0, $39.85 
Footwear,Mens,Adult,Hiking,Shoes - Low (No-Fb),JQ2211,TERREX SKYCHASER AX5 GTX GREFOU/CARBON/SHANAV,,,4067903159330,197614778415,6, 66.0 , 120.0 ,USD,0, $53.13 
Footwear,Mens,Adult,Hiking,Shoes - Low (No-Fb),JQ2211,TERREX SKYCHASER AX5 GTX GREFOU/CARBON/SHANAV,,,4067903162972,197614778460,6-, 66.0 , 120.0 ,USD,1, $53.13 
Footwear,Mens,Adult,Hiking,Shoes - Low (No-Fb),JQ2211,TERREX SKYCHASER AX5 GTX GREFOU/CARBON/SHANAV,,,4067903163023,197614778507,7, 66.0 , 120.0 ,USD,3, $53.13 
Footwear,Mens,Adult,Hiking,Shoes - Low (No-Fb),JQ2211,TERREX SKYCHASER AX5 GTX GREFOU/CARBON/SHANAV,,,4067903159316,197614778392,7-, 66.0 , 120.0 ,USD,6, $53.13 
Footwear,Mens,Adult,Hiking,Shoes - Low (No-Fb),JQ2211,TERREX SKYCHASER AX5 GTX GREFOU/CARBON/SHANAV,,,4067903162989,197614778477,8, 66.0 , 120.0 ,USD,12, $53.13 
Footwear,Mens,Adult,Hiking,Shoes - Low (No-Fb),JQ2211,TERREX SKYCHASER AX5 GTX GREFOU/CARBON/SHANAV,,,4067903163030,197614778514,8-, 66.0 , 120.0 ,USD,0, $53.13 
Footwear,Mens,Adult,Hiking,Shoes - Low (No-Fb),JQ2211,TERREX SKYCHASER AX5 GTX GREFOU/CARBON/SHANAV,,,4067903162996,197614778446,9, 66.0 , 120.0 ,USD,0, $53.13 
Footwear,Mens,Adult,Hiking,Shoes - Low (No-Fb),JQ2211,TERREX SKYCHASER AX5 GTX GREFOU/CARBON/SHANAV,,,4067903163016,197614778491,9-, 66.0 , 120.0 ,USD,19, $53.13 
Footwear,Mens,Adult,Hiking,Shoes - Low (No-Fb),JQ2211,TERREX SKYCHASER AX5 GTX GREFOU/CARBON/SHANAV,,,4067903163047,197614778521,10, 66.0 , 120.0 ,USD,25, $53.13 
Footwear,Mens,Adult,Hiking,Shoes - Low (No-Fb),JQ2211,TERREX SKYCHASER AX5 GTX GREFOU/CARBON/SHANAV,,,4067903162965,197614778453,10-, 66.0 , 120.0 ,USD,0, $53.13 
Footwear,Mens,Adult,Hiking,Shoes - Low (No-Fb),JQ2211,TERREX SKYCHASER AX5 GTX GREFOU/CARBON/SHANAV,,,4067903163009,197614778484,11, 66.0 , 120.0 ,USD,30, $53.13 
Footwear,Mens,Adult,Hiking,Shoes - Low (No-Fb),JQ2211,TERREX SKYCHASER AX5 GTX GREFOU/CARBON/SHANAV,,,4067903159354,197614778439,11-, 66.0 , 120.0 ,USD,0, $53.13 
Footwear,Mens,Adult,Hiking,Shoes - Low (No-Fb),JQ2211,TERREX SKYCHASER AX5 GTX GREFOU/CARBON/SHANAV,,,4067903159293,197614778361,12, 66.0 , 120.0 ,USD,10, $53.13 
Footwear,Mens,Adult,Hiking,Shoes - Low (No-Fb),JQ2211,TERREX SKYCHASER AX5 GTX GREFOU/CARBON/SHANAV,,,4067903159347,197614778422,12-, 66.0 , 120.0 ,USD,6, $53.13 
Footwear,Mens,Adult,Hiking,Shoes - Low (No-Fb),JQ2211,TERREX SKYCHASER AX5 GTX GREFOU/CARBON/SHANAV,,,4067903159323,197614778408,13, 66.0 , 120.0 ,USD,9, $53.13 
Footwear,Mens,Adult,Hiking,Shoes - Low (No-Fb),JQ2211,TERREX SKYCHASER AX5 GTX GREFOU/CARBON/SHANAV,,,4067903159309,197614778378,14, 66.0 , 120.0 ,USD,0, $53.13 
Footwear,Mens,Adult,Hiking,Shoes - Low (No-Fb),JQ2211,TERREX SKYCHASER AX5 GTX GREFOU/CARBON/SHANAV,,,4067903159286,197614778354,15, 66.0 , 120.0 ,USD,0, $53.13 
Apparel,Unisex,Adult,Soccer,Other Top,HP0732,PRO BIB TEASSG,,,4065415719974,195745266764,XS, 7.5 , 15.0 ,USD,0, $6.04 
Apparel,Unisex,Adult,Soccer,Other Top,HP0732,PRO BIB TEASSG,,,4065415723643,195745266801,S, 7.5 , 15.0 ,USD,0, $6.04 
Apparel,Unisex,Adult,Soccer,Other Top,HP0732,PRO BIB TEASSG,,,4065415719950,195745266740,M, 7.5 , 15.0 ,USD,0, $6.04 
Apparel,Unisex,Adult,Soccer,Other Top,HP0732,PRO BIB TEASSG,,,4065415719936,195745266726,L, 7.5 , 15.0 ,USD,0, $6.04 
Apparel,Unisex,Adult,Soccer,Other Top,HP0732,PRO BIB TEASSG,,,4065415719981,195745266771,XL, 7.5 , 15.0 ,USD,0, $6.04 
Apparel,Unisex,Adult,Soccer,Other Top,HP0732,PRO BIB TEASSG,,,4065415719912,195745266702,2XL, 7.5 , 15.0 ,USD,300+, $6.04 
Apparel,Unisex,Adult,Soccer,Other Top,HP0732,PRO BIB TEASSG,,,4065415719929,195745266719,3XL, 7.5 , 15.0 ,USD,65, $6.04 
Apparel,Unisex,Adult,Soccer,Other Top,HP0733,PRO BIB BRCYAN,Blue,,4065415700590,195745243796,XS, 7.5 , 15.0 ,USD,1, $6.04 
Apparel,Unisex,Adult,Soccer,Other Top,HP0733,PRO BIB BRCYAN,Blue,,4065415696923,195745243710,S, 7.5 , 15.0 ,USD,0, $6.04 
Apparel,Unisex,Adult,Soccer,Other Top,HP0733,PRO BIB BRCYAN,Blue,,4065415700576,195745243772,M, 7.5 , 15.0 ,USD,0, $6.04 
Apparel,Unisex,Adult,Soccer,Other Top,HP0733,PRO BIB BRCYAN,Blue,,4065415696947,195745243734,L, 7.5 , 15.0 ,USD,9, $6.04 
Apparel,Unisex,Adult,Soccer,Other Top,HP0733,PRO BIB BRCYAN,Blue,,4065415700620,195745247404,XL, 7.5 , 15.0 ,USD,0, $6.04 
Apparel,Unisex,Adult,Soccer,Other Top,HP0733,PRO BIB BRCYAN,Blue,,4065415696961,195745243758,2XL, 7.5 , 15.0 ,USD,300+, $6.04 
Apparel,Unisex,Adult,Soccer,Other Top,HP0733,PRO BIB BRCYAN,Blue,,4065415700606,195745243765,3XL, 7.5 , 15.0 ,USD,46, $6.04 
Footwear,Unisex,Junior,Originals,Shoes - Low (No-Fb),IF9802,GAZELLE J PREBRN/FTWWHT/GOLDMT,,,4067889164465,196478648667,3-, 40.0 , 80.0 ,USD,1, $32.20 
Footwear,Unisex,Junior,Originals,Shoes - Low (No-Fb),IF9802,GAZELLE J PREBRN/FTWWHT/GOLDMT,,,4067889164472,196478648636,4, 40.0 , 80.0 ,USD,9, $32.20 
Footwear,Unisex,Junior,Originals,Shoes - Low (No-Fb),IF9802,GAZELLE J PREBRN/FTWWHT/GOLDMT,,,4067889164489,196478650622,4-, 40.0 , 80.0 ,USD,9, $32.20 
Footwear,Unisex,Junior,Originals,Shoes - Low (No-Fb),IF9802,GAZELLE J PREBRN/FTWWHT/GOLDMT,,,4067889164458,196478648650,5, 40.0 , 80.0 ,USD,23, $32.20 
Footwear,Unisex,Junior,Originals,Shoes - Low (No-Fb),IF9802,GAZELLE J PREBRN/FTWWHT/GOLDMT,,,4067889159393,196478648629,5-, 40.0 , 80.0 ,USD,31, $32.20 
Footwear,Unisex,Junior,Originals,Shoes - Low (No-Fb),IF9802,GAZELLE J PREBRN/FTWWHT/GOLDMT,,,4067889159386,196478648612,6, 40.0 , 80.0 ,USD,47, $32.20 
Footwear,Unisex,Junior,Originals,Shoes - Low (No-Fb),IF9802,GAZELLE J PREBRN/FTWWHT/GOLDMT,,,4067889164441,196478648643,6-, 40.0 , 80.0 ,USD,57, $32.20 
Footwear,Unisex,Junior,Originals,Shoes - Low (No-Fb),IF9802,GAZELLE J PREBRN/FTWWHT/GOLDMT,,,4067889164496,196478650592,7, 40.0 , 80.0 ,USD,150, $32.20 
Footwear,Mens,Adult,Hiking,Shoes - Low (No-Fb),JQ2214,TERREX SKYCHASER AX5 PRETEA/CARBON/GRETWO,,,4067903155356,197614770839,6, 55.0 , 100.0 ,USD,0, $44.28 
Footwear,Mens,Adult,Hiking,Shoes - Low (No-Fb),JQ2214,TERREX SKYCHASER AX5 PRETEA/CARBON/GRETWO,,,4067903155400,197614770884,6-, 55.0 , 100.0 ,USD,0, $44.28 
Footwear,Mens,Adult,Hiking,Shoes - Low (No-Fb),JQ2214,TERREX SKYCHASER AX5 PRETEA/CARBON/GRETWO,,,4067903155387,197614770860,7, 55.0 , 100.0 ,USD,0, $44.28 
Footwear,Mens,Adult,Hiking,Shoes - Low (No-Fb),JQ2214,TERREX SKYCHASER AX5 PRETEA/CARBON/GRETWO,,,4067903155349,197614770822,7-, 55.0 , 100.0 ,USD,0, $44.28 
Footwear,Mens,Adult,Hiking,Shoes - Low (No-Fb),JQ2214,TERREX SKYCHASER AX5 PRETEA/CARBON/GRETWO,,,4067903155493,197614774578,8, 55.0 , 100.0 ,USD,0, $44.28 
Footwear,Mens,Adult,Hiking,Shoes - Low (No-Fb),JQ2214,TERREX SKYCHASER AX5 PRETEA/CARBON/GRETWO,,,4067903155479,197614774554,8-, 55.0 , 100.0 ,USD,0, $44.28 
Footwear,Mens,Adult,Hiking,Shoes - Low (No-Fb),JQ2214,TERREX SKYCHASER AX5 PRETEA/CARBON/GRETWO,,,4067903155448,197614774516,9, 55.0 , 100.0 ,USD,2, $44.28 
Footwear,Mens,Adult,Hiking,Shoes - Low (No-Fb),JQ2214,TERREX SKYCHASER AX5 PRETEA/CARBON/GRETWO,,,4067903155509,197614774585,9-, 55.0 , 100.0 ,USD,0, $44.28 
Footwear,Mens,Adult,Hiking,Shoes - Low (No-Fb),JQ2214,TERREX SKYCHASER AX5 PRETEA/CARBON/GRETWO,,,4067903155363,197614770846,10, 55.0 , 100.0 ,USD,0, $44.28 
Footwear,Mens,Adult,Hiking,Shoes - Low (No-Fb),JQ2214,TERREX SKYCHASER AX5 PRETEA/CARBON/GRETWO,,,4067903155455,197614774523,10-, 55.0 , 100.0 ,USD,0, $44.28 
Footwear,Mens,Adult,Hiking,Shoes - Low (No-Fb),JQ2214,TERREX SKYCHASER AX5 PRETEA/CARBON/GRETWO,,,4067903155424,197614770907,11, 55.0 , 100.0 ,USD,0, $44.28 
Footwear,Mens,Adult,Hiking,Shoes - Low (No-Fb),JQ2214,TERREX SKYCHASER AX5 PRETEA/CARBON/GRETWO,,,4067903155486,197614774561,11-, 55.0 , 100.0 ,USD,0, $44.28 
Footwear,Mens,Adult,Hiking,Shoes - Low (No-Fb),JQ2214,TERREX SKYCHASER AX5 PRETEA/CARBON/GRETWO,,,4067903155462,197614774547,12, 55.0 , 100.0 ,USD,0, $44.28 
Footwear,Mens,Adult,Hiking,Shoes - Low (No-Fb),JQ2214,TERREX SKYCHASER AX5 PRETEA/CARBON/GRETWO,,,4067903155417,197614770891,12-, 55.0 , 100.0 ,USD,0, $44.28 
Footwear,Mens,Adult,Hiking,Shoes - Low (No-Fb),JQ2214,TERREX SKYCHASER AX5 PRETEA/CARBON/GRETWO,,,4067903155370,197614770853,13, 55.0 , 100.0 ,USD,0, $44.28 
Footwear,Mens,Adult,Hiking,Shoes - Low (No-Fb),JQ2214,TERREX SKYCHASER AX5 PRETEA/CARBON/GRETWO,,,4067903155394,197614770877,14, 55.0 , 100.0 ,USD,1, $44.28 
Footwear,Mens,Adult,Hiking,Shoes - Low (No-Fb),JQ2214,TERREX SKYCHASER AX5 PRETEA/CARBON/GRETWO,,,4067903155431,197614774530,15, 55.0 , 100.0 ,USD,0, $44.28 
Accessories,Unisex,Adult,Trail Running,Cap,JD3427,TRX 5P CAP GRPH BLACK/CARBON/WHITE,Black,,4067891382048,197611681817,OSFY, 16.0 , 32.0 ,USD,0, $12.88 
Accessories,Unisex,Adult,Trail Running,Cap,JD3427,TRX 5P CAP GRPH BLACK/CARBON/WHITE,Black,,4067891382055,197611681831,OSFW, 16.0 , 32.0 ,USD,0, $12.88 
Accessories,Unisex,Adult,Trail Running,Cap,JD3427,TRX 5P CAP GRPH BLACK/CARBON/WHITE,Black,,4067891382031,197611681800,OSFM, 16.0 , 32.0 ,USD,100, $12.88 
Accessories,Unisex,Adult,Trail Running,Cap,JD3427,TRX 5P CAP GRPH BLACK/CARBON/WHITE,Black,,4067891382086,197611681824,OSFL, 16.0 , 32.0 ,USD,0, $12.88 
Apparel,Mens,Adult,Soccer,Jersey (Short Sl.),HE3057,CON22 JSY DRKGRN,Green,,4065424291942,195733398750,XS, 22.5 , 45.0 ,USD,0, $18.11 
Apparel,Mens,Adult,Soccer,Jersey (Short Sl.),HE3057,CON22 JSY DRKGRN,Green,,4065424299498,195733400552,S, 22.5 , 45.0 ,USD,13, $18.11 
Apparel,Mens,Adult,Soccer,Jersey (Short Sl.),HE3057,CON22 JSY DRKGRN,Green,,4065424295698,195733398910,M, 22.5 , 45.0 ,USD,34, $18.11 
Apparel,Mens,Adult,Soccer,Jersey (Short Sl.),HE3057,CON22 JSY DRKGRN,Green,,4065424295643,195733398835,L, 22.5 , 45.0 ,USD,35, $18.11 
Apparel,Mens,Adult,Soccer,Jersey (Short Sl.),HE3057,CON22 JSY DRKGRN,Green,,4065424291973,195733398798,XL, 22.5 , 45.0 ,USD,7, $18.11 
Apparel,Mens,Adult,Soccer,Jersey (Short Sl.),HE3057,CON22 JSY DRKGRN,Green,,4065424295704,195733398927,2XL, 22.5 , 45.0 ,USD,0, $18.11 
Apparel,Mens,Adult,Soccer,Jersey (Short Sl.),HE3057,CON22 JSY DRKGRN,Green,,4065424295797,195733400446,3XL, 22.5 , 45.0 ,USD,0, $18.11 
Apparel,Mens,Adult,Soccer,Jersey (Short Sl.),HE3057,CON22 JSY DRKGRN,Green,,4065424295827,195733400484,4XL, 22.5 , 45.0 ,USD,0, $18.11 
Apparel,Mens,Adult,Soccer,Jersey (Short Sl.),HE3057,CON22 JSY DRKGRN,Green,,4065424295711,195733398934,ST, 22.5 , 45.0 ,USD,0, $18.11 
Apparel,Mens,Adult,Soccer,Jersey (Short Sl.),HE3057,CON22 JSY DRKGRN,Green,,4065424295735,195733398958,MT, 22.5 , 45.0 ,USD,0, $18.11 
Apparel,Mens,Adult,Soccer,Jersey (Short Sl.),HE3057,CON22 JSY DRKGRN,Green,,4065424295766,195733400453,LT, 22.5 , 45.0 ,USD,0, $18.11 
Apparel,Mens,Adult,Soccer,Jersey (Short Sl.),HE3057,CON22 JSY DRKGRN,Green,,4065424295841,195733400507,XLT, 22.5 , 45.0 ,USD,0, $18.11 
Apparel,Mens,Adult,Soccer,Jersey (Short Sl.),HE3057,CON22 JSY DRKGRN,Green,,4065424295667,195733398880,2XLT, 22.5 , 45.0 ,USD,0, $18.11 
Apparel,Mens,Adult,Soccer,Jersey (Short Sl.),HE3057,CON22 JSY DRKGRN,Green,,4065424295803,195733400460,3XLT, 22.5 , 45.0 ,USD,0, $18.11 
Apparel,Mens,Adult,Soccer,Jersey (Short Sl.),HE3057,CON22 JSY DRKGRN,Green,,4065424295780,195733400439,4XLT, 22.5 , 45.0 ,USD,0, $18.11 
Apparel,Mens,Adult,Hiking,Pants (1/1),JF3715,CARGO PANTS BLACK,Black,,4067901842357,196476750942,XS/S, 50.0 , 100.0 ,USD,9, $40.25 
Apparel,Mens,Adult,Hiking,Pants (1/1),JF3715,CARGO PANTS BLACK,Black,,4067901842340,196476750935,S/S, 50.0 , 100.0 ,USD,6, $40.25 
Apparel,Mens,Adult,Hiking,Pants (1/1),JF3715,CARGO PANTS BLACK,Black,,4067901842326,196476750928,M/S, 50.0 , 100.0 ,USD,13, $40.25 
Apparel,Mens,Adult,Hiking,Pants (1/1),JF3715,CARGO PANTS BLACK,Black,,4067901842364,196476750959,L/S, 50.0 , 100.0 ,USD,9, $40.25 
Apparel,Mens,Adult,Hiking,Pants (1/1),JF3715,CARGO PANTS BLACK,Black,,4067901842388,196476750973,XL/S, 50.0 , 100.0 ,USD,9, $40.25 
Apparel,Mens,Adult,Hiking,Pants (1/1),JF3715,CARGO PANTS BLACK,Black,,4067901838626,196476750812,XS, 50.0 , 100.0 ,USD,23, $40.25 
Apparel,Mens,Adult,Hiking,Pants (1/1),JF3715,CARGO PANTS BLACK,Black,,4067901842425,196476751499,S, 50.0 , 100.0 ,USD,51, $40.25 
Apparel,Mens,Adult,Hiking,Pants (1/1),JF3715,CARGO PANTS BLACK,Black,,4067901838602,196476750782,M, 50.0 , 100.0 ,USD,36, $40.25 
Apparel,Mens,Adult,Hiking,Pants (1/1),JF3715,CARGO PANTS BLACK,Black,,4067901842265,196476750850,L, 50.0 , 100.0 ,USD,0, $40.25 
Apparel,Mens,Adult,Hiking,Pants (1/1),JF3715,CARGO PANTS BLACK,Black,,4067901842258,196476750843,XL, 50.0 , 100.0 ,USD,23, $40.25 
Apparel,Mens,Adult,Hiking,Pants (1/1),JF3715,CARGO PANTS BLACK,Black,,4067901842296,196476750881,ST, 50.0 , 100.0 ,USD,2, $40.25 
Apparel,Mens,Adult,Hiking,Pants (1/1),JF3715,CARGO PANTS BLACK,Black,,4067901842289,196476750874,MT, 50.0 , 100.0 ,USD,4, $40.25 
Apparel,Mens,Adult,Hiking,Pants (1/1),JF3715,CARGO PANTS BLACK,Black,,4067901842319,196476750911,LT, 50.0 , 100.0 ,USD,5, $40.25 
Apparel,Mens,Adult,Hiking,Pants (1/1),JF3715,CARGO PANTS BLACK,Black,,4067901842333,196476750898,XLT, 50.0 , 100.0 ,USD,5, $40.25 
Accessories,Unisex,Adult,Hiking,Bucket,JD3429,TRX BUCKET MAGGRE/WONSTE,,,4067891691713,197611741887,OSFW, 24.0 , 48.0 ,USD,0, $19.32 
Accessories,Unisex,Adult,Hiking,Bucket,JD3429,TRX BUCKET MAGGRE/WONSTE,,,4067891691706,197611741870,OSFM, 24.0 , 48.0 ,USD,112, $19.32 
Accessories,Unisex,Adult,Hiking,Bucket,JD3429,TRX BUCKET MAGGRE/WONSTE,,,4067891691690,197611741863,OSFL, 24.0 , 48.0 ,USD,0, $19.32 
Apparel,Unisex,Kids,Originals,Tracksuit,JC9152,FIREBIRD TS SEPISP,,,4067902571362,196476217247,4T, 30.0 , 60.0 ,USD,118, $24.15 
Apparel,Unisex,Kids,Originals,Tracksuit,JC9152,FIREBIRD TS SEPISP,,,4067902571447,196476217339,5T, 30.0 , 60.0 ,USD,130, $24.15 
Apparel,Unisex,Kids,Originals,Tracksuit,JC9152,FIREBIRD TS SEPISP,,,4067902571379,196476217254,2XS, 30.0 , 60.0 ,USD,67, $24.15 
Apparel,Unisex,Kids,Originals,Tracksuit,JC9152,FIREBIRD TS SEPISP,,,4067902571386,196476217261,XS, 30.0 , 60.0 ,USD,117, $24.15 
Apparel,Mens,Adult,Hiking,T-Shirt (Long Sl.),JC8198,MULTI SYNT LS CARBON/GRESIX,,,4068811038588,197626785791,XS, 27.5 , 55.0 ,USD,5, $22.14 
Apparel,Mens,Adult,Hiking,T-Shirt (Long Sl.),JC8198,MULTI SYNT LS CARBON/GRESIX,,,4068811038571,197626785784,S, 27.5 , 55.0 ,USD,50, $22.14 
Apparel,Mens,Adult,Hiking,T-Shirt (Long Sl.),JC8198,MULTI SYNT LS CARBON/GRESIX,,,4068811038618,197626785821,M, 27.5 , 55.0 ,USD,75, $22.14 
Apparel,Mens,Adult,Hiking,T-Shirt (Long Sl.),JC8198,MULTI SYNT LS CARBON/GRESIX,,,4068811038649,197626785852,L, 27.5 , 55.0 ,USD,77, $22.14 
Apparel,Mens,Adult,Hiking,T-Shirt (Long Sl.),JC8198,MULTI SYNT LS CARBON/GRESIX,,,4068811038700,197626785913,XL, 27.5 , 55.0 ,USD,55, $22.14 
Apparel,Mens,Adult,Hiking,T-Shirt (Long Sl.),JC8198,MULTI SYNT LS CARBON/GRESIX,,,4068811038595,197626785807,2XL, 27.5 , 55.0 ,USD,32, $22.14 
Footwear,Unisex,Infant,Originals,Shoes - Low (No-Fb),JH9985,SUPERSTAR II CF EL I CBLACK/FTWWHT/CBLACK,Black,,4067888300079,196479216766,4K, 27.5 , 55.0 ,USD,20, $22.14 
Footwear,Unisex,Infant,Originals,Shoes - Low (No-Fb),JH9985,SUPERSTAR II CF EL I CBLACK/FTWWHT/CBLACK,Black,,4067888300109,196479216797,5K, 27.5 , 55.0 ,USD,0, $22.14 
Footwear,Unisex,Infant,Originals,Shoes - Low (No-Fb),JH9985,SUPERSTAR II CF EL I CBLACK/FTWWHT/CBLACK,Black,,4067888300123,196479216810,5-K, 27.5 , 55.0 ,USD,0, $22.14 
Footwear,Unisex,Infant,Originals,Shoes - Low (No-Fb),JH9985,SUPERSTAR II CF EL I CBLACK/FTWWHT/CBLACK,Black,,4067888300062,196479216759,6K, 27.5 , 55.0 ,USD,0, $22.14 
Footwear,Unisex,Infant,Originals,Shoes - Low (No-Fb),JH9985,SUPERSTAR II CF EL I CBLACK/FTWWHT/CBLACK,Black,,4067888300116,196479216803,6-K, 27.5 , 55.0 ,USD,0, $22.14 
Footwear,Unisex,Infant,Originals,Shoes - Low (No-Fb),JH9985,SUPERSTAR II CF EL I CBLACK/FTWWHT/CBLACK,Black,,4067888300130,196479216827,7K, 27.5 , 55.0 ,USD,14, $22.14 
Footwear,Unisex,Infant,Originals,Shoes - Low (No-Fb),JH9985,SUPERSTAR II CF EL I CBLACK/FTWWHT/CBLACK,Black,,4067888300093,196479216780,7-K, 27.5 , 55.0 ,USD,0, $22.14 
Footwear,Unisex,Infant,Originals,Shoes - Low (No-Fb),JH9985,SUPERSTAR II CF EL I CBLACK/FTWWHT/CBLACK,Black,,4067888300048,196479216735,8K, 27.5 , 55.0 ,USD,3, $22.14 
Footwear,Unisex,Infant,Originals,Shoes - Low (No-Fb),JH9985,SUPERSTAR II CF EL I CBLACK/FTWWHT/CBLACK,Black,,4067888300055,196479216742,8-K, 27.5 , 55.0 ,USD,0, $22.14 
Footwear,Unisex,Infant,Originals,Shoes - Low (No-Fb),JH9985,SUPERSTAR II CF EL I CBLACK/FTWWHT/CBLACK,Black,,4067888300086,196479216773,9K, 27.5 , 55.0 ,USD,4, $22.14 
Footwear,Unisex,Infant,Originals,Shoes - Low (No-Fb),JH9985,SUPERSTAR II CF EL I CBLACK/FTWWHT/CBLACK,Black,,4067888300147,196479216834,9-K, 27.5 , 55.0 ,USD,0, $22.14 
Footwear,Unisex,Infant,Originals,Shoes - Low (No-Fb),JH9985,SUPERSTAR II CF EL I CBLACK/FTWWHT/CBLACK,Black,,4067888300154,196479216841,10K, 27.5 , 55.0 ,USD,0, $22.14 
Footwear,Womens,Adult,Tennis,Shoes - Low (No-Fb),HQ8476,GameCourt 2 W FTWWHT/SILVMT/FTWWHT,White,,4066748165414,195747109144,5, 38.5 , 70.0 ,USD,9, $30.99 
Footwear,Womens,Adult,Tennis,Shoes - Low (No-Fb),HQ8476,GameCourt 2 W FTWWHT/SILVMT/FTWWHT,White,,4066748165421,195747109151,5-, 38.5 , 70.0 ,USD,0, $30.99 
Footwear,Womens,Adult,Tennis,Shoes - Low (No-Fb),HQ8476,GameCourt 2 W FTWWHT/SILVMT/FTWWHT,White,,4066748169108,195747109236,6, 38.5 , 70.0 ,USD,12, $30.99 
Footwear,Womens,Adult,Tennis,Shoes - Low (No-Fb),HQ8476,GameCourt 2 W FTWWHT/SILVMT/FTWWHT,White,,4066748169139,195747112854,6-, 38.5 , 70.0 ,USD,169, $30.99 
Footwear,Womens,Adult,Tennis,Shoes - Low (No-Fb),HQ8476,GameCourt 2 W FTWWHT/SILVMT/FTWWHT,White,,4066748169115,195747109243,7, 38.5 , 70.0 ,USD,7, $30.99 
Footwear,Womens,Adult,Tennis,Shoes - Low (No-Fb),HQ8476,GameCourt 2 W FTWWHT/SILVMT/FTWWHT,White,,4066748169085,195747109229,7-, 38.5 , 70.0 ,USD,53, $30.99 
Footwear,Womens,Adult,Tennis,Shoes - Low (No-Fb),HQ8476,GameCourt 2 W FTWWHT/SILVMT/FTWWHT,White,,4066748169061,195747109205,8, 38.5 , 70.0 ,USD,8, $30.99 
Footwear,Womens,Adult,Tennis,Shoes - Low (No-Fb),HQ8476,GameCourt 2 W FTWWHT/SILVMT/FTWWHT,White,,4066748165445,195747109175,8-, 38.5 , 70.0 ,USD,300+, $30.99 
Footwear,Womens,Adult,Tennis,Shoes - Low (No-Fb),HQ8476,GameCourt 2 W FTWWHT/SILVMT/FTWWHT,White,,4066748169092,195747109199,9, 38.5 , 70.0 ,USD,21, $30.99 
Footwear,Womens,Adult,Tennis,Shoes - Low (No-Fb),HQ8476,GameCourt 2 W FTWWHT/SILVMT/FTWWHT,White,,4066748165438,195747109168,9-, 38.5 , 70.0 ,USD,0, $30.99 
Footwear,Womens,Adult,Tennis,Shoes - Low (No-Fb),HQ8476,GameCourt 2 W FTWWHT/SILVMT/FTWWHT,White,,4066748169078,195747109212,10, 38.5 , 70.0 ,USD,198, $30.99 
Footwear,Womens,Adult,Tennis,Shoes - Low (No-Fb),HQ8476,GameCourt 2 W FTWWHT/SILVMT/FTWWHT,White,,4066748169122,195747112885,10-, 38.5 , 70.0 ,USD,60, $30.99 
Footwear,Womens,Adult,Tennis,Shoes - Low (No-Fb),HQ8476,GameCourt 2 W FTWWHT/SILVMT/FTWWHT,White,,4066748165452,195747109182,11, 38.5 , 70.0 ,USD,61, $30.99 
Footwear,Womens,Adult,Tennis,Shoes - Low (No-Fb),HQ8476,GameCourt 2 W FTWWHT/SILVMT/FTWWHT,White,,4066748165407,195747109137,11-, 38.5 , 70.0 ,USD,27, $30.99 
Accessories,Unisex,Adult,Hiking,Beanie,JW0879,MT BEANIE AURPLU,,,4068808203722,197625976053,OSFW, 13.0 , 26.0 ,USD,0, $10.47 
Accessories,Unisex,Adult,Hiking,Beanie,JW0879,MT BEANIE AURPLU,,,4068808203739,197625976060,OSFM, 13.0 , 26.0 ,USD,24, $10.47 
Accessories,Unisex,Adult,Hiking,Beanie,JW0879,MT BEANIE AURPLU,,,4068808203746,197625976077,OSFL, 13.0 , 26.0 ,USD,0, $10.47 
Accessories,Unisex,Adult,Trail Running,Cap,JY0568,TRX 5P CAP GRPH AURIVY/PRETEA/WHITE,,,4068808215060,197625983792,OSFY, 16.0 , 32.0 ,USD,0, $12.88 
Accessories,Unisex,Adult,Trail Running,Cap,JY0568,TRX 5P CAP GRPH AURIVY/PRETEA/WHITE,,,4068808215053,197625983785,OSFW, 16.0 , 32.0 ,USD,0, $12.88 
Accessories,Unisex,Adult,Trail Running,Cap,JY0568,TRX 5P CAP GRPH AURIVY/PRETEA/WHITE,,,4068808211444,197625983778,OSFM, 16.0 , 32.0 ,USD,171, $12.88 
Accessories,Unisex,Adult,Trail Running,Cap,JY0568,TRX 5P CAP GRPH AURIVY/PRETEA/WHITE,,,4068808211437,197625983761,OSFL, 16.0 , 32.0 ,USD,0, $12.88 
Accessories,Unisex,Adult,Hiking,Backpack,IW8702,TRX AR BACKPACK BLACK/WHITE,Black,,4067896886541,197610859972,NS, 55.0 , 110.0 ,USD,12, $44.28 
Apparel,Unisex,Junior,Originals,Tracksuit Pants,IY4031,FIREBIRD PANTS SELUFU,,,4067895666328,197607827533,XS, 20.0 , 40.0 ,USD,0, $16.10 
Apparel,Unisex,Junior,Originals,Tracksuit Pants,IY4031,FIREBIRD PANTS SELUFU,,,4067895668346,197607827649,S, 20.0 , 40.0 ,USD,39, $16.10 
Apparel,Unisex,Junior,Originals,Tracksuit Pants,IY4031,FIREBIRD PANTS SELUFU,,,4067895668339,197607827632,M, 20.0 , 40.0 ,USD,107, $16.10 
Apparel,Unisex,Junior,Originals,Tracksuit Pants,IY4031,FIREBIRD PANTS SELUFU,,,4067895666311,197607827526,L, 20.0 , 40.0 ,USD,79, $16.10 
Apparel,Unisex,Junior,Originals,Tracksuit Pants,IY4031,FIREBIRD PANTS SELUFU,,,4067895666366,197607827571,XL, 20.0 , 40.0 ,USD,30, $16.10 
Apparel,Womens,Adult,Running,Tights (7/8),JV7211,OTR 7/8 L PREVIO,,,4068808237826,197626040944,2XS, 32.5 , 65.0 ,USD,0, $26.16 
Apparel,Womens,Adult,Running,Tights (7/8),JV7211,OTR 7/8 L PREVIO,,,4068808237789,197626040906,XS, 32.5 , 65.0 ,USD,20, $26.16 
Apparel,Womens,Adult,Running,Tights (7/8),JV7211,OTR 7/8 L PREVIO,,,4068808237758,197626040876,S, 32.5 , 65.0 ,USD,28, $26.16 
Apparel,Womens,Adult,Running,Tights (7/8),JV7211,OTR 7/8 L PREVIO,,,4068808241465,197626040982,M, 32.5 , 65.0 ,USD,28, $26.16 
Apparel,Womens,Adult,Running,Tights (7/8),JV7211,OTR 7/8 L PREVIO,,,4068808241458,197626040975,L, 32.5 , 65.0 ,USD,24, $26.16 
Apparel,Womens,Adult,Running,Tights (7/8),JV7211,OTR 7/8 L PREVIO,,,4068808237727,197626040845,XL, 32.5 , 65.0 ,USD,4, $26.16 
Apparel,Womens,Adult,Running,Tights (7/8),JV7211,OTR 7/8 L PREVIO,,,4068808237697,197626040807,2XL, 32.5 , 65.0 ,USD,0, $26.16 
Apparel,Mens,Adult,Soccer,Graphic T (Short Sl),JM3550,MESSI N&N G T EASPNK,Pink,,4067891597510,197613829781,XS, 17.5 , 35.0 ,USD,0, $14.09 
Apparel,Mens,Adult,Soccer,Graphic T (Short Sl),JM3550,MESSI N&N G T EASPNK,Pink,,4067891597404,197613829675,S, 17.5 , 35.0 ,USD,0, $14.09 
Apparel,Mens,Adult,Soccer,Graphic T (Short Sl),JM3550,MESSI N&N G T EASPNK,Pink,,4067891597343,197613829613,M, 17.5 , 35.0 ,USD,0, $14.09 
Apparel,Mens,Adult,Soccer,Graphic T (Short Sl),JM3550,MESSI N&N G T EASPNK,Pink,,4067891597350,197613829620,L, 17.5 , 35.0 ,USD,10, $14.09 
Apparel,Mens,Adult,Soccer,Graphic T (Short Sl),JM3550,MESSI N&N G T EASPNK,Pink,,4067891597374,197613829644,XL, 17.5 , 35.0 ,USD,0, $14.09 
Apparel,Mens,Adult,Soccer,Graphic T (Short Sl),JM3550,MESSI N&N G T EASPNK,Pink,,4067891597336,197613826001,2XL, 17.5 , 35.0 ,USD,0, $14.09 
Apparel,Mens,Adult,Soccer,Graphic T (Short Sl),JM3550,MESSI N&N G T EASPNK,Pink,,4067891597428,197613829699,3XL, 17.5 , 35.0 ,USD,0, $14.09 
Apparel,Mens,Adult,Soccer,Graphic T (Short Sl),JM3550,MESSI N&N G T EASPNK,Pink,,4067891597473,197613829743,4XL, 17.5 , 35.0 ,USD,0, $14.09 
Apparel,Unisex,Junior,Originals,Track Top,IY4034,FIREBIRD TOP SELUFU,,,4067895654745,197607813079,XS, 25.0 , 50.0 ,USD,0, $20.13 
Apparel,Unisex,Junior,Originals,Track Top,IY4034,FIREBIRD TOP SELUFU,,,4067895654769,197607813093,S, 25.0 , 50.0 ,USD,16, $20.13 
Apparel,Unisex,Junior,Originals,Track Top,IY4034,FIREBIRD TOP SELUFU,,,4067895654806,197607813130,M, 25.0 , 50.0 ,USD,80, $20.13 
Apparel,Unisex,Junior,Originals,Track Top,IY4034,FIREBIRD TOP SELUFU,,,4067895654783,197607813116,L, 25.0 , 50.0 ,USD,107, $20.13 
Apparel,Unisex,Junior,Originals,Track Top,IY4034,FIREBIRD TOP SELUFU,,,4067895654844,197607813178,XL, 25.0 , 50.0 ,USD,44, $20.13 
Apparel,Womens,Adult,Hiking,Tights (1/1),JC8196,MULTI SYNT TI W BLACK,Black,,4068807146815,197617197510,2XS, 25.0 , 50.0 ,USD,0, $20.13 
Apparel,Womens,Adult,Hiking,Tights (1/1),JC8196,MULTI SYNT TI W BLACK,Black,,4068807146822,197617197527,XS, 25.0 , 50.0 ,USD,4, $20.13 
Apparel,Womens,Adult,Hiking,Tights (1/1),JC8196,MULTI SYNT TI W BLACK,Black,,4068807146839,197617197534,S, 25.0 , 50.0 ,USD,15, $20.13 
Apparel,Womens,Adult,Hiking,Tights (1/1),JC8196,MULTI SYNT TI W BLACK,Black,,4068807146778,197617197473,M, 25.0 , 50.0 ,USD,21, $20.13 
Apparel,Womens,Adult,Hiking,Tights (1/1),JC8196,MULTI SYNT TI W BLACK,Black,,4068807146853,197617201187,L, 25.0 , 50.0 ,USD,17, $20.13 
Apparel,Womens,Adult,Hiking,Tights (1/1),JC8196,MULTI SYNT TI W BLACK,Black,,4068807146792,197617197497,XL, 25.0 , 50.0 ,USD,11, $20.13 
Footwear,Mens,Adult,Originals,Shoes - Low (No-Fb),JI3215,SAMBA OG CGREEN/CREWHT/GUM5,Green,,4067888335262,196479192435,4, 55.0 , 100.0 ,USD,0, $44.28 
Footwear,Mens,Adult,Originals,Shoes - Low (No-Fb),JI3215,SAMBA OG CGREEN/CREWHT/GUM5,Green,,4067888331578,196479192343,4-, 55.0 , 100.0 ,USD,0, $44.28 
Footwear,Mens,Adult,Originals,Shoes - Low (No-Fb),JI3215,SAMBA OG CGREEN/CREWHT/GUM5,Green,,4067888331585,196479192350,5, 55.0 , 100.0 ,USD,0, $44.28 
Footwear,Mens,Adult,Originals,Shoes - Low (No-Fb),JI3215,SAMBA OG CGREEN/CREWHT/GUM5,Green,,4067888331523,196479192299,5-, 55.0 , 100.0 ,USD,0, $44.28 
Footwear,Mens,Adult,Originals,Shoes - Low (No-Fb),JI3215,SAMBA OG CGREEN/CREWHT/GUM5,Green,,4067888331554,196479192329,6, 55.0 , 100.0 ,USD,0, $44.28 
Footwear,Mens,Adult,Originals,Shoes - Low (No-Fb),JI3215,SAMBA OG CGREEN/CREWHT/GUM5,Green,,4067888335279,196479192442,6-, 55.0 , 100.0 ,USD,0, $44.28 
Footwear,Mens,Adult,Originals,Shoes - Low (No-Fb),JI3215,SAMBA OG CGREEN/CREWHT/GUM5,Green,,4067888331530,196479192305,7, 55.0 , 100.0 ,USD,0, $44.28 
Footwear,Mens,Adult,Originals,Shoes - Low (No-Fb),JI3215,SAMBA OG CGREEN/CREWHT/GUM5,Green,,4067888335255,196479192428,7-, 55.0 , 100.0 ,USD,0, $44.28 
Footwear,Mens,Adult,Originals,Shoes - Low (No-Fb),JI3215,SAMBA OG CGREEN/CREWHT/GUM5,Green,,4067888335231,196479192411,8, 55.0 , 100.0 ,USD,0, $44.28 
Footwear,Mens,Adult,Originals,Shoes - Low (No-Fb),JI3215,SAMBA OG CGREEN/CREWHT/GUM5,Green,,4067888331493,196479192251,8-, 55.0 , 100.0 ,USD,0, $44.28 
Footwear,Mens,Adult,Originals,Shoes - Low (No-Fb),JI3215,SAMBA OG CGREEN/CREWHT/GUM5,Green,,4067888331547,196479192312,9, 55.0 , 100.0 ,USD,0, $44.28 
Footwear,Mens,Adult,Originals,Shoes - Low (No-Fb),JI3215,SAMBA OG CGREEN/CREWHT/GUM5,Green,,4067888331516,196479192275,9-, 55.0 , 100.0 ,USD,2, $44.28 
Footwear,Mens,Adult,Originals,Shoes - Low (No-Fb),JI3215,SAMBA OG CGREEN/CREWHT/GUM5,Green,,4067888335248,196479192381,10, 55.0 , 100.0 ,USD,0, $44.28 
Footwear,Mens,Adult,Originals,Shoes - Low (No-Fb),JI3215,SAMBA OG CGREEN/CREWHT/GUM5,Green,,4067888335224,196479192404,10-, 55.0 , 100.0 ,USD,5, $44.28 
Footwear,Mens,Adult,Originals,Shoes - Low (No-Fb),JI3215,SAMBA OG CGREEN/CREWHT/GUM5,Green,,4067888335286,196479192459,11, 55.0 , 100.0 ,USD,0, $44.28 
Footwear,Mens,Adult,Originals,Shoes - Low (No-Fb),JI3215,SAMBA OG CGREEN/CREWHT/GUM5,Green,,4067888331608,196479192374,11-, 55.0 , 100.0 ,USD,1, $44.28 
Footwear,Mens,Adult,Originals,Shoes - Low (No-Fb),JI3215,SAMBA OG CGREEN/CREWHT/GUM5,Green,,4067888335217,196479192398,12, 55.0 , 100.0 ,USD,2, $44.28 
Footwear,Mens,Adult,Originals,Shoes - Low (No-Fb),JI3215,SAMBA OG CGREEN/CREWHT/GUM5,Green,,4067888331486,196479192282,12-, 55.0 , 100.0 ,USD,0, $44.28 
Footwear,Mens,Adult,Originals,Shoes - Low (No-Fb),JI3215,SAMBA OG CGREEN/CREWHT/GUM5,Green,,4067888331509,196479192268,13, 55.0 , 100.0 ,USD,1, $44.28 
Footwear,Mens,Adult,Originals,Shoes - Low (No-Fb),JI3215,SAMBA OG CGREEN/CREWHT/GUM5,Green,,4067888331592,196479192367,13-, 55.0 , 100.0 ,USD,0, $44.28 
Footwear,Mens,Adult,Originals,Shoes - Low (No-Fb),JI3215,SAMBA OG CGREEN/CREWHT/GUM5,Green,,4067888331479,196479188643,14, 55.0 , 100.0 ,USD,0, $44.28 
Apparel,Mens,Adult,Basketball,Shorts (1/2),IC2453,3-STRIPES SHORT METGRY/WHITE,,,4066755800308,196464340278,"XS5""", 17.5 , 35.0 ,USD,0, $14.09 
Apparel,Mens,Adult,Basketball,Shorts (1/2),IC2453,3-STRIPES SHORT METGRY/WHITE,,,4066755796601,196464340162,"S 5""", 17.5 , 35.0 ,USD,0, $14.09 
Apparel,Mens,Adult,Basketball,Shorts (1/2),IC2453,3-STRIPES SHORT METGRY/WHITE,,,4066755796441,196464336417,"M 5""", 17.5 , 35.0 ,USD,0, $14.09 
Apparel,Mens,Adult,Basketball,Shorts (1/2),IC2453,3-STRIPES SHORT METGRY/WHITE,,,4066755796458,196464336424,"L 5""", 17.5 , 35.0 ,USD,0, $14.09 
Apparel,Mens,Adult,Basketball,Shorts (1/2),IC2453,3-STRIPES SHORT METGRY/WHITE,,,4066755796595,196464340179,"XL5""", 17.5 , 35.0 ,USD,0, $14.09 
Apparel,Mens,Adult,Basketball,Shorts (1/2),IC2453,3-STRIPES SHORT METGRY/WHITE,,,4066755796496,196464336462,2XL5, 17.5 , 35.0 ,USD,0, $14.09 
Apparel,Mens,Adult,Basketball,Shorts (1/2),IC2453,3-STRIPES SHORT METGRY/WHITE,,,4066756994853,196464415372,"XS7""", 17.5 , 35.0 ,USD,0, $14.09 
Apparel,Mens,Adult,Basketball,Shorts (1/2),IC2453,3-STRIPES SHORT METGRY/WHITE,,,4066756994860,196464415389,"S 7""", 17.5 , 35.0 ,USD,300+, $14.09 
Apparel,Mens,Adult,Basketball,Shorts (1/2),IC2453,3-STRIPES SHORT METGRY/WHITE,,,4066755796502,196464336479,"M 7""", 17.5 , 35.0 ,USD,300+, $14.09 
Apparel,Mens,Adult,Basketball,Shorts (1/2),IC2453,3-STRIPES SHORT METGRY/WHITE,,,4066756998509,196464415396,"L 7""", 17.5 , 35.0 ,USD,300+, $14.09 
Apparel,Mens,Adult,Basketball,Shorts (1/2),IC2453,3-STRIPES SHORT METGRY/WHITE,,,4066756998486,196464415419,"XL7""", 17.5 , 35.0 ,USD,300+, $14.09 
Apparel,Mens,Adult,Basketball,Shorts (1/2),IC2453,3-STRIPES SHORT METGRY/WHITE,,,4066756998479,196464415402,2XL7, 17.5 , 35.0 ,USD,169, $14.09 
Apparel,Mens,Adult,Basketball,Shorts (1/2),IC2453,3-STRIPES SHORT METGRY/WHITE,,,4066755796489,196464336455,3XL7, 17.5 , 35.0 ,USD,0, $14.09 
Apparel,Mens,Adult,Basketball,Shorts (1/2),IC2453,3-STRIPES SHORT METGRY/WHITE,,,4066755800360,196464340339,4XL7, 17.5 , 35.0 ,USD,0, $14.09 
Apparel,Mens,Adult,Basketball,Shorts (1/2),IC2453,3-STRIPES SHORT METGRY/WHITE,,,4066755800315,196464340285,"XS9""", 17.5 , 35.0 ,USD,0, $14.09 
Apparel,Mens,Adult,Basketball,Shorts (1/2),IC2453,3-STRIPES SHORT METGRY/WHITE,,,4066755800254,196464340230,"S 9""", 17.5 , 35.0 ,USD,0, $14.09 
Apparel,Mens,Adult,Basketball,Shorts (1/2),IC2453,3-STRIPES SHORT METGRY/WHITE,,,4066755792788,196464336349,"M 9""", 17.5 , 35.0 ,USD,0, $14.09 
Apparel,Mens,Adult,Basketball,Shorts (1/2),IC2453,3-STRIPES SHORT METGRY/WHITE,,,4066755796533,196464336509,"L 9""", 17.5 , 35.0 ,USD,0, $14.09 
Apparel,Mens,Adult,Basketball,Shorts (1/2),IC2453,3-STRIPES SHORT METGRY/WHITE,,,4066755792771,196464336332,"XL9""", 17.5 , 35.0 ,USD,0, $14.09 
Apparel,Mens,Adult,Basketball,Shorts (1/2),IC2453,3-STRIPES SHORT METGRY/WHITE,,,4066755800377,196464340346,2XL9, 17.5 , 35.0 ,USD,0, $14.09 
Apparel,Mens,Adult,Basketball,Shorts (1/2),IC2453,3-STRIPES SHORT METGRY/WHITE,,,4066755800339,196464340308,3XL9, 17.5 , 35.0 ,USD,0, $14.09 
Apparel,Mens,Adult,Basketball,Shorts (1/2),IC2453,3-STRIPES SHORT METGRY/WHITE,,,4066755796557,196464336523,4XL9, 17.5 , 35.0 ,USD,0, $14.09 
Apparel,Mens,Adult,Basketball,Shorts (1/2),IC2453,3-STRIPES SHORT METGRY/WHITE,,,4066755796410,196464336394,XS11, 17.5 , 35.0 ,USD,0, $14.09 
Apparel,Mens,Adult,Basketball,Shorts (1/2),IC2453,3-STRIPES SHORT METGRY/WHITE,,,4066755796625,196464340193,"S11""", 17.5 , 35.0 ,USD,0, $14.09 
Apparel,Mens,Adult,Basketball,Shorts (1/2),IC2453,3-STRIPES SHORT METGRY/WHITE,,,4066755796632,196464340209,"M11""", 17.5 , 35.0 ,USD,0, $14.09 
Apparel,Mens,Adult,Basketball,Shorts (1/2),IC2453,3-STRIPES SHORT METGRY/WHITE,,,4066755800292,196464340261,"L11""", 17.5 , 35.0 ,USD,0, $14.09 
Apparel,Mens,Adult,Basketball,Shorts (1/2),IC2453,3-STRIPES SHORT METGRY/WHITE,,,4066755796571,196464336547,XL11, 17.5 , 35.0 ,USD,0, $14.09 
Apparel,Mens,Adult,Basketball,Shorts (1/2),IC2453,3-STRIPES SHORT METGRY/WHITE,,,4066755792726,196464332693,2X11, 17.5 , 35.0 ,USD,0, $14.09 
Accessories,Unisex,Adult,Hiking,Other Bag,JD3432,TRX MT ORGANIZE DSHGRY/BLACK,,,4067891618451,197611909645,NS, 15.0 , 30.0 ,USD,10, $12.08 
Footwear,Womens,Adult,Originals,Shoes - Low (No-Fb),JR3797,CAMPUS 00s W EASMIN/CREWHT/SEFLAQ,Green,,4067905346424,197621926571,5, 60.5 , 110.0 ,USD,0, $48.70 
Footwear,Womens,Adult,Originals,Shoes - Low (No-Fb),JR3797,CAMPUS 00s W EASMIN/CREWHT/SEFLAQ,Green,,4067905350070,197621926625,5-, 60.5 , 110.0 ,USD,0, $48.70 
Footwear,Womens,Adult,Originals,Shoes - Low (No-Fb),JR3797,CAMPUS 00s W EASMIN/CREWHT/SEFLAQ,Green,,4067905350148,197621926694,6, 60.5 , 110.0 ,USD,202, $48.70 
Footwear,Womens,Adult,Originals,Shoes - Low (No-Fb),JR3797,CAMPUS 00s W EASMIN/CREWHT/SEFLAQ,Green,,4067905346417,197621926564,6-, 60.5 , 110.0 ,USD,239, $48.70 
Footwear,Womens,Adult,Originals,Shoes - Low (No-Fb),JR3797,CAMPUS 00s W EASMIN/CREWHT/SEFLAQ,Green,,4067905350100,197621926656,7, 60.5 , 110.0 ,USD,300+, $48.70 
Footwear,Womens,Adult,Originals,Shoes - Low (No-Fb),JR3797,CAMPUS 00s W EASMIN/CREWHT/SEFLAQ,Green,,4067905346448,197621926595,7-, 60.5 , 110.0 ,USD,300+, $48.70 
Footwear,Womens,Adult,Originals,Shoes - Low (No-Fb),JR3797,CAMPUS 00s W EASMIN/CREWHT/SEFLAQ,Green,,4067905350087,197621926632,8, 60.5 , 110.0 ,USD,300+, $48.70 
Footwear,Womens,Adult,Originals,Shoes - Low (No-Fb),JR3797,CAMPUS 00s W EASMIN/CREWHT/SEFLAQ,Green,,4067905346455,197621926601,8-, 60.5 , 110.0 ,USD,300+, $48.70 
Footwear,Womens,Adult,Originals,Shoes - Low (No-Fb),JR3797,CAMPUS 00s W EASMIN/CREWHT/SEFLAQ,Green,,4067905346462,197621926618,9, 60.5 , 110.0 ,USD,300+, $48.70 
Footwear,Womens,Adult,Originals,Shoes - Low (No-Fb),JR3797,CAMPUS 00s W EASMIN/CREWHT/SEFLAQ,Green,,4067905350117,197621926663,9-, 60.5 , 110.0 ,USD,300+, $48.70 
Footwear,Womens,Adult,Originals,Shoes - Low (No-Fb),JR3797,CAMPUS 00s W EASMIN/CREWHT/SEFLAQ,Green,,4067905346431,197621926588,10, 60.5 , 110.0 ,USD,256, $48.70 
Footwear,Womens,Adult,Originals,Shoes - Low (No-Fb),JR3797,CAMPUS 00s W EASMIN/CREWHT/SEFLAQ,Green,,4067905350094,197621926649,10-, 60.5 , 110.0 ,USD,0, $48.70 
Footwear,Womens,Adult,Originals,Shoes - Low (No-Fb),JR3797,CAMPUS 00s W EASMIN/CREWHT/SEFLAQ,Green,,4067905350124,197621926670,11, 60.5 , 110.0 ,USD,0, $48.70 
Apparel,Mens,Adult,Originals,T-Shirt (Short Sl.),IZ2105,ESS TEE OLISTR,,,4067894592796,196479585183,XS, 15.0 , 30.0 ,USD,0, $12.08 
Apparel,Mens,Adult,Originals,T-Shirt (Short Sl.),IZ2105,ESS TEE OLISTR,,,4067894621991,196479588931,S, 15.0 , 30.0 ,USD,300+, $12.08 
Apparel,Mens,Adult,Originals,T-Shirt (Short Sl.),IZ2105,ESS TEE OLISTR,,,4067894621892,196479585237,M, 15.0 , 30.0 ,USD,243, $12.08 
Apparel,Mens,Adult,Originals,T-Shirt (Short Sl.),IZ2105,ESS TEE OLISTR,,,4067894592772,196479585169,L, 15.0 , 30.0 ,USD,152, $12.08 
Apparel,Mens,Adult,Originals,T-Shirt (Short Sl.),IZ2105,ESS TEE OLISTR,,,4067894621946,196479588870,XL, 15.0 , 30.0 ,USD,91, $12.08 
Apparel,Mens,Adult,Originals,T-Shirt (Short Sl.),IZ2105,ESS TEE OLISTR,,,4067894621922,196479588894,2XL, 15.0 , 30.0 ,USD,86, $12.08 
Footwear,Mens,Adult,Originals,Shoes - Low (No-Fb),JH8789,CAMPUS 00s EARSTR/FTWWHT/GUM3,,,4067904980056,196479079514,4, 60.5 , 110.0 ,USD,0, $48.70 
Footwear,Mens,Adult,Originals,Shoes - Low (No-Fb),JH8789,CAMPUS 00s EARSTR/FTWWHT/GUM3,,,4067904980100,196479079569,4-, 60.5 , 110.0 ,USD,0, $48.70 
Footwear,Mens,Adult,Originals,Shoes - Low (No-Fb),JH8789,CAMPUS 00s EARSTR/FTWWHT/GUM3,,,4067904980049,196479079507,5, 60.5 , 110.0 ,USD,0, $48.70 
Footwear,Mens,Adult,Originals,Shoes - Low (No-Fb),JH8789,CAMPUS 00s EARSTR/FTWWHT/GUM3,,,4067904980117,196479079576,5-, 60.5 , 110.0 ,USD,0, $48.70 
Footwear,Mens,Adult,Originals,Shoes - Low (No-Fb),JH8789,CAMPUS 00s EARSTR/FTWWHT/GUM3,,,4067904980070,196479079538,6, 60.5 , 110.0 ,USD,0, $48.70 
Footwear,Mens,Adult,Originals,Shoes - Low (No-Fb),JH8789,CAMPUS 00s EARSTR/FTWWHT/GUM3,,,4067904980193,196479083252,6-, 60.5 , 110.0 ,USD,0, $48.70 
Footwear,Mens,Adult,Originals,Shoes - Low (No-Fb),JH8789,CAMPUS 00s EARSTR/FTWWHT/GUM3,,,4067904980001,196479079477,7, 60.5 , 110.0 ,USD,0, $48.70 
Footwear,Mens,Adult,Originals,Shoes - Low (No-Fb),JH8789,CAMPUS 00s EARSTR/FTWWHT/GUM3,,,4067904980018,196479079484,7-, 60.5 , 110.0 ,USD,1, $48.70 
Footwear,Mens,Adult,Originals,Shoes - Low (No-Fb),JH8789,CAMPUS 00s EARSTR/FTWWHT/GUM3,,,4067904980032,196479079460,8, 60.5 , 110.0 ,USD,0, $48.70 
Footwear,Mens,Adult,Originals,Shoes - Low (No-Fb),JH8789,CAMPUS 00s EARSTR/FTWWHT/GUM3,,,4067904980179,196479083238,8-, 60.5 , 110.0 ,USD,0, $48.70 
Footwear,Mens,Adult,Originals,Shoes - Low (No-Fb),JH8789,CAMPUS 00s EARSTR/FTWWHT/GUM3,,,4067904980094,196479079552,9, 60.5 , 110.0 ,USD,0, $48.70 
Footwear,Mens,Adult,Originals,Shoes - Low (No-Fb),JH8789,CAMPUS 00s EARSTR/FTWWHT/GUM3,,,4067904980148,196479083191,9-, 60.5 , 110.0 ,USD,0, $48.70 
Footwear,Mens,Adult,Originals,Shoes - Low (No-Fb),JH8789,CAMPUS 00s EARSTR/FTWWHT/GUM3,,,4067904980087,196479079545,10, 60.5 , 110.0 ,USD,0, $48.70 
Footwear,Mens,Adult,Originals,Shoes - Low (No-Fb),JH8789,CAMPUS 00s EARSTR/FTWWHT/GUM3,,,4067904980216,196479083276,10-, 60.5 , 110.0 ,USD,0, $48.70 
Footwear,Mens,Adult,Originals,Shoes - Low (No-Fb),JH8789,CAMPUS 00s EARSTR/FTWWHT/GUM3,,,4067904980124,196479079583,11, 60.5 , 110.0 ,USD,0, $48.70 
Footwear,Mens,Adult,Originals,Shoes - Low (No-Fb),JH8789,CAMPUS 00s EARSTR/FTWWHT/GUM3,,,4067904980209,196479083269,11-, 60.5 , 110.0 ,USD,0, $48.70 
Footwear,Mens,Adult,Originals,Shoes - Low (No-Fb),JH8789,CAMPUS 00s EARSTR/FTWWHT/GUM3,,,4067904980155,196479083207,12, 60.5 , 110.0 ,USD,0, $48.70 
Footwear,Mens,Adult,Originals,Shoes - Low (No-Fb),JH8789,CAMPUS 00s EARSTR/FTWWHT/GUM3,,,4067904980025,196479079491,12-, 60.5 , 110.0 ,USD,0, $48.70 
Footwear,Mens,Adult,Originals,Shoes - Low (No-Fb),JH8789,CAMPUS 00s EARSTR/FTWWHT/GUM3,,,4067904980063,196479079521,13, 60.5 , 110.0 ,USD,1, $48.70 
Footwear,Mens,Adult,Originals,Shoes - Low (No-Fb),JH8789,CAMPUS 00s EARSTR/FTWWHT/GUM3,,,4067904980186,196479083245,13-, 60.5 , 110.0 ,USD,0, $48.70 
Footwear,Mens,Adult,Originals,Shoes - Low (No-Fb),JH8789,CAMPUS 00s EARSTR/FTWWHT/GUM3,,,4067904980131,196479083221,14, 60.5 , 110.0 ,USD,0, $48.70 
Footwear,Mens,Adult,Tennis,Shoes - Low (No-Fb),JR1499,Barricade 13 M NM CWHITE/CBLACK/AURPLU,White,,4068803771073,197620538010,6-, 88.0 , 160.0 ,USD,0, $70.84 
Footwear,Mens,Adult,Tennis,Shoes - Low (No-Fb),JR1499,Barricade 13 M NM CWHITE/CBLACK/AURPLU,White,,4068803771080,197620538027,7, 88.0 , 160.0 ,USD,0, $70.84 
Footwear,Mens,Adult,Tennis,Shoes - Low (No-Fb),JR1499,Barricade 13 M NM CWHITE/CBLACK/AURPLU,White,,4068803772650,197620541751,7-, 88.0 , 160.0 ,USD,0, $70.84 
Footwear,Mens,Adult,Tennis,Shoes - Low (No-Fb),JR1499,Barricade 13 M NM CWHITE/CBLACK/AURPLU,White,,4068803771097,197620538034,8, 88.0 , 160.0 ,USD,0, $70.84 
Footwear,Mens,Adult,Tennis,Shoes - Low (No-Fb),JR1499,Barricade 13 M NM CWHITE/CBLACK/AURPLU,White,,4068803772582,197620541690,8-, 88.0 , 160.0 ,USD,0, $70.84 
Footwear,Mens,Adult,Tennis,Shoes - Low (No-Fb),JR1499,Barricade 13 M NM CWHITE/CBLACK/AURPLU,White,,4068803772612,197620538089,9, 88.0 , 160.0 ,USD,0, $70.84 
Footwear,Mens,Adult,Tennis,Shoes - Low (No-Fb),JR1499,Barricade 13 M NM CWHITE/CBLACK/AURPLU,White,,4068803771066,197620538003,9-, 88.0 , 160.0 ,USD,0, $70.84 
Footwear,Mens,Adult,Tennis,Shoes - Low (No-Fb),JR1499,Barricade 13 M NM CWHITE/CBLACK/AURPLU,White,,4068803772636,197620541737,10, 88.0 , 160.0 ,USD,0, $70.84 
Footwear,Mens,Adult,Tennis,Shoes - Low (No-Fb),JR1499,Barricade 13 M NM CWHITE/CBLACK/AURPLU,White,,4068803772629,197620541720,10-, 88.0 , 160.0 ,USD,0, $70.84 
Footwear,Mens,Adult,Tennis,Shoes - Low (No-Fb),JR1499,Barricade 13 M NM CWHITE/CBLACK/AURPLU,White,,4068803772667,197620541768,11, 88.0 , 160.0 ,USD,0, $70.84 
Footwear,Mens,Adult,Tennis,Shoes - Low (No-Fb),JR1499,Barricade 13 M NM CWHITE/CBLACK/AURPLU,White,,4068803771059,197620537990,11-, 88.0 , 160.0 ,USD,0, $70.84 
Footwear,Mens,Adult,Tennis,Shoes - Low (No-Fb),JR1499,Barricade 13 M NM CWHITE/CBLACK/AURPLU,White,,4068803771134,197620538072,12, 88.0 , 160.0 ,USD,0, $70.84 
Footwear,Mens,Adult,Tennis,Shoes - Low (No-Fb),JR1499,Barricade 13 M NM CWHITE/CBLACK/AURPLU,White,,4068803771110,197620538058,12-, 88.0 , 160.0 ,USD,0, $70.84 
Footwear,Mens,Adult,Tennis,Shoes - Low (No-Fb),JR1499,Barricade 13 M NM CWHITE/CBLACK/AURPLU,White,,4068803772643,197620541744,13, 88.0 , 160.0 ,USD,0, $70.84 
Footwear,Mens,Adult,Tennis,Shoes - Low (No-Fb),JR1499,Barricade 13 M NM CWHITE/CBLACK/AURPLU,White,,4068803772599,197620541706,13-, 88.0 , 160.0 ,USD,0, $70.84 
Footwear,Mens,Adult,Tennis,Shoes - Low (No-Fb),JR1499,Barricade 13 M NM CWHITE/CBLACK/AURPLU,White,,4068803771127,197620538065,14, 88.0 , 160.0 ,USD,2, $70.84 
Footwear,Mens,Adult,Tennis,Shoes - Low (No-Fb),JR1499,Barricade 13 M NM CWHITE/CBLACK/AURPLU,White,,4068803772605,197620541713,14-, 88.0 , 160.0 ,USD,0, $70.84 
Footwear,Mens,Adult,Tennis,Shoes - Low (No-Fb),JR1499,Barricade 13 M NM CWHITE/CBLACK/AURPLU,White,,4068803771103,197620538041,16, 88.0 , 160.0 ,USD,0, $70.84 
Footwear,Womens,Adult,Originals,Shoes - Low (No-Fb),JR3796,CAMPUS 00s W BAHGLO/CREWHT/FTWWHT,Green,,4067905350230,197621930387,5, 60.5 , 110.0 ,USD,0, $48.70 
Footwear,Womens,Adult,Originals,Shoes - Low (No-Fb),JR3796,CAMPUS 00s W BAHGLO/CREWHT/FTWWHT,Green,,4067905350254,197621930400,5-, 60.5 , 110.0 ,USD,0, $48.70 
Footwear,Womens,Adult,Originals,Shoes - Low (No-Fb),JR3796,CAMPUS 00s W BAHGLO/CREWHT/FTWWHT,Green,,4067905350186,197621930325,6, 60.5 , 110.0 ,USD,17, $48.70 
Footwear,Womens,Adult,Originals,Shoes - Low (No-Fb),JR3796,CAMPUS 00s W BAHGLO/CREWHT/FTWWHT,Green,,4067905350223,197621930370,6-, 60.5 , 110.0 ,USD,33, $48.70 
Footwear,Womens,Adult,Originals,Shoes - Low (No-Fb),JR3796,CAMPUS 00s W BAHGLO/CREWHT/FTWWHT,Green,,4067905350216,197621930363,7, 60.5 , 110.0 ,USD,27, $48.70 
Footwear,Womens,Adult,Originals,Shoes - Low (No-Fb),JR3796,CAMPUS 00s W BAHGLO/CREWHT/FTWWHT,Green,,4067905350261,197621930417,7-, 60.5 , 110.0 ,USD,8, $48.70 
Footwear,Womens,Adult,Originals,Shoes - Low (No-Fb),JR3796,CAMPUS 00s W BAHGLO/CREWHT/FTWWHT,Green,,4067905350209,197621930349,8, 60.5 , 110.0 ,USD,16, $48.70 
Footwear,Womens,Adult,Originals,Shoes - Low (No-Fb),JR3796,CAMPUS 00s W BAHGLO/CREWHT/FTWWHT,Green,,4067905350193,197621930332,8-, 60.5 , 110.0 ,USD,20, $48.70 
Footwear,Womens,Adult,Originals,Shoes - Low (No-Fb),JR3796,CAMPUS 00s W BAHGLO/CREWHT/FTWWHT,Green,,4067905350162,197621926717,9, 60.5 , 110.0 ,USD,7, $48.70 
Footwear,Womens,Adult,Originals,Shoes - Low (No-Fb),JR3796,CAMPUS 00s W BAHGLO/CREWHT/FTWWHT,Green,,4067905350278,197621930424,9-, 60.5 , 110.0 ,USD,5, $48.70 
Footwear,Womens,Adult,Originals,Shoes - Low (No-Fb),JR3796,CAMPUS 00s W BAHGLO/CREWHT/FTWWHT,Green,,4067905350247,197621930394,10, 60.5 , 110.0 ,USD,13, $48.70 
Footwear,Womens,Adult,Originals,Shoes - Low (No-Fb),JR3796,CAMPUS 00s W BAHGLO/CREWHT/FTWWHT,Green,,4067905350155,197621926700,10-, 60.5 , 110.0 ,USD,0, $48.70 
Footwear,Womens,Adult,Originals,Shoes - Low (No-Fb),JR3796,CAMPUS 00s W BAHGLO/CREWHT/FTWWHT,Green,,4067905350179,197621930356,11, 60.5 , 110.0 ,USD,5, $48.70 
Accessories,Unisex,Adult,Training,Arm Warmers,HY4630,A.RDY  SLEEVE BLACK,Black,,4066752142630,196460430362,S, 12.5 , 25.0 ,USD,23, $10.06 
Accessories,Unisex,Adult,Training,Arm Warmers,HY4630,A.RDY  SLEEVE BLACK,Black,,4066752142647,196460430379,M, 12.5 , 25.0 ,USD,3, $10.06 
Accessories,Unisex,Adult,Training,Arm Warmers,HY4630,A.RDY  SLEEVE BLACK,Black,,4066752142623,196460430355,L, 12.5 , 25.0 ,USD,23, $10.06 
Accessories,Unisex,Adult,Training,Arm Warmers,HY4630,A.RDY  SLEEVE BLACK,Black,,4066752142654,196460430393,XL, 12.5 , 25.0 ,USD,0, $10.06 
Apparel,Womens,Junior,Originals,Pants (1/1),IX7632,WIDE PANTS BLACK,Black,,4067894021821,196479795216,XS, 20.0 , 40.0 ,USD,0, $16.10 
Apparel,Womens,Junior,Originals,Pants (1/1),IX7632,WIDE PANTS BLACK,Black,,4067894021814,196479795209,S, 20.0 , 40.0 ,USD,74, $16.10 
Apparel,Womens,Junior,Originals,Pants (1/1),IX7632,WIDE PANTS BLACK,Black,,4067894025447,196479795247,M, 20.0 , 40.0 ,USD,162, $16.10 
Apparel,Womens,Junior,Originals,Pants (1/1),IX7632,WIDE PANTS BLACK,Black,,4067894021838,196479795223,L, 20.0 , 40.0 ,USD,83, $16.10 
Apparel,Womens,Junior,Originals,Pants (1/1),IX7632,WIDE PANTS BLACK,Black,,4067894021791,196479795186,XL, 20.0 , 40.0 ,USD,25, $16.10 
Apparel,Unisex,Junior,Soccer,Jersey (Short Sl.),HF0120,ENT22 GFXJSYY WHITE/TMLGGR,White,,4065418917988,195737892520,2XS, 11.5 , 23.0 ,USD,0, $9.26 
Apparel,Unisex,Junior,Soccer,Jersey (Short Sl.),HF0120,ENT22 GFXJSYY WHITE/TMLGGR,White,,4065418917926,195737892490,XS, 11.5 , 23.0 ,USD,0, $9.26 
Apparel,Unisex,Junior,Soccer,Jersey (Short Sl.),HF0120,ENT22 GFXJSYY WHITE/TMLGGR,White,,4065418917995,195737892537,S, 11.5 , 23.0 ,USD,10, $9.26 
Apparel,Unisex,Junior,Soccer,Jersey (Short Sl.),HF0120,ENT22 GFXJSYY WHITE/TMLGGR,White,,4065418914277,195737890496,M, 11.5 , 23.0 ,USD,4, $9.26 
Apparel,Unisex,Junior,Soccer,Jersey (Short Sl.),HF0120,ENT22 GFXJSYY WHITE/TMLGGR,White,,4065418917957,195737892483,L, 11.5 , 23.0 ,USD,25, $9.26 
Apparel,Unisex,Junior,Soccer,Jersey (Short Sl.),HF0120,ENT22 GFXJSYY WHITE/TMLGGR,White,,4065427346076,195739439297,XL, 11.5 , 23.0 ,USD,16, $9.26 
Footwear,Womens,Adult,Tennis,Shoes - Low (No-Fb),JQ6351,adizero Ubersonic 5 W NM FTWWHT/POWPLU/AURPLU,White,,4068803772797,197620541898,5, 82.5 , 150.0 ,USD,1, $66.41 
Footwear,Womens,Adult,Tennis,Shoes - Low (No-Fb),JQ6351,adizero Ubersonic 5 W NM FTWWHT/POWPLU/AURPLU,White,,4068803772711,197620541812,5-, 82.5 , 150.0 ,USD,2, $66.41 
Footwear,Womens,Adult,Tennis,Shoes - Low (No-Fb),JQ6351,adizero Ubersonic 5 W NM FTWWHT/POWPLU/AURPLU,White,,4068803772735,197620541836,6, 82.5 , 150.0 ,USD,13, $66.41 
Footwear,Womens,Adult,Tennis,Shoes - Low (No-Fb),JQ6351,adizero Ubersonic 5 W NM FTWWHT/POWPLU/AURPLU,White,,4068803772766,197620541867,6-, 82.5 , 150.0 ,USD,18, $66.41 
Footwear,Womens,Adult,Tennis,Shoes - Low (No-Fb),JQ6351,adizero Ubersonic 5 W NM FTWWHT/POWPLU/AURPLU,White,,4068803772704,197620541805,7, 82.5 , 150.0 ,USD,37, $66.41 
Footwear,Womens,Adult,Tennis,Shoes - Low (No-Fb),JQ6351,adizero Ubersonic 5 W NM FTWWHT/POWPLU/AURPLU,White,,4068803772728,197620541829,7-, 82.5 , 150.0 ,USD,40, $66.41 
Footwear,Womens,Adult,Tennis,Shoes - Low (No-Fb),JQ6351,adizero Ubersonic 5 W NM FTWWHT/POWPLU/AURPLU,White,,4068803772742,197620541843,8, 82.5 , 150.0 ,USD,53, $66.41 
Footwear,Womens,Adult,Tennis,Shoes - Low (No-Fb),JQ6351,adizero Ubersonic 5 W NM FTWWHT/POWPLU/AURPLU,White,,4068803772698,197620541799,8-, 82.5 , 150.0 ,USD,47, $66.41 
Footwear,Womens,Adult,Tennis,Shoes - Low (No-Fb),JQ6351,adizero Ubersonic 5 W NM FTWWHT/POWPLU/AURPLU,White,,4068803772759,197620541850,9, 82.5 , 150.0 ,USD,33, $66.41 
Footwear,Womens,Adult,Tennis,Shoes - Low (No-Fb),JQ6351,adizero Ubersonic 5 W NM FTWWHT/POWPLU/AURPLU,White,,4068803772773,197620541874,9-, 82.5 , 150.0 ,USD,12, $66.41 
Footwear,Womens,Adult,Tennis,Shoes - Low (No-Fb),JQ6351,adizero Ubersonic 5 W NM FTWWHT/POWPLU/AURPLU,White,,4068803772780,197620541881,10, 82.5 , 150.0 ,USD,17, $66.41 
Footwear,Womens,Adult,Tennis,Shoes - Low (No-Fb),JQ6351,adizero Ubersonic 5 W NM FTWWHT/POWPLU/AURPLU,White,,4068803772674,197620541775,10-, 82.5 , 150.0 ,USD,1, $66.41 
Footwear,Womens,Adult,Tennis,Shoes - Low (No-Fb),JQ6351,adizero Ubersonic 5 W NM FTWWHT/POWPLU/AURPLU,White,,4068803772681,197620541782,11, 82.5 , 150.0 ,USD,8, $66.41 
Footwear,Womens,Adult,Tennis,Shoes - Low (No-Fb),JQ6351,adizero Ubersonic 5 W NM FTWWHT/POWPLU/AURPLU,White,,4068803772803,197620541904,11-, 82.5 , 150.0 ,USD,0, $66.41 
Apparel,Womens,Adult,Running,Jacket,JN7144,ULT HIVIS 1/2 W SILGRN,,,4067903879283,197613268719,2XS, 42.5 , 85.0 ,USD,0, $34.21 
Apparel,Womens,Adult,Running,Jacket,JN7144,ULT HIVIS 1/2 W SILGRN,,,4067903879313,197613272334,XS, 42.5 , 85.0 ,USD,27, $34.21 
Apparel,Womens,Adult,Running,Jacket,JN7144,ULT HIVIS 1/2 W SILGRN,,,4067903879306,197613272358,S, 42.5 , 85.0 ,USD,63, $34.21 
Apparel,Womens,Adult,Running,Jacket,JN7144,ULT HIVIS 1/2 W SILGRN,,,4067903879269,197613268696,M, 42.5 , 85.0 ,USD,49, $34.21 
Apparel,Womens,Adult,Running,Jacket,JN7144,ULT HIVIS 1/2 W SILGRN,,,4067903879276,197613268702,L, 42.5 , 85.0 ,USD,14, $34.21 
Apparel,Womens,Adult,Running,Jacket,JN7144,ULT HIVIS 1/2 W SILGRN,,,4067903879290,197613268726,XL, 42.5 , 85.0 ,USD,1, $34.21 
Apparel,Mens,Adult,Not Sports Specific,Tracksuit Jacket,IW8258,M TIRO WM TT SEBLBU,,,4067889437767,196478761137,XS, 30.0 , 60.0 ,USD,0, $24.15 
Apparel,Mens,Adult,Not Sports Specific,Tracksuit Jacket,IW8258,M TIRO WM TT SEBLBU,,,4067889437699,196478761069,S, 30.0 , 60.0 ,USD,9, $24.15 
Apparel,Mens,Adult,Not Sports Specific,Tracksuit Jacket,IW8258,M TIRO WM TT SEBLBU,,,4067889438078,196478761205,M, 30.0 , 60.0 ,USD,23, $24.15 
Apparel,Mens,Adult,Not Sports Specific,Tracksuit Jacket,IW8258,M TIRO WM TT SEBLBU,,,4067889437798,196478761168,L, 30.0 , 60.0 ,USD,20, $24.15 
Apparel,Mens,Adult,Not Sports Specific,Tracksuit Jacket,IW8258,M TIRO WM TT SEBLBU,,,4067889437781,196478761151,XL, 30.0 , 60.0 ,USD,12, $24.15 
Apparel,Mens,Adult,Not Sports Specific,Tracksuit Jacket,IW8258,M TIRO WM TT SEBLBU,,,4067889437668,196478761021,2XL, 30.0 , 60.0 ,USD,2, $24.15 
Apparel,Mens,Adult,Not Sports Specific,Tracksuit Jacket,IW8258,M TIRO WM TT SEBLBU,,,4067889437644,196478761007,ST, 30.0 , 60.0 ,USD,0, $24.15 
Apparel,Mens,Adult,Not Sports Specific,Tracksuit Jacket,IW8258,M TIRO WM TT SEBLBU,,,4067889438085,196478761212,MT, 30.0 , 60.0 ,USD,0, $24.15 
Apparel,Mens,Adult,Not Sports Specific,Tracksuit Jacket,IW8258,M TIRO WM TT SEBLBU,,,4067889437682,196478761052,LT, 30.0 , 60.0 ,USD,0, $24.15 
Apparel,Mens,Adult,Not Sports Specific,Tracksuit Jacket,IW8258,M TIRO WM TT SEBLBU,,,4067889437750,196478761120,XLT, 30.0 , 60.0 ,USD,0, $24.15 
Apparel,Mens,Adult,Not Sports Specific,Tracksuit Jacket,IW8258,M TIRO WM TT SEBLBU,,,4067889437736,196478761106,2XLT, 30.0 , 60.0 ,USD,0, $24.15 
Footwear,Mens,Adult,Originals,Shoes - Low (No-Fb),JI3202,SAMBA OG CWHITE/GREEN/CGREEN,White,,4067888480399,196479109853,4, 55.0 , 100.0 ,USD,1, $44.28 
Footwear,Mens,Adult,Originals,Shoes - Low (No-Fb),JI3202,SAMBA OG CWHITE/GREEN/CGREEN,White,,4067888480450,196479109914,4-, 55.0 , 100.0 ,USD,0, $44.28 
Footwear,Mens,Adult,Originals,Shoes - Low (No-Fb),JI3202,SAMBA OG CWHITE/GREEN/CGREEN,White,,4067888480368,196479109822,5, 55.0 , 100.0 ,USD,0, $44.28 
Footwear,Mens,Adult,Originals,Shoes - Low (No-Fb),JI3202,SAMBA OG CWHITE/GREEN/CGREEN,White,,4067888480429,196479109884,5-, 55.0 , 100.0 ,USD,0, $44.28 
Footwear,Mens,Adult,Originals,Shoes - Low (No-Fb),JI3202,SAMBA OG CWHITE/GREEN/CGREEN,White,,4067888480351,196479109815,6, 55.0 , 100.0 ,USD,0, $44.28 
Footwear,Mens,Adult,Originals,Shoes - Low (No-Fb),JI3202,SAMBA OG CWHITE/GREEN/CGREEN,White,,4067888480320,196479109778,6-, 55.0 , 100.0 ,USD,0, $44.28 
Footwear,Mens,Adult,Originals,Shoes - Low (No-Fb),JI3202,SAMBA OG CWHITE/GREEN/CGREEN,White,,4067888480412,196479109877,7, 55.0 , 100.0 ,USD,0, $44.28 
Footwear,Mens,Adult,Originals,Shoes - Low (No-Fb),JI3202,SAMBA OG CWHITE/GREEN/CGREEN,White,,4067888480337,196479109785,7-, 55.0 , 100.0 ,USD,0, $44.28 
Footwear,Mens,Adult,Originals,Shoes - Low (No-Fb),JI3202,SAMBA OG CWHITE/GREEN/CGREEN,White,,4067888482669,196479109976,8, 55.0 , 100.0 ,USD,0, $44.28 
Footwear,Mens,Adult,Originals,Shoes - Low (No-Fb),JI3202,SAMBA OG CWHITE/GREEN/CGREEN,White,,4067888480375,196479109839,8-, 55.0 , 100.0 ,USD,0, $44.28 
Footwear,Mens,Adult,Originals,Shoes - Low (No-Fb),JI3202,SAMBA OG CWHITE/GREEN/CGREEN,White,,4067888480344,196479109792,9, 55.0 , 100.0 ,USD,0, $44.28 
Footwear,Mens,Adult,Originals,Shoes - Low (No-Fb),JI3202,SAMBA OG CWHITE/GREEN/CGREEN,White,,4067888481198,196479109945,9-, 55.0 , 100.0 ,USD,0, $44.28 
Footwear,Mens,Adult,Originals,Shoes - Low (No-Fb),JI3202,SAMBA OG CWHITE/GREEN/CGREEN,White,,4067888480382,196479109846,10, 55.0 , 100.0 ,USD,0, $44.28 
Footwear,Mens,Adult,Originals,Shoes - Low (No-Fb),JI3202,SAMBA OG CWHITE/GREEN/CGREEN,White,,4067888482676,196479109983,10-, 55.0 , 100.0 ,USD,0, $44.28 
Footwear,Mens,Adult,Originals,Shoes - Low (No-Fb),JI3202,SAMBA OG CWHITE/GREEN/CGREEN,White,,4067888480436,196479109891,11, 55.0 , 100.0 ,USD,0, $44.28 
Footwear,Mens,Adult,Originals,Shoes - Low (No-Fb),JI3202,SAMBA OG CWHITE/GREEN/CGREEN,White,,4067888480443,196479109907,11-, 55.0 , 100.0 ,USD,0, $44.28 
Footwear,Mens,Adult,Originals,Shoes - Low (No-Fb),JI3202,SAMBA OG CWHITE/GREEN/CGREEN,White,,4067888482645,196479109969,12, 55.0 , 100.0 ,USD,0, $44.28 
Footwear,Mens,Adult,Originals,Shoes - Low (No-Fb),JI3202,SAMBA OG CWHITE/GREEN/CGREEN,White,,4067888480313,196479109808,12-, 55.0 , 100.0 ,USD,1, $44.28 
Footwear,Mens,Adult,Originals,Shoes - Low (No-Fb),JI3202,SAMBA OG CWHITE/GREEN/CGREEN,White,,4067888482652,196479109938,13, 55.0 , 100.0 ,USD,0, $44.28 
Footwear,Mens,Adult,Originals,Shoes - Low (No-Fb),JI3202,SAMBA OG CWHITE/GREEN/CGREEN,White,,4067888482638,196479109952,13-, 55.0 , 100.0 ,USD,0, $44.28 
Footwear,Mens,Adult,Originals,Shoes - Low (No-Fb),JI3202,SAMBA OG CWHITE/GREEN/CGREEN,White,,4067888480405,196479109860,14, 55.0 , 100.0 ,USD,29, $44.28 
Apparel,Womens,Adult,Soccer,Jersey (Short Sl.),HE2988,ENT22 GFX JSYW ROYBLU/APSKRU,Blue,,4065418907088,195737895446,2XS, 12.5 , 25.0 ,USD,0, $10.06 
Apparel,Womens,Adult,Soccer,Jersey (Short Sl.),HE2988,ENT22 GFX JSYW ROYBLU/APSKRU,Blue,,4065418907026,195737895385,XS, 12.5 , 25.0 ,USD,0, $10.06 
Apparel,Womens,Adult,Soccer,Jersey (Short Sl.),HE2988,ENT22 GFX JSYW ROYBLU/APSKRU,Blue,,4065418906951,195737893152,S, 12.5 , 25.0 ,USD,37, $10.06 
Apparel,Womens,Adult,Soccer,Jersey (Short Sl.),HE2988,ENT22 GFX JSYW ROYBLU/APSKRU,Blue,,4065418906968,195737893169,M, 12.5 , 25.0 ,USD,22, $10.06 
Apparel,Womens,Adult,Soccer,Jersey (Short Sl.),HE2988,ENT22 GFX JSYW ROYBLU/APSKRU,Blue,,4065418910705,195737895477,L, 12.5 , 25.0 ,USD,13, $10.06 
Apparel,Womens,Adult,Soccer,Jersey (Short Sl.),HE2988,ENT22 GFX JSYW ROYBLU/APSKRU,Blue,,4065418906982,195737895378,XL, 12.5 , 25.0 ,USD,0, $10.06 
Apparel,Womens,Adult,Soccer,Jersey (Short Sl.),HE2988,ENT22 GFX JSYW ROYBLU/APSKRU,Blue,,4065418907064,195737895422,2XL, 12.5 , 25.0 ,USD,0, $10.06 
Apparel,Mens,Adult,Soccer,Graphic Hooded Sweat,JD8214,MESSI N&N G H BLACK,Black,,4068801638156,197621418007,XS, 32.5 , 65.0 ,USD,0, $26.16 
Apparel,Mens,Adult,Soccer,Graphic Hooded Sweat,JD8214,MESSI N&N G H BLACK,Black,,4068801638118,197621417956,S, 32.5 , 65.0 ,USD,4, $26.16 
Apparel,Mens,Adult,Soccer,Graphic Hooded Sweat,JD8214,MESSI N&N G H BLACK,Black,,4068801638286,197621418137,M, 32.5 , 65.0 ,USD,8, $26.16 
Apparel,Mens,Adult,Soccer,Graphic Hooded Sweat,JD8214,MESSI N&N G H BLACK,Black,,4068801638125,197621417970,L, 32.5 , 65.0 ,USD,4, $26.16 
Apparel,Mens,Adult,Soccer,Graphic Hooded Sweat,JD8214,MESSI N&N G H BLACK,Black,,4068801638187,197621418038,XL, 32.5 , 65.0 ,USD,8, $26.16 
Apparel,Mens,Adult,Soccer,Graphic Hooded Sweat,JD8214,MESSI N&N G H BLACK,Black,,4068801638316,197621418168,2XL, 32.5 , 65.0 ,USD,11, $26.16 
Apparel,Mens,Adult,Soccer,Graphic Hooded Sweat,JD8214,MESSI N&N G H BLACK,Black,,4068801638293,197621418144,3XL, 32.5 , 65.0 ,USD,0, $26.16 
Apparel,Mens,Adult,Soccer,Graphic Hooded Sweat,JD8214,MESSI N&N G H BLACK,Black,,4068801638194,197621418045,4XL, 32.5 , 65.0 ,USD,0, $26.16 
Apparel,Mens,Adult,Soccer,Graphic Hooded Sweat,JD8213,MESSI N&N G H EASPNK,Pink,,4068801634318,197621414160,XS, 32.5 , 65.0 ,USD,0, $26.16 
Apparel,Mens,Adult,Soccer,Graphic Hooded Sweat,JD8213,MESSI N&N G H EASPNK,Pink,,4068801634479,197621414320,S, 32.5 , 65.0 ,USD,3, $26.16 
Apparel,Mens,Adult,Soccer,Graphic Hooded Sweat,JD8213,MESSI N&N G H EASPNK,Pink,,4068801634462,197621414313,M, 32.5 , 65.0 ,USD,17, $26.16 
Apparel,Mens,Adult,Soccer,Graphic Hooded Sweat,JD8213,MESSI N&N G H EASPNK,Pink,,4068801634387,197621414238,L, 32.5 , 65.0 ,USD,0, $26.16 
Apparel,Mens,Adult,Soccer,Graphic Hooded Sweat,JD8213,MESSI N&N G H EASPNK,Pink,,4068801634356,197621414207,XL, 32.5 , 65.0 ,USD,15, $26.16 
Apparel,Mens,Adult,Soccer,Graphic Hooded Sweat,JD8213,MESSI N&N G H EASPNK,Pink,,4068801634370,197621414221,2XL, 32.5 , 65.0 ,USD,7, $26.16 
Apparel,Mens,Adult,Soccer,Graphic Hooded Sweat,JD8213,MESSI N&N G H EASPNK,Pink,,4068801634332,197621414184,3XL, 32.5 , 65.0 ,USD,0, $26.16 
Apparel,Mens,Adult,Soccer,Graphic Hooded Sweat,JD8213,MESSI N&N G H EASPNK,Pink,,4068801634394,197621414245,4XL, 32.5 , 65.0 ,USD,0, $26.16 
Apparel,Mens,Adult,Basketball,Shorts (1/2),JN6058,CRAZYLITE SHORT WHITE,White,,4067904381372,197615085352,"XS5""", 25.0 , 50.0 ,USD,0, $20.13 
Apparel,Mens,Adult,Basketball,Shorts (1/2),JN6058,CRAZYLITE SHORT WHITE,White,,4067904381327,197615081705,"S 5""", 25.0 , 50.0 ,USD,0, $20.13 
Apparel,Mens,Adult,Basketball,Shorts (1/2),JN6058,CRAZYLITE SHORT WHITE,White,,4067904385073,197615085451,"M 5""", 25.0 , 50.0 ,USD,0, $20.13 
Apparel,Mens,Adult,Basketball,Shorts (1/2),JN6058,CRAZYLITE SHORT WHITE,White,,4067904381396,197615085376,"L 5""", 25.0 , 50.0 ,USD,0, $20.13 
Apparel,Mens,Adult,Basketball,Shorts (1/2),JN6058,CRAZYLITE SHORT WHITE,White,,4067904381297,197615081675,"XL5""", 25.0 , 50.0 ,USD,0, $20.13 
Apparel,Mens,Adult,Basketball,Shorts (1/2),JN6058,CRAZYLITE SHORT WHITE,White,,4067904381204,197615081590,2XL5, 25.0 , 50.0 ,USD,0, $20.13 
Apparel,Mens,Adult,Basketball,Shorts (1/2),JN6058,CRAZYLITE SHORT WHITE,White,,4067904381211,197615081606,"XS7""", 25.0 , 50.0 ,USD,0, $20.13 
Apparel,Mens,Adult,Basketball,Shorts (1/2),JN6058,CRAZYLITE SHORT WHITE,White,,4067904381228,197615081576,"S 7""", 25.0 , 50.0 ,USD,138, $20.13 
Apparel,Mens,Adult,Basketball,Shorts (1/2),JN6058,CRAZYLITE SHORT WHITE,White,,4067904381273,197615081651,"M 7""", 25.0 , 50.0 ,USD,200, $20.13 
Apparel,Mens,Adult,Basketball,Shorts (1/2),JN6058,CRAZYLITE SHORT WHITE,White,,4067904381280,197615081668,"L 7""", 25.0 , 50.0 ,USD,184, $20.13 
Apparel,Mens,Adult,Basketball,Shorts (1/2),JN6058,CRAZYLITE SHORT WHITE,White,,4067904377528,197615081491,"XL7""", 25.0 , 50.0 ,USD,170, $20.13 
Apparel,Mens,Adult,Basketball,Shorts (1/2),JN6058,CRAZYLITE SHORT WHITE,White,,4067904377580,197615081569,2XL7, 25.0 , 50.0 ,USD,85, $20.13 
Apparel,Mens,Adult,Basketball,Shorts (1/2),JN6058,CRAZYLITE SHORT WHITE,White,,4067904381419,197615085390,3XL7, 25.0 , 50.0 ,USD,0, $20.13 
Apparel,Mens,Adult,Basketball,Shorts (1/2),JN6058,CRAZYLITE SHORT WHITE,White,,4067904381259,197615081637,4XL7, 25.0 , 50.0 ,USD,0, $20.13 
Apparel,Mens,Adult,Basketball,Shorts (1/2),JN6058,CRAZYLITE SHORT WHITE,White,,4067904377542,197615081521,"XS9""", 25.0 , 50.0 ,USD,0, $20.13 
Apparel,Mens,Adult,Basketball,Shorts (1/2),JN6058,CRAZYLITE SHORT WHITE,White,,4067904377436,197615077814,"S 9""", 25.0 , 50.0 ,USD,0, $20.13 
Apparel,Mens,Adult,Basketball,Shorts (1/2),JN6058,CRAZYLITE SHORT WHITE,White,,4067904385066,197615085413,"M 9""", 25.0 , 50.0 ,USD,0, $20.13 
Apparel,Mens,Adult,Basketball,Shorts (1/2),JN6058,CRAZYLITE SHORT WHITE,White,,4067904377559,197615081538,"L 9""", 25.0 , 50.0 ,USD,0, $20.13 
Apparel,Mens,Adult,Basketball,Shorts (1/2),JN6058,CRAZYLITE SHORT WHITE,White,,4067904377535,197615081507,"XL9""", 25.0 , 50.0 ,USD,0, $20.13 
Apparel,Mens,Adult,Basketball,Shorts (1/2),JN6058,CRAZYLITE SHORT WHITE,White,,4067904385059,197615085444,2XL9, 25.0 , 50.0 ,USD,0, $20.13 
Apparel,Mens,Adult,Basketball,Shorts (1/2),JN6058,CRAZYLITE SHORT WHITE,White,,4067904381198,197615081583,3XL9, 25.0 , 50.0 ,USD,0, $20.13 
Apparel,Mens,Adult,Basketball,Shorts (1/2),JN6058,CRAZYLITE SHORT WHITE,White,,4067904377474,197615077852,4XL9, 25.0 , 50.0 ,USD,0, $20.13 
Apparel,Mens,Adult,Basketball,Shorts (1/2),JN6058,CRAZYLITE SHORT WHITE,White,,4067904377504,197615081514,XS11, 25.0 , 50.0 ,USD,0, $20.13 
Apparel,Mens,Adult,Basketball,Shorts (1/2),JN6058,CRAZYLITE SHORT WHITE,White,,4067904377573,197615081552,"S11""", 25.0 , 50.0 ,USD,0, $20.13 
Apparel,Mens,Adult,Basketball,Shorts (1/2),JN6058,CRAZYLITE SHORT WHITE,White,,4067904381358,197615085321,"M11""", 25.0 , 50.0 ,USD,0, $20.13 
Apparel,Mens,Adult,Basketball,Shorts (1/2),JN6058,CRAZYLITE SHORT WHITE,White,,4067904381242,197615081620,"L11""", 25.0 , 50.0 ,USD,0, $20.13 
Apparel,Mens,Adult,Basketball,Shorts (1/2),JN6058,CRAZYLITE SHORT WHITE,White,,4067904385097,197615085475,XL11, 25.0 , 50.0 ,USD,0, $20.13 
Apparel,Mens,Adult,Basketball,Shorts (1/2),JN6058,CRAZYLITE SHORT WHITE,White,,4067904377498,197615077876,2X11, 25.0 , 50.0 ,USD,0, $20.13 
Apparel,Mens,Adult,Hiking,T-Shirt (Long Sl.),JM7082,MT SUN HOODY PRETEA,,,4068811022693,197626835908,XS, 30.0 , 60.0 ,USD,1, $24.15 
Apparel,Mens,Adult,Hiking,T-Shirt (Long Sl.),JM7082,MT SUN HOODY PRETEA,,,4068811022730,197626593785,S, 30.0 , 60.0 ,USD,0, $24.15 
Apparel,Mens,Adult,Hiking,T-Shirt (Long Sl.),JM7082,MT SUN HOODY PRETEA,,,4068811022716,197626593761,M, 30.0 , 60.0 ,USD,0, $24.15 
Apparel,Mens,Adult,Hiking,T-Shirt (Long Sl.),JM7082,MT SUN HOODY PRETEA,,,4068811022709,197626835915,L, 30.0 , 60.0 ,USD,0, $24.15 
Apparel,Mens,Adult,Hiking,T-Shirt (Long Sl.),JM7082,MT SUN HOODY PRETEA,,,4068811022679,197626835885,XL, 30.0 , 60.0 ,USD,0, $24.15 
Apparel,Mens,Adult,Hiking,T-Shirt (Long Sl.),JM7082,MT SUN HOODY PRETEA,,,4068811022686,197626835892,2XL, 30.0 , 60.0 ,USD,0, $24.15 
Apparel,Mens,Adult,Hiking,T-Shirt (Long Sl.),JM7082,MT SUN HOODY PRETEA,,,4068811022723,197626593778,3XL, 30.0 , 60.0 ,USD,1, $24.15 
Apparel,Mens,Adult,Originals,T-Shirt (Short Sl.),IW5818,CB 3S TEE BLACK/GREFOU,Black,,4067894560856,196479553243,XS, 17.5 , 35.0 ,USD,0, $14.09 
Apparel,Mens,Adult,Originals,T-Shirt (Short Sl.),IW5818,CB 3S TEE BLACK/GREFOU,Black,,4067894564526,196479553311,S, 17.5 , 35.0 ,USD,149, $14.09 
Apparel,Mens,Adult,Originals,T-Shirt (Short Sl.),IW5818,CB 3S TEE BLACK/GREFOU,Black,,4067894564489,196479553281,M, 17.5 , 35.0 ,USD,177, $14.09 
Apparel,Mens,Adult,Originals,T-Shirt (Short Sl.),IW5818,CB 3S TEE BLACK/GREFOU,Black,,4067894564649,196479557036,L, 17.5 , 35.0 ,USD,132, $14.09 
Apparel,Mens,Adult,Originals,T-Shirt (Short Sl.),IW5818,CB 3S TEE BLACK/GREFOU,Black,,4067894560870,196479553267,XL, 17.5 , 35.0 ,USD,101, $14.09 
Apparel,Mens,Adult,Originals,T-Shirt (Short Sl.),IW5818,CB 3S TEE BLACK/GREFOU,Black,,4067894564601,196479556992,2XL, 17.5 , 35.0 ,USD,45, $14.09 
Apparel,Mens,Adult,Hiking,Polarfleece-Half Zip,JP0784,MT ESS HZ FL OLISTR,,,4067904173519,197614408350,XS, 22.5 , 45.0 ,USD,8, $18.11 
Apparel,Mens,Adult,Hiking,Polarfleece-Half Zip,JP0784,MT ESS HZ FL OLISTR,,,4067904173526,197614408367,S, 22.5 , 45.0 ,USD,58, $18.11 
Apparel,Mens,Adult,Hiking,Polarfleece-Half Zip,JP0784,MT ESS HZ FL OLISTR,,,4067904173540,197614408381,M, 22.5 , 45.0 ,USD,104, $18.11 
Apparel,Mens,Adult,Hiking,Polarfleece-Half Zip,JP0784,MT ESS HZ FL OLISTR,,,4067904173502,197614408343,L, 22.5 , 45.0 ,USD,118, $18.11 
Apparel,Mens,Adult,Hiking,Polarfleece-Half Zip,JP0784,MT ESS HZ FL OLISTR,,,4067904173533,197614408374,XL, 22.5 , 45.0 ,USD,61, $18.11 
Apparel,Mens,Adult,Hiking,Polarfleece-Half Zip,JP0784,MT ESS HZ FL OLISTR,,,4067904173557,197614408398,2XL, 22.5 , 45.0 ,USD,37, $18.11 
Apparel,Mens,Adult,Hiking,Polarfleece-Half Zip,JP0784,MT ESS HZ FL OLISTR,,,4067904173496,197614408336,3XL, 22.5 , 45.0 ,USD,8, $18.11 
Apparel,Mens,Adult,Hiking,Polarfleece-Half Zip,JP0784,MT ESS HZ FL OLISTR,,,4067901978001,196476727210,4XL, 22.5 , 45.0 ,USD,1, $18.11 
Footwear,Womens,Adult,Sportswear,Shoes - Low (No-Fb),IG4346,CRAZYCHAOS 2000 OWHITE/CYBEMT/ORBGRY,White,,4067888215106,196477271842,5, 44.0 , 80.0 ,USD,0, $35.42 
Footwear,Womens,Adult,Sportswear,Shoes - Low (No-Fb),IG4346,CRAZYCHAOS 2000 OWHITE/CYBEMT/ORBGRY,White,,4067888215083,196477271828,5-, 44.0 , 80.0 ,USD,0, $35.42 
Footwear,Womens,Adult,Sportswear,Shoes - Low (No-Fb),IG4346,CRAZYCHAOS 2000 OWHITE/CYBEMT/ORBGRY,White,,4067888215182,196477271927,6, 44.0 , 80.0 ,USD,0, $35.42 
Footwear,Womens,Adult,Sportswear,Shoes - Low (No-Fb),IG4346,CRAZYCHAOS 2000 OWHITE/CYBEMT/ORBGRY,White,,4067888215076,196477271811,6-, 44.0 , 80.0 ,USD,0, $35.42 
Footwear,Womens,Adult,Sportswear,Shoes - Low (No-Fb),IG4346,CRAZYCHAOS 2000 OWHITE/CYBEMT/ORBGRY,White,,4067888215120,196477271866,7, 44.0 , 80.0 ,USD,4, $35.42 
Footwear,Womens,Adult,Sportswear,Shoes - Low (No-Fb),IG4346,CRAZYCHAOS 2000 OWHITE/CYBEMT/ORBGRY,White,,4067888215151,196477271897,7-, 44.0 , 80.0 ,USD,0, $35.42 
Footwear,Womens,Adult,Sportswear,Shoes - Low (No-Fb),IG4346,CRAZYCHAOS 2000 OWHITE/CYBEMT/ORBGRY,White,,4067888215113,196477271859,8, 44.0 , 80.0 ,USD,0, $35.42 
Footwear,Womens,Adult,Sportswear,Shoes - Low (No-Fb),IG4346,CRAZYCHAOS 2000 OWHITE/CYBEMT/ORBGRY,White,,4067888215199,196477271934,8-, 44.0 , 80.0 ,USD,0, $35.42 
Footwear,Womens,Adult,Sportswear,Shoes - Low (No-Fb),IG4346,CRAZYCHAOS 2000 OWHITE/CYBEMT/ORBGRY,White,,4067888215175,196477271910,9, 44.0 , 80.0 ,USD,0, $35.42 
Footwear,Womens,Adult,Sportswear,Shoes - Low (No-Fb),IG4346,CRAZYCHAOS 2000 OWHITE/CYBEMT/ORBGRY,White,,4067888215168,196477271903,9-, 44.0 , 80.0 ,USD,0, $35.42 
Footwear,Womens,Adult,Sportswear,Shoes - Low (No-Fb),IG4346,CRAZYCHAOS 2000 OWHITE/CYBEMT/ORBGRY,White,,4067888215090,196477271835,10, 44.0 , 80.0 ,USD,0, $35.42 
Footwear,Womens,Adult,Sportswear,Shoes - Low (No-Fb),IG4346,CRAZYCHAOS 2000 OWHITE/CYBEMT/ORBGRY,White,,4067888215144,196477271880,10-, 44.0 , 80.0 ,USD,0, $35.42 
Footwear,Womens,Adult,Sportswear,Shoes - Low (No-Fb),IG4346,CRAZYCHAOS 2000 OWHITE/CYBEMT/ORBGRY,White,,4067888215137,196477271873,11, 44.0 , 80.0 ,USD,0, $35.42 
Apparel,Mens,Adult,Training,T-Shirt (Short Sl.),JD0171,TR-ES FR 3S T WHITE,White,,4067902939988,196476092196,XS, 17.5 , 35.0 ,USD,17, $14.09 
Apparel,Mens,Adult,Training,T-Shirt (Short Sl.),JD0171,TR-ES FR 3S T WHITE,White,,4067902939995,196476088564,S, 17.5 , 35.0 ,USD,15, $14.09 
Apparel,Mens,Adult,Training,T-Shirt (Short Sl.),JD0171,TR-ES FR 3S T WHITE,White,,4067902936314,196476088519,M, 17.5 , 35.0 ,USD,7, $14.09 
Apparel,Mens,Adult,Training,T-Shirt (Short Sl.),JD0171,TR-ES FR 3S T WHITE,White,,4067902936260,196476088465,L, 17.5 , 35.0 ,USD,63, $14.09 
Apparel,Mens,Adult,Training,T-Shirt (Short Sl.),JD0171,TR-ES FR 3S T WHITE,White,,4067902936239,196476088434,XL, 17.5 , 35.0 ,USD,59, $14.09 
Apparel,Mens,Adult,Training,T-Shirt (Short Sl.),JD0171,TR-ES FR 3S T WHITE,White,,4067902936246,196476088441,2XL, 17.5 , 35.0 ,USD,45, $14.09 
Apparel,Mens,Adult,Training,T-Shirt (Short Sl.),JD0171,TR-ES FR 3S T WHITE,White,,4067902936307,196476088502,3XL, 17.5 , 35.0 ,USD,0, $14.09 
Footwear,Unisex,Junior,Originals,Shoes - Low (No-Fb),IE0252,SUPERSTAR J CBLACK/CBLACK/FTWWHT,Black,,4066765373779,196472163470,3-, 42.5 , 85.0 ,USD,0, $34.21 
Footwear,Unisex,Junior,Originals,Shoes - Low (No-Fb),IE0252,SUPERSTAR J CBLACK/CBLACK/FTWWHT,Black,,4066765373830,196472163500,4, 42.5 , 85.0 ,USD,0, $34.21 
Footwear,Unisex,Junior,Originals,Shoes - Low (No-Fb),IE0252,SUPERSTAR J CBLACK/CBLACK/FTWWHT,Black,,4066765373793,196472163456,4-, 42.5 , 85.0 ,USD,0, $34.21 
Footwear,Unisex,Junior,Originals,Shoes - Low (No-Fb),IE0252,SUPERSTAR J CBLACK/CBLACK/FTWWHT,Black,,4066765373762,196472159831,5, 42.5 , 85.0 ,USD,0, $34.21 
Footwear,Unisex,Junior,Originals,Shoes - Low (No-Fb),IE0252,SUPERSTAR J CBLACK/CBLACK/FTWWHT,Black,,4066765373823,196472163494,5-, 42.5 , 85.0 ,USD,0, $34.21 
Footwear,Unisex,Junior,Originals,Shoes - Low (No-Fb),IE0252,SUPERSTAR J CBLACK/CBLACK/FTWWHT,Black,,4066765373816,196472163487,6, 42.5 , 85.0 ,USD,1, $34.21 
Footwear,Unisex,Junior,Originals,Shoes - Low (No-Fb),IE0252,SUPERSTAR J CBLACK/CBLACK/FTWWHT,Black,,4066765373786,196472163449,6-, 42.5 , 85.0 ,USD,0, $34.21 
Footwear,Unisex,Junior,Originals,Shoes - Low (No-Fb),IE0252,SUPERSTAR J CBLACK/CBLACK/FTWWHT,Black,,4066765373809,196472163463,7, 42.5 , 85.0 ,USD,0, $34.21 
Apparel,Mens,Junior,Soccer,Jersey (Short Sl.),FT6757,CAMPEON21 JSY Y GLOPNK,Pink,,4061612173700,191980231185,2XS, 20.0 , 40.0 ,USD,0, $16.10 
Apparel,Mens,Junior,Soccer,Jersey (Short Sl.),FT6757,CAMPEON21 JSY Y GLOPNK,Pink,,4061612173748,191980231222,XS, 20.0 , 40.0 ,USD,0, $16.10 
Apparel,Mens,Junior,Soccer,Jersey (Short Sl.),FT6757,CAMPEON21 JSY Y GLOPNK,Pink,,4061612173793,191980231277,S, 20.0 , 40.0 ,USD,7, $16.10 
Apparel,Mens,Junior,Soccer,Jersey (Short Sl.),FT6757,CAMPEON21 JSY Y GLOPNK,Pink,,4061612173786,191980231260,M, 20.0 , 40.0 ,USD,3, $16.10 
Apparel,Mens,Junior,Soccer,Jersey (Short Sl.),FT6757,CAMPEON21 JSY Y GLOPNK,Pink,,4061612173724,191980231208,L, 20.0 , 40.0 ,USD,42, $16.10 
Apparel,Mens,Junior,Soccer,Jersey (Short Sl.),FT6757,CAMPEON21 JSY Y GLOPNK,Pink,,4061612173762,191980231246,XL, 20.0 , 40.0 ,USD,4, $16.10 
Apparel,Mens,Junior,Soccer,Jersey (Short Sl.),FT6758,CAMPEON21 JSY Y ROYBLU,Blue,,4061612165989,191980223944,2XS, 20.0 , 40.0 ,USD,0, $16.10 
Apparel,Mens,Junior,Soccer,Jersey (Short Sl.),FT6758,CAMPEON21 JSY Y ROYBLU,Blue,,4061612165941,191980223906,XS, 20.0 , 40.0 ,USD,2, $16.10 
Apparel,Mens,Junior,Soccer,Jersey (Short Sl.),FT6758,CAMPEON21 JSY Y ROYBLU,Blue,,4061612162339,191980223890,S, 20.0 , 40.0 ,USD,2, $16.10 
Apparel,Mens,Junior,Soccer,Jersey (Short Sl.),FT6758,CAMPEON21 JSY Y ROYBLU,Blue,,4061612162322,191980223883,M, 20.0 , 40.0 ,USD,0, $16.10 
Apparel,Mens,Junior,Soccer,Jersey (Short Sl.),FT6758,CAMPEON21 JSY Y ROYBLU,Blue,,4061612165972,191980223937,L, 20.0 , 40.0 ,USD,44, $16.10 
Apparel,Mens,Junior,Soccer,Jersey (Short Sl.),FT6758,CAMPEON21 JSY Y ROYBLU,Blue,,4061612165996,191980226358,XL, 20.0 , 40.0 ,USD,30, $16.10 
Apparel,Mens,Junior,Soccer,Jersey (Short Sl.),FT6759,CAMPEON21 JSY Y TMPWRD,Red,,4061612169932,191980228857,2XS, 20.0 , 40.0 ,USD,0, $16.10 
Apparel,Mens,Junior,Soccer,Jersey (Short Sl.),FT6759,CAMPEON21 JSY Y TMPWRD,Red,,4061612169888,191980228802,XS, 20.0 , 40.0 ,USD,12, $16.10 
Apparel,Mens,Junior,Soccer,Jersey (Short Sl.),FT6759,CAMPEON21 JSY Y TMPWRD,Red,,4061612169864,191980228789,S, 20.0 , 40.0 ,USD,2, $16.10 
Apparel,Mens,Junior,Soccer,Jersey (Short Sl.),FT6759,CAMPEON21 JSY Y TMPWRD,Red,,4061612169833,191980228758,M, 20.0 , 40.0 ,USD,16, $16.10 
Apparel,Mens,Junior,Soccer,Jersey (Short Sl.),FT6759,CAMPEON21 JSY Y TMPWRD,Red,,4061612169840,191980228765,L, 20.0 , 40.0 ,USD,6, $16.10 
Apparel,Mens,Junior,Soccer,Jersey (Short Sl.),FT6759,CAMPEON21 JSY Y TMPWRD,Red,,4061612169901,191980228826,XL, 20.0 , 40.0 ,USD,0, $16.10 
Apparel,Mens,Adult,Trail Running,T-Shirt (Long Sl.),JL6343,XPR LS TEE CARBON,,,4067891282706,197613754533,XS, 32.5 , 65.0 ,USD,10, $26.16 
Apparel,Mens,Adult,Trail Running,T-Shirt (Long Sl.),JL6343,XPR LS TEE CARBON,,,4067891282805,197613754632,S, 32.5 , 65.0 ,USD,34, $26.16 
Apparel,Mens,Adult,Trail Running,T-Shirt (Long Sl.),JL6343,XPR LS TEE CARBON,,,4067891282751,197613754588,M, 32.5 , 65.0 ,USD,48, $26.16 
Apparel,Mens,Adult,Trail Running,T-Shirt (Long Sl.),JL6343,XPR LS TEE CARBON,,,4067891282782,197613754625,L, 32.5 , 65.0 ,USD,48, $26.16 
Apparel,Mens,Adult,Trail Running,T-Shirt (Long Sl.),JL6343,XPR LS TEE CARBON,,,4067891282713,197613754540,XL, 32.5 , 65.0 ,USD,45, $26.16 
Apparel,Mens,Adult,Trail Running,T-Shirt (Long Sl.),JL6343,XPR LS TEE CARBON,,,4067891282720,197613754557,2XL, 32.5 , 65.0 ,USD,27, $26.16 
Apparel,Mens,Adult,Trail Running,T-Shirt (Long Sl.),JL6343,XPR LS TEE CARBON,,,4067891282799,197613754595,3XL, 32.5 , 65.0 ,USD,2, $26.16 
Apparel,Mens,Adult,Trail Running,T-Shirt (Long Sl.),JL6343,XPR LS TEE CARBON,,,4067891282690,197613754526,4XL, 32.5 , 65.0 ,USD,1, $26.16 
Apparel,Mens,Adult,Basketball,Hooded Sweat,JW2927,ANTED BT HOODY BLACK/PRELIM,Black,,4068807943575,197623145260,XS, 35.0 , 70.0 ,USD,25, $28.18 
Apparel,Mens,Adult,Basketball,Hooded Sweat,JW2927,ANTED BT HOODY BLACK/PRELIM,Black,,4068807703360,197623152732,S, 35.0 , 70.0 ,USD,23, $28.18 
Apparel,Mens,Adult,Basketball,Hooded Sweat,JW2927,ANTED BT HOODY BLACK/PRELIM,Black,,4068807943551,197623145246,M, 35.0 , 70.0 ,USD,54, $28.18 
Apparel,Mens,Adult,Basketball,Hooded Sweat,JW2927,ANTED BT HOODY BLACK/PRELIM,Black,,4068807703223,197623149008,L, 35.0 , 70.0 ,USD,50, $28.18 
Apparel,Mens,Adult,Basketball,Hooded Sweat,JW2927,ANTED BT HOODY BLACK/PRELIM,Black,,4068807703353,197623152725,XL, 35.0 , 70.0 ,USD,17, $28.18 
Apparel,Mens,Adult,Basketball,Hooded Sweat,JW2927,ANTED BT HOODY BLACK/PRELIM,Black,,4068807703230,197623149015,2XL, 35.0 , 70.0 ,USD,16, $28.18 
Apparel,Mens,Adult,Basketball,Hooded Sweat,JW2927,ANTED BT HOODY BLACK/PRELIM,Black,,4068807703315,197623149091,3XL, 35.0 , 70.0 ,USD,0, $28.18 
Apparel,Mens,Adult,Basketball,Hooded Sweat,JW2927,ANTED BT HOODY BLACK/PRELIM,Black,,4068807703209,197623148988,4XL, 35.0 , 70.0 ,USD,0, $28.18 
Apparel,Mens,Adult,Basketball,Hooded Sweat,JW2927,ANTED BT HOODY BLACK/PRELIM,Black,,4068807703308,197623149084,ST, 35.0 , 70.0 ,USD,0, $28.18 
Apparel,Mens,Adult,Basketball,Hooded Sweat,JW2927,ANTED BT HOODY BLACK/PRELIM,Black,,4068807703339,197623149114,MT, 35.0 , 70.0 ,USD,0, $28.18 
Apparel,Mens,Adult,Basketball,Hooded Sweat,JW2927,ANTED BT HOODY BLACK/PRELIM,Black,,4068807703216,197623148995,LT, 35.0 , 70.0 ,USD,1, $28.18 
Apparel,Mens,Adult,Basketball,Hooded Sweat,JW2927,ANTED BT HOODY BLACK/PRELIM,Black,,4068807943599,197623148919,XLT, 35.0 , 70.0 ,USD,0, $28.18 
Apparel,Mens,Adult,Basketball,Hooded Sweat,JW2927,ANTED BT HOODY BLACK/PRELIM,Black,,4068807703179,197623148926,2XLT, 35.0 , 70.0 ,USD,0, $28.18 
Apparel,Mens,Adult,Basketball,Hooded Sweat,JW2927,ANTED BT HOODY BLACK/PRELIM,Black,,4068807703148,197623148933,3XLT, 35.0 , 70.0 ,USD,0, $28.18 
Apparel,Mens,Adult,Basketball,Hooded Sweat,JW2927,ANTED BT HOODY BLACK/PRELIM,Black,,4068807943582,197623145277,4XLT, 35.0 , 70.0 ,USD,0, $28.18 
Apparel,Womens,Adult,Trail Running,T-Shirt (Long Sl.),JL6341,W XPR LS TEE CARBON,,,4067891258299,197613785094,2XS, 32.5 , 65.0 ,USD,7, $26.16 
Apparel,Womens,Adult,Trail Running,T-Shirt (Long Sl.),JL6341,W XPR LS TEE CARBON,,,4067891258312,197613785117,XS, 32.5 , 65.0 ,USD,13, $26.16 
Apparel,Womens,Adult,Trail Running,T-Shirt (Long Sl.),JL6341,W XPR LS TEE CARBON,,,4067891258404,197613788835,S, 32.5 , 65.0 ,USD,19, $26.16 
Apparel,Womens,Adult,Trail Running,T-Shirt (Long Sl.),JL6341,W XPR LS TEE CARBON,,,4067891258381,197613785186,M, 32.5 , 65.0 ,USD,31, $26.16 
Apparel,Womens,Adult,Trail Running,T-Shirt (Long Sl.),JL6341,W XPR LS TEE CARBON,,,4067891258350,197613785155,L, 32.5 , 65.0 ,USD,29, $26.16 
Apparel,Womens,Adult,Trail Running,T-Shirt (Long Sl.),JL6341,W XPR LS TEE CARBON,,,4067891258336,197613785131,XL, 32.5 , 65.0 ,USD,19, $26.16 
Apparel,Womens,Adult,Trail Running,T-Shirt (Long Sl.),JL6341,W XPR LS TEE CARBON,,,4067891258305,197613785100,2XL, 32.5 , 65.0 ,USD,6, $26.16 
Apparel,Womens,Adult,Trail Running,T-Shirt (Short Sl.),JL6342,W XPR TEE CARBON,,,4067891199547,197613911868,2XS, 27.5 , 55.0 ,USD,26, $22.14 
Apparel,Womens,Adult,Trail Running,T-Shirt (Short Sl.),JL6342,W XPR TEE CARBON,,,4067891199448,197613911769,XS, 27.5 , 55.0 ,USD,16, $22.14 
Apparel,Womens,Adult,Trail Running,T-Shirt (Short Sl.),JL6342,W XPR TEE CARBON,,,4067891199509,197613911790,S, 27.5 , 55.0 ,USD,40, $22.14 
Apparel,Womens,Adult,Trail Running,T-Shirt (Short Sl.),JL6342,W XPR TEE CARBON,,,4067891199462,197613911783,M, 27.5 , 55.0 ,USD,31, $22.14 
Apparel,Womens,Adult,Trail Running,T-Shirt (Short Sl.),JL6342,W XPR TEE CARBON,,,4067891199516,197613911837,L, 27.5 , 55.0 ,USD,32, $22.14 
Apparel,Womens,Adult,Trail Running,T-Shirt (Short Sl.),JL6342,W XPR TEE CARBON,,,4067891199486,197613911813,XL, 27.5 , 55.0 ,USD,28, $22.14 
Apparel,Womens,Adult,Trail Running,T-Shirt (Short Sl.),JL6342,W XPR TEE CARBON,,,4067891199387,197613911707,2XL, 27.5 , 55.0 ,USD,27, $22.14 
Footwear,Unisex,Adult,Basketball,Shoes - Low (No-Fb),JQ9986,HOOPS 4.0 FTWWHT/DKBLUE/TEPORE,White,,4067904528357,197615681301,4, 35.75 , 65.0 ,USD,0, $28.78 
Footwear,Unisex,Adult,Basketball,Shoes - Low (No-Fb),JQ9986,HOOPS 4.0 FTWWHT/DKBLUE/TEPORE,White,,4067904528425,197615681370,4-, 35.75 , 65.0 ,USD,0, $28.78 
Footwear,Unisex,Adult,Basketball,Shoes - Low (No-Fb),JQ9986,HOOPS 4.0 FTWWHT/DKBLUE/TEPORE,White,,4067904528500,197615681455,5, 35.75 , 65.0 ,USD,0, $28.78 
Footwear,Unisex,Adult,Basketball,Shoes - Low (No-Fb),JQ9986,HOOPS 4.0 FTWWHT/DKBLUE/TEPORE,White,,4067904528517,197615681462,5-, 35.75 , 65.0 ,USD,0, $28.78 
Footwear,Unisex,Adult,Basketball,Shoes - Low (No-Fb),JQ9986,HOOPS 4.0 FTWWHT/DKBLUE/TEPORE,White,,4067904528449,197615681394,6, 35.75 , 65.0 ,USD,0, $28.78 
Footwear,Unisex,Adult,Basketball,Shoes - Low (No-Fb),JQ9986,HOOPS 4.0 FTWWHT/DKBLUE/TEPORE,White,,4067904528371,197615681325,6-, 35.75 , 65.0 ,USD,0, $28.78 
Footwear,Unisex,Adult,Basketball,Shoes - Low (No-Fb),JQ9986,HOOPS 4.0 FTWWHT/DKBLUE/TEPORE,White,,4067904528456,197615681400,7, 35.75 , 65.0 ,USD,4, $28.78 
Footwear,Unisex,Adult,Basketball,Shoes - Low (No-Fb),JQ9986,HOOPS 4.0 FTWWHT/DKBLUE/TEPORE,White,,4067904528531,197615681486,7-, 35.75 , 65.0 ,USD,0, $28.78 
Footwear,Unisex,Adult,Basketball,Shoes - Low (No-Fb),JQ9986,HOOPS 4.0 FTWWHT/DKBLUE/TEPORE,White,,4067904528388,197615681332,8, 35.75 , 65.0 ,USD,2, $28.78 
Footwear,Unisex,Adult,Basketball,Shoes - Low (No-Fb),JQ9986,HOOPS 4.0 FTWWHT/DKBLUE/TEPORE,White,,4067904528470,197615681424,8-, 35.75 , 65.0 ,USD,0, $28.78 
Footwear,Unisex,Adult,Basketball,Shoes - Low (No-Fb),JQ9986,HOOPS 4.0 FTWWHT/DKBLUE/TEPORE,White,,4067904528364,197615681318,9, 35.75 , 65.0 ,USD,2, $28.78 
Footwear,Unisex,Adult,Basketball,Shoes - Low (No-Fb),JQ9986,HOOPS 4.0 FTWWHT/DKBLUE/TEPORE,White,,4067904528548,197615685125,9-, 35.75 , 65.0 ,USD,0, $28.78 
Footwear,Unisex,Adult,Basketball,Shoes - Low (No-Fb),JQ9986,HOOPS 4.0 FTWWHT/DKBLUE/TEPORE,White,,4067904528487,197615681431,10, 35.75 , 65.0 ,USD,0, $28.78 
Footwear,Unisex,Adult,Basketball,Shoes - Low (No-Fb),JQ9986,HOOPS 4.0 FTWWHT/DKBLUE/TEPORE,White,,4067904528401,197615681356,10-, 35.75 , 65.0 ,USD,0, $28.78 
Footwear,Unisex,Adult,Basketball,Shoes - Low (No-Fb),JQ9986,HOOPS 4.0 FTWWHT/DKBLUE/TEPORE,White,,4067904528432,197615681387,11, 35.75 , 65.0 ,USD,0, $28.78 
Footwear,Unisex,Adult,Basketball,Shoes - Low (No-Fb),JQ9986,HOOPS 4.0 FTWWHT/DKBLUE/TEPORE,White,,4067904528463,197615681417,11-, 35.75 , 65.0 ,USD,0, $28.78 
Footwear,Unisex,Adult,Basketball,Shoes - Low (No-Fb),JQ9986,HOOPS 4.0 FTWWHT/DKBLUE/TEPORE,White,,4067904528395,197615681349,12, 35.75 , 65.0 ,USD,0, $28.78 
Footwear,Unisex,Adult,Basketball,Shoes - Low (No-Fb),JQ9986,HOOPS 4.0 FTWWHT/DKBLUE/TEPORE,White,,4067904528494,197615681448,12-, 35.75 , 65.0 ,USD,0, $28.78 
Footwear,Unisex,Adult,Basketball,Shoes - Low (No-Fb),JQ9986,HOOPS 4.0 FTWWHT/DKBLUE/TEPORE,White,,4067904528524,197615681479,13, 35.75 , 65.0 ,USD,0, $28.78 
Footwear,Unisex,Adult,Basketball,Shoes - Low (No-Fb),JQ9986,HOOPS 4.0 FTWWHT/DKBLUE/TEPORE,White,,4067904528418,197615681363,14, 35.75 , 65.0 ,USD,0, $28.78 
Footwear,Womens,Adult,Hiking,Shoes - Low (No-Fb),JQ9962,TERREX ANYLANDER R.RDY W OLISTR/NGTCAR/CBLACK,,,4068801309216,197621353131,5, 46.75 , 85.0 ,USD,13, $37.63 
Footwear,Womens,Adult,Hiking,Shoes - Low (No-Fb),JQ9962,TERREX ANYLANDER R.RDY W OLISTR/NGTCAR/CBLACK,,,4068801309179,197621349509,5-, 46.75 , 85.0 ,USD,3, $37.63 
Footwear,Womens,Adult,Hiking,Shoes - Low (No-Fb),JQ9962,TERREX ANYLANDER R.RDY W OLISTR/NGTCAR/CBLACK,,,4068801309131,197621349462,6, 46.75 , 85.0 ,USD,11, $37.63 
Footwear,Womens,Adult,Hiking,Shoes - Low (No-Fb),JQ9962,TERREX ANYLANDER R.RDY W OLISTR/NGTCAR/CBLACK,,,4068801309223,197621353148,6-, 46.75 , 85.0 ,USD,38, $37.63 
Footwear,Womens,Adult,Hiking,Shoes - Low (No-Fb),JQ9962,TERREX ANYLANDER R.RDY W OLISTR/NGTCAR/CBLACK,,,4068801309124,197621349455,7, 46.75 , 85.0 ,USD,2, $37.63 
Footwear,Womens,Adult,Hiking,Shoes - Low (No-Fb),JQ9962,TERREX ANYLANDER R.RDY W OLISTR/NGTCAR/CBLACK,,,4068801309186,197621349516,7-, 46.75 , 85.0 ,USD,0, $37.63 
Footwear,Womens,Adult,Hiking,Shoes - Low (No-Fb),JQ9962,TERREX ANYLANDER R.RDY W OLISTR/NGTCAR/CBLACK,,,4068801309230,197621353155,8, 46.75 , 85.0 ,USD,1, $37.63 
Footwear,Womens,Adult,Hiking,Shoes - Low (No-Fb),JQ9962,TERREX ANYLANDER R.RDY W OLISTR/NGTCAR/CBLACK,,,4068801309148,197621349479,8-, 46.75 , 85.0 ,USD,2, $37.63 
Footwear,Womens,Adult,Hiking,Shoes - Low (No-Fb),JQ9962,TERREX ANYLANDER R.RDY W OLISTR/NGTCAR/CBLACK,,,4068801309193,197621349523,9, 46.75 , 85.0 ,USD,2, $37.63 
Footwear,Womens,Adult,Hiking,Shoes - Low (No-Fb),JQ9962,TERREX ANYLANDER R.RDY W OLISTR/NGTCAR/CBLACK,,,4068801309209,197621353162,9-, 46.75 , 85.0 ,USD,16, $37.63 
Footwear,Womens,Adult,Hiking,Shoes - Low (No-Fb),JQ9962,TERREX ANYLANDER R.RDY W OLISTR/NGTCAR/CBLACK,,,4068801309162,197621349493,10, 46.75 , 85.0 ,USD,0, $37.63 
Footwear,Womens,Adult,Hiking,Shoes - Low (No-Fb),JQ9962,TERREX ANYLANDER R.RDY W OLISTR/NGTCAR/CBLACK,,,4068801309247,197621353179,10-, 46.75 , 85.0 ,USD,15, $37.63 
Footwear,Womens,Adult,Hiking,Shoes - Low (No-Fb),JQ9962,TERREX ANYLANDER R.RDY W OLISTR/NGTCAR/CBLACK,,,4068801309155,197621349486,11, 46.75 , 85.0 ,USD,0, $37.63 
Footwear,Womens,Adult,Originals,Shoes - Low (No-Fb),JS3358,GAZELLE BOLD W CGREEN/WONWHI/GOLDMT,Green,,4067903227510,197614812010,5, 66.0 , 120.0 ,USD,0, $53.13 
Footwear,Womens,Adult,Originals,Shoes - Low (No-Fb),JS3358,GAZELLE BOLD W CGREEN/WONWHI/GOLDMT,Green,,4067903231135,197614812041,5-, 66.0 , 120.0 ,USD,0, $53.13 
Footwear,Womens,Adult,Originals,Shoes - Low (No-Fb),JS3358,GAZELLE BOLD W CGREEN/WONWHI/GOLDMT,Green,,4067903227466,197614811952,6, 66.0 , 120.0 ,USD,38, $53.13 
Footwear,Womens,Adult,Originals,Shoes - Low (No-Fb),JS3358,GAZELLE BOLD W CGREEN/WONWHI/GOLDMT,Green,,4067903227473,197614811969,6-, 66.0 , 120.0 ,USD,67, $53.13 
Footwear,Womens,Adult,Originals,Shoes - Low (No-Fb),JS3358,GAZELLE BOLD W CGREEN/WONWHI/GOLDMT,Green,,4067903227459,197614811983,7, 66.0 , 120.0 ,USD,77, $53.13 
Footwear,Womens,Adult,Originals,Shoes - Low (No-Fb),JS3358,GAZELLE BOLD W CGREEN/WONWHI/GOLDMT,Green,,4067903231142,197614812058,7-, 66.0 , 120.0 ,USD,78, $53.13 
Footwear,Womens,Adult,Originals,Shoes - Low (No-Fb),JS3358,GAZELLE BOLD W CGREEN/WONWHI/GOLDMT,Green,,4067903227480,197614811976,8, 66.0 , 120.0 ,USD,64, $53.13 
Footwear,Womens,Adult,Originals,Shoes - Low (No-Fb),JS3358,GAZELLE BOLD W CGREEN/WONWHI/GOLDMT,Green,,4067903227503,197614812003,8-, 66.0 , 120.0 ,USD,54, $53.13 
Footwear,Womens,Adult,Originals,Shoes - Low (No-Fb),JS3358,GAZELLE BOLD W CGREEN/WONWHI/GOLDMT,Green,,4067903231128,197614812034,9, 66.0 , 120.0 ,USD,43, $53.13 
Footwear,Womens,Adult,Originals,Shoes - Low (No-Fb),JS3358,GAZELLE BOLD W CGREEN/WONWHI/GOLDMT,Green,,4067903231159,197614812027,9-, 66.0 , 120.0 ,USD,33, $53.13 
Footwear,Womens,Adult,Originals,Shoes - Low (No-Fb),JS3358,GAZELLE BOLD W CGREEN/WONWHI/GOLDMT,Green,,4067903227497,197614811990,10, 66.0 , 120.0 ,USD,32, $53.13 
Footwear,Womens,Adult,Originals,Shoes - Low (No-Fb),JS3358,GAZELLE BOLD W CGREEN/WONWHI/GOLDMT,Green,,4067903227442,197614808341,10-, 66.0 , 120.0 ,USD,0, $53.13 
Footwear,Womens,Adult,Originals,Shoes - Low (No-Fb),JS3358,GAZELLE BOLD W CGREEN/WONWHI/GOLDMT,Green,,4067903231166,197614812065,11, 66.0 , 120.0 ,USD,25, $53.13 
Apparel,Mens,Adult,Hiking,Pants (1/1),JM7401,UTILITAS Z.O P CARDBO,Beige,,4068811078973,197626647419,XS/S, 60.0 , 120.0 ,USD,0, $48.30 
Apparel,Mens,Adult,Hiking,Pants (1/1),JM7401,UTILITAS Z.O P CARDBO,Beige,,4068811082666,197626647501,S/S, 60.0 , 120.0 ,USD,0, $48.30 
Apparel,Mens,Adult,Hiking,Pants (1/1),JM7401,UTILITAS Z.O P CARDBO,Beige,,4068811079024,197626647464,M/S, 60.0 , 120.0 ,USD,5, $48.30 
Apparel,Mens,Adult,Hiking,Pants (1/1),JM7401,UTILITAS Z.O P CARDBO,Beige,,4068811078966,197626647402,L/S, 60.0 , 120.0 ,USD,0, $48.30 
Apparel,Mens,Adult,Hiking,Pants (1/1),JM7401,UTILITAS Z.O P CARDBO,Beige,,4068811082703,197626651133,XL/S, 60.0 , 120.0 ,USD,0, $48.30 
Apparel,Mens,Adult,Hiking,Pants (1/1),JM7401,UTILITAS Z.O P CARDBO,Beige,,4068811079017,197626647457,XS, 60.0 , 120.0 ,USD,0, $48.30 
Apparel,Mens,Adult,Hiking,Pants (1/1),JM7401,UTILITAS Z.O P CARDBO,Beige,,4068811082734,197626651171,S, 60.0 , 120.0 ,USD,12, $48.30 
Apparel,Mens,Adult,Hiking,Pants (1/1),JM7401,UTILITAS Z.O P CARDBO,Beige,,4068811079031,197626647471,M, 60.0 , 120.0 ,USD,23, $48.30 
Apparel,Mens,Adult,Hiking,Pants (1/1),JM7401,UTILITAS Z.O P CARDBO,Beige,,4068811082710,197626651140,L, 60.0 , 120.0 ,USD,24, $48.30 
Apparel,Mens,Adult,Hiking,Pants (1/1),JM7401,UTILITAS Z.O P CARDBO,Beige,,4068811082642,197626647488,XL, 60.0 , 120.0 ,USD,14, $48.30 
Apparel,Mens,Adult,Hiking,Pants (1/1),JM7401,UTILITAS Z.O P CARDBO,Beige,,4068811078997,197626647433,ST, 60.0 , 120.0 ,USD,0, $48.30 
Apparel,Mens,Adult,Hiking,Pants (1/1),JM7401,UTILITAS Z.O P CARDBO,Beige,,4068811082741,197626651188,MT, 60.0 , 120.0 ,USD,0, $48.30 
Apparel,Mens,Adult,Hiking,Pants (1/1),JM7401,UTILITAS Z.O P CARDBO,Beige,,4068811079000,197626647440,LT, 60.0 , 120.0 ,USD,0, $48.30 
Apparel,Mens,Adult,Hiking,Pants (1/1),JM7401,UTILITAS Z.O P CARDBO,Beige,,4068811082697,197626651126,XLT, 60.0 , 120.0 ,USD,0, $48.30 
Apparel,Mens,Adult,Trail Running,Jacket (Technical),KA5873,XPR LIGHT RAIN SEIMOR,,,4068803441624,197619883749,XS, 90.0 , 180.0 ,USD,0, $72.45 
Apparel,Mens,Adult,Trail Running,Jacket (Technical),KA5873,XPR LIGHT RAIN SEIMOR,,,4068803441754,197619641691,S, 90.0 , 180.0 ,USD,14, $72.45 
Apparel,Mens,Adult,Trail Running,Jacket (Technical),KA5873,XPR LIGHT RAIN SEIMOR,,,4068803441662,197619883770,M, 90.0 , 180.0 ,USD,28, $72.45 
Apparel,Mens,Adult,Trail Running,Jacket (Technical),KA5873,XPR LIGHT RAIN SEIMOR,,,4068803441631,197619883756,L, 90.0 , 180.0 ,USD,24, $72.45 
Apparel,Mens,Adult,Trail Running,Jacket (Technical),KA5873,XPR LIGHT RAIN SEIMOR,,,4068803441617,197619883732,XL, 90.0 , 180.0 ,USD,12, $72.45 
Apparel,Mens,Adult,Trail Running,Jacket (Technical),KA5873,XPR LIGHT RAIN SEIMOR,,,4068803441730,197619883848,2XL, 90.0 , 180.0 ,USD,4, $72.45 
Apparel,Mens,Adult,Trail Running,Jacket (Technical),KA5873,XPR LIGHT RAIN SEIMOR,,,4068805399619,197617219366,3XL, 90.0 , 180.0 ,USD,0, $72.45 
Apparel,Mens,Adult,Trail Running,Jacket (Technical),KA5873,XPR LIGHT RAIN SEIMOR,,,4068805399626,197617219373,4XL, 90.0 , 180.0 ,USD,0, $72.45 
Apparel,Mens,Adult,Basketball,Graphic T (Short Sl),JW2924,ANTED BT TEE BLACK/PRELIM,Black,,4068807710917,197623156693,2XS, 17.5 , 35.0 ,USD,0, $14.09 
Apparel,Mens,Adult,Basketball,Graphic T (Short Sl),JW2924,ANTED BT TEE BLACK/PRELIM,Black,,4068807710856,197623156600,XS, 17.5 , 35.0 ,USD,27, $14.09 
Apparel,Mens,Adult,Basketball,Graphic T (Short Sl),JW2924,ANTED BT TEE BLACK/PRELIM,Black,,4068807707092,197623152879,S, 17.5 , 35.0 ,USD,32, $14.09 
Apparel,Mens,Adult,Basketball,Graphic T (Short Sl),JW2924,ANTED BT TEE BLACK/PRELIM,Black,,4068807707207,197623156587,M, 17.5 , 35.0 ,USD,47, $14.09 
Apparel,Mens,Adult,Basketball,Graphic T (Short Sl),JW2924,ANTED BT TEE BLACK/PRELIM,Black,,4068807710924,197623156709,L, 17.5 , 35.0 ,USD,47, $14.09 
Apparel,Mens,Adult,Basketball,Graphic T (Short Sl),JW2924,ANTED BT TEE BLACK/PRELIM,Black,,4068807707160,197623152947,XL, 17.5 , 35.0 ,USD,33, $14.09 
Apparel,Mens,Adult,Basketball,Graphic T (Short Sl),JW2924,ANTED BT TEE BLACK/PRELIM,Black,,4068807707191,197623156563,2XL, 17.5 , 35.0 ,USD,25, $14.09 
Apparel,Mens,Adult,Basketball,Graphic T (Short Sl),JW2924,ANTED BT TEE BLACK/PRELIM,Black,,4068807707214,197623156594,3XL, 17.5 , 35.0 ,USD,0, $14.09 
Apparel,Mens,Adult,Basketball,Graphic T (Short Sl),JW2924,ANTED BT TEE BLACK/PRELIM,Black,,4068807707030,197623152817,4XL, 17.5 , 35.0 ,USD,0, $14.09 
Apparel,Mens,Adult,Basketball,Graphic T (Short Sl),JW2924,ANTED BT TEE BLACK/PRELIM,Black,,4068807707184,197623156570,ST, 17.5 , 35.0 ,USD,0, $14.09 
Apparel,Mens,Adult,Basketball,Graphic T (Short Sl),JW2924,ANTED BT TEE BLACK/PRELIM,Black,,4068807710887,197623156662,MT, 17.5 , 35.0 ,USD,0, $14.09 
Apparel,Mens,Adult,Basketball,Graphic T (Short Sl),JW2924,ANTED BT TEE BLACK/PRELIM,Black,,4068807710849,197623156631,LT, 17.5 , 35.0 ,USD,0, $14.09 
Apparel,Mens,Adult,Basketball,Graphic T (Short Sl),JW2924,ANTED BT TEE BLACK/PRELIM,Black,,4068807707009,197623152794,XLT, 17.5 , 35.0 ,USD,0, $14.09 
Apparel,Mens,Adult,Basketball,Graphic T (Short Sl),JW2924,ANTED BT TEE BLACK/PRELIM,Black,,4068807707054,197623152831,2XLT, 17.5 , 35.0 ,USD,0, $14.09 
Apparel,Mens,Adult,Basketball,Graphic T (Short Sl),JW2924,ANTED BT TEE BLACK/PRELIM,Black,,4068807707122,197623152909,3XLT, 17.5 , 35.0 ,USD,0, $14.09 
Apparel,Mens,Adult,Basketball,Graphic T (Short Sl),JW2924,ANTED BT TEE BLACK/PRELIM,Black,,4068807710955,197623156730,4XLT, 17.5 , 35.0 ,USD,0, $14.09 
Apparel,Mens,Adult,Trail Running,Pants (1/1),JM7403,XPERIOR LT P AURIVY,,,4068811075606,197626808650,XS/S, 50.0 , 100.0 ,USD,0, $40.25 
Apparel,Mens,Adult,Trail Running,Pants (1/1),JM7403,XPERIOR LT P AURIVY,,,4068811075583,197626808636,S/S, 50.0 , 100.0 ,USD,1, $40.25 
Apparel,Mens,Adult,Trail Running,Pants (1/1),JM7403,XPERIOR LT P AURIVY,,,4068811075637,197626808681,M/S, 50.0 , 100.0 ,USD,2, $40.25 
Apparel,Mens,Adult,Trail Running,Pants (1/1),JM7403,XPERIOR LT P AURIVY,,,4068811075552,197626808605,L/S, 50.0 , 100.0 ,USD,1, $40.25 
Apparel,Mens,Adult,Trail Running,Pants (1/1),JM7403,XPERIOR LT P AURIVY,,,4068811075491,197626804942,XL/S, 50.0 , 100.0 ,USD,1, $40.25 
Apparel,Mens,Adult,Trail Running,Pants (1/1),JM7403,XPERIOR LT P AURIVY,,,4068811075484,197626804935,XS, 50.0 , 100.0 ,USD,0, $40.25 
Apparel,Mens,Adult,Trail Running,Pants (1/1),JM7403,XPERIOR LT P AURIVY,,,4068811075521,197626808575,S, 50.0 , 100.0 ,USD,9, $40.25 
Apparel,Mens,Adult,Trail Running,Pants (1/1),JM7403,XPERIOR LT P AURIVY,,,4068811075569,197626808612,M, 50.0 , 100.0 ,USD,4, $40.25 
Apparel,Mens,Adult,Trail Running,Pants (1/1),JM7403,XPERIOR LT P AURIVY,,,4068811072063,197626804874,L, 50.0 , 100.0 ,USD,17, $40.25 
Apparel,Mens,Adult,Trail Running,Pants (1/1),JM7403,XPERIOR LT P AURIVY,,,4068811075507,197626804959,XL, 50.0 , 100.0 ,USD,9, $40.25 
Apparel,Mens,Adult,Trail Running,Pants (1/1),JM7403,XPERIOR LT P AURIVY,,,4068811072070,197626804881,ST, 50.0 , 100.0 ,USD,0, $40.25 
Apparel,Mens,Adult,Trail Running,Pants (1/1),JM7403,XPERIOR LT P AURIVY,,,4068811075613,197626808667,MT, 50.0 , 100.0 ,USD,0, $40.25 
Apparel,Mens,Adult,Trail Running,Pants (1/1),JM7403,XPERIOR LT P AURIVY,,,4068811075576,197626808629,LT, 50.0 , 100.0 ,USD,0, $40.25 
Apparel,Mens,Adult,Trail Running,Pants (1/1),JM7403,XPERIOR LT P AURIVY,,,4068811075538,197626808582,XLT, 50.0 , 100.0 ,USD,0, $40.25 
Apparel,Womens,Adult,Hiking,Polarfleece-Full Zip,JN0931,W XPL PILE SNAP EARSTR/SEFLAQ,,,4068808161251,197622031281,XS, 65.0 , 130.0 ,USD,7, $52.33 
Apparel,Womens,Adult,Hiking,Polarfleece-Full Zip,JN0931,W XPL PILE SNAP EARSTR/SEFLAQ,,,4068808161145,197622027574,S, 65.0 , 130.0 ,USD,30, $52.33 
Apparel,Womens,Adult,Hiking,Polarfleece-Full Zip,JN0931,W XPL PILE SNAP EARSTR/SEFLAQ,,,4068808161138,197622027567,M, 65.0 , 130.0 ,USD,36, $52.33 
Apparel,Womens,Adult,Hiking,Polarfleece-Full Zip,JN0931,W XPL PILE SNAP EARSTR/SEFLAQ,,,4068808161176,197622031205,L, 65.0 , 130.0 ,USD,20, $52.33 
Apparel,Womens,Adult,Hiking,Polarfleece-Full Zip,JN0931,W XPL PILE SNAP EARSTR/SEFLAQ,,,4068808161169,197622027598,XL, 65.0 , 130.0 ,USD,30, $52.33 
Apparel,Mens,Adult,Not Sports Specific,Tank,JW3486,M BL TANK ROYBLU,Blue,,4068801705902,197621464233,2XS, 12.5 , 25.0 ,USD,0, $10.06 
Apparel,Mens,Adult,Not Sports Specific,Tank,JW3486,M BL TANK ROYBLU,Blue,,4068801705841,197621464172,XS, 12.5 , 25.0 ,USD,0, $10.06 
Apparel,Mens,Adult,Not Sports Specific,Tank,JW3486,M BL TANK ROYBLU,Blue,,4068801705827,197621464158,S, 12.5 , 25.0 ,USD,47, $10.06 
Apparel,Mens,Adult,Not Sports Specific,Tank,JW3486,M BL TANK ROYBLU,Blue,,4068801702130,197621464066,M, 12.5 , 25.0 ,USD,36, $10.06 
Apparel,Mens,Adult,Not Sports Specific,Tank,JW3486,M BL TANK ROYBLU,Blue,,4068801705797,197621464127,L, 12.5 , 25.0 ,USD,70, $10.06 
Apparel,Mens,Adult,Not Sports Specific,Tank,JW3486,M BL TANK ROYBLU,Blue,,4068801702093,197621464011,XL, 12.5 , 25.0 ,USD,12, $10.06 
Apparel,Mens,Adult,Not Sports Specific,Tank,JW3486,M BL TANK ROYBLU,Blue,,4068801702116,197621464042,2XL, 12.5 , 25.0 ,USD,56, $10.06 
Apparel,Mens,Adult,Not Sports Specific,Tank,JW3486,M BL TANK ROYBLU,Blue,,4068801702062,197621460396,3XL, 12.5 , 25.0 ,USD,33, $10.06 
Apparel,Mens,Adult,Not Sports Specific,Tank,JW3486,M BL TANK ROYBLU,Blue,,4068801705896,197621464226,4XL, 12.5 , 25.0 ,USD,50, $10.06 
Apparel,Mens,Adult,Not Sports Specific,Tank,JW3486,M BL TANK ROYBLU,Blue,,4068801705865,197621464196,ST, 12.5 , 25.0 ,USD,0, $10.06 
Apparel,Mens,Adult,Not Sports Specific,Tank,JW3486,M BL TANK ROYBLU,Blue,,4068801705773,197621464103,MT, 12.5 , 25.0 ,USD,24, $10.06 
Apparel,Mens,Adult,Not Sports Specific,Tank,JW3486,M BL TANK ROYBLU,Blue,,4068801702161,197621464097,LT, 12.5 , 25.0 ,USD,24, $10.06 
Apparel,Mens,Adult,Not Sports Specific,Tank,JW3486,M BL TANK ROYBLU,Blue,,4068801705872,197621464202,XLT, 12.5 , 25.0 ,USD,0, $10.06 
Apparel,Mens,Adult,Not Sports Specific,Tank,JW3486,M BL TANK ROYBLU,Blue,,4068801702086,197621464035,2XLT, 12.5 , 25.0 ,USD,70, $10.06 
Apparel,Mens,Adult,Not Sports Specific,Tank,JW3486,M BL TANK ROYBLU,Blue,,4068801702079,197621460402,3XLT, 12.5 , 25.0 ,USD,37, $10.06 
Apparel,Mens,Adult,Not Sports Specific,Tank,JW3486,M BL TANK ROYBLU,Blue,,4068801702147,197621464073,4XLT, 12.5 , 25.0 ,USD,58, $10.06 
Apparel,Mens,Adult,Not Sports Specific,Tank,JW3486,M BL TANK ROYBLU,Blue,,4068801702123,197621464059,5XLT, 12.5 , 25.0 ,USD,0, $10.06 
Apparel,Womens,Adult,Trail Running,Shorts (1/2),JM0566,W XPR SHORTS SEFLAQ,,,4068811054724,197626809138,"XS3""", 30.0 , 60.0 ,USD,6, $24.15 
Apparel,Womens,Adult,Trail Running,Shorts (1/2),JM0566,W XPR SHORTS SEFLAQ,,,4068811058418,197626809220,"S 3""", 30.0 , 60.0 ,USD,1, $24.15 
Apparel,Womens,Adult,Trail Running,Shorts (1/2),JM0566,W XPR SHORTS SEFLAQ,,,4068811058449,197626809251,"M 3""", 30.0 , 60.0 ,USD,5, $24.15 
Apparel,Womens,Adult,Trail Running,Shorts (1/2),JM0566,W XPR SHORTS SEFLAQ,,,4068811054779,197626809183,"L 3""", 30.0 , 60.0 ,USD,4, $24.15 
Apparel,Womens,Adult,Trail Running,Shorts (1/2),JM0566,W XPR SHORTS SEFLAQ,,,4068811054571,197626805383,"XL3""", 30.0 , 60.0 ,USD,6, $24.15 
Apparel,Womens,Adult,Trail Running,Shorts (1/2),JM0566,W XPR SHORTS SEFLAQ,,,4068811054793,197626809206,"XS5""", 30.0 , 60.0 ,USD,0, $24.15 
Apparel,Womens,Adult,Trail Running,Shorts (1/2),JM0566,W XPR SHORTS SEFLAQ,,,4068811058487,197626812893,"S 5""", 30.0 , 60.0 ,USD,0, $24.15 
Apparel,Womens,Adult,Trail Running,Shorts (1/2),JM0566,W XPR SHORTS SEFLAQ,,,4068811050931,197626805345,"M 5""", 30.0 , 60.0 ,USD,0, $24.15 
Apparel,Womens,Adult,Trail Running,Shorts (1/2),JM0566,W XPR SHORTS SEFLAQ,,,4068811054618,197626805420,"L 5""", 30.0 , 60.0 ,USD,0, $24.15 
Apparel,Womens,Adult,Trail Running,Shorts (1/2),JM0566,W XPR SHORTS SEFLAQ,,,4068811058470,197626812886,"XL5""", 30.0 , 60.0 ,USD,0, $24.15 
Footwear,Womens,Adult,Originals,Shoes - Low (No-Fb),JQ7413,CAMPUS 00s W LINGRN/CBLACK/FTWWHT,,,4067904278504,197614967611,5, 60.5 , 110.0 ,USD,0, $48.70 
Footwear,Womens,Adult,Originals,Shoes - Low (No-Fb),JQ7413,CAMPUS 00s W LINGRN/CBLACK/FTWWHT,,,4067904278535,197614967642,5-, 60.5 , 110.0 ,USD,0, $48.70 
Footwear,Womens,Adult,Originals,Shoes - Low (No-Fb),JQ7413,CAMPUS 00s W LINGRN/CBLACK/FTWWHT,,,4067904278511,197614967628,6, 60.5 , 110.0 ,USD,0, $48.70 
Footwear,Womens,Adult,Originals,Shoes - Low (No-Fb),JQ7413,CAMPUS 00s W LINGRN/CBLACK/FTWWHT,,,4067904274865,197614967574,6-, 60.5 , 110.0 ,USD,0, $48.70 
Footwear,Womens,Adult,Originals,Shoes - Low (No-Fb),JQ7413,CAMPUS 00s W LINGRN/CBLACK/FTWWHT,,,4067904278481,197614967581,7, 60.5 , 110.0 ,USD,0, $48.70 
Footwear,Womens,Adult,Originals,Shoes - Low (No-Fb),JQ7413,CAMPUS 00s W LINGRN/CBLACK/FTWWHT,,,4067904278474,197614967598,7-, 60.5 , 110.0 ,USD,0, $48.70 
Footwear,Womens,Adult,Originals,Shoes - Low (No-Fb),JQ7413,CAMPUS 00s W LINGRN/CBLACK/FTWWHT,,,4067904278559,197614967666,8, 60.5 , 110.0 ,USD,9, $48.70 
Footwear,Womens,Adult,Originals,Shoes - Low (No-Fb),JQ7413,CAMPUS 00s W LINGRN/CBLACK/FTWWHT,,,4067904278528,197614967635,8-, 60.5 , 110.0 ,USD,0, $48.70 
Footwear,Womens,Adult,Originals,Shoes - Low (No-Fb),JQ7413,CAMPUS 00s W LINGRN/CBLACK/FTWWHT,,,4067904278498,197614967604,9, 60.5 , 110.0 ,USD,0, $48.70 
Footwear,Womens,Adult,Originals,Shoes - Low (No-Fb),JQ7413,CAMPUS 00s W LINGRN/CBLACK/FTWWHT,,,4067904278573,197614967680,9-, 60.5 , 110.0 ,USD,0, $48.70 
Footwear,Womens,Adult,Originals,Shoes - Low (No-Fb),JQ7413,CAMPUS 00s W LINGRN/CBLACK/FTWWHT,,,4067904274841,197614967550,10, 60.5 , 110.0 ,USD,0, $48.70 
Footwear,Womens,Adult,Originals,Shoes - Low (No-Fb),JQ7413,CAMPUS 00s W LINGRN/CBLACK/FTWWHT,,,4067904278542,197614967659,10-, 60.5 , 110.0 ,USD,11, $48.70 
Footwear,Womens,Adult,Originals,Shoes - Low (No-Fb),JQ7413,CAMPUS 00s W LINGRN/CBLACK/FTWWHT,,,4067904278566,197614967673,11, 60.5 , 110.0 ,USD,50, $48.70 
Accessories,Unisex,Adult,Soccer,Shin Guard,JE3930,TIRO SG LGE LUCLEM/BLUFUS,,,4068801224175,197621126049,S, 12.5 , 25.0 ,USD,0, $10.06 
Accessories,Unisex,Adult,Soccer,Shin Guard,JE3930,TIRO SG LGE LUCLEM/BLUFUS,,,4068801224168,197621126032,M, 12.5 , 25.0 ,USD,0, $10.06 
Accessories,Unisex,Adult,Soccer,Shin Guard,JE3930,TIRO SG LGE LUCLEM/BLUFUS,,,4068801224144,197621126018,L, 12.5 , 25.0 ,USD,4, $10.06 
Accessories,Unisex,Adult,Soccer,Shin Guard,JE3930,TIRO SG LGE LUCLEM/BLUFUS,,,4068801224151,197621126025,XL, 12.5 , 25.0 ,USD,0, $10.06 
Apparel,Mens,Adult,Hiking,Pants (1/1),HN2896,UTILITAS Z.O P BLACK,Black,,4066751159066,195745448450,XS/S, 60.0 , 120.0 ,USD,5, $48.30 
Apparel,Mens,Adult,Hiking,Pants (1/1),HN2896,UTILITAS Z.O P BLACK,Black,,4066751135657,195745448368,S/S, 60.0 , 120.0 ,USD,6, $48.30 
Apparel,Mens,Adult,Hiking,Pants (1/1),HN2896,UTILITAS Z.O P BLACK,Black,,4066751135688,195745448399,M/S, 60.0 , 120.0 ,USD,10, $48.30 
Apparel,Mens,Adult,Hiking,Pants (1/1),HN2896,UTILITAS Z.O P BLACK,Black,,4066751135640,195745448351,L/S, 60.0 , 120.0 ,USD,10, $48.30 
Apparel,Mens,Adult,Hiking,Pants (1/1),HN2896,UTILITAS Z.O P BLACK,Black,,4066751135701,195745448412,XL/S, 60.0 , 120.0 ,USD,9, $48.30 
Apparel,Mens,Adult,Hiking,Pants (1/1),HN2896,UTILITAS Z.O P BLACK,Black,,4066751135695,195745448405,XS, 60.0 , 120.0 ,USD,0, $48.30 
Apparel,Mens,Adult,Hiking,Pants (1/1),HN2896,UTILITAS Z.O P BLACK,Black,,4066751135732,195745448443,S, 60.0 , 120.0 ,USD,0, $48.30 
Apparel,Mens,Adult,Hiking,Pants (1/1),HN2896,UTILITAS Z.O P BLACK,Black,,4066751135718,195745448429,M, 60.0 , 120.0 ,USD,0, $48.30 
Apparel,Mens,Adult,Hiking,Pants (1/1),HN2896,UTILITAS Z.O P BLACK,Black,,4066751135725,195745448436,L, 60.0 , 120.0 ,USD,2, $48.30 
Apparel,Mens,Adult,Hiking,Pants (1/1),HN2896,UTILITAS Z.O P BLACK,Black,,4066751159073,195745448467,XL, 60.0 , 120.0 ,USD,3, $48.30 
Apparel,Mens,Adult,Hiking,Pants (1/1),HN2896,UTILITAS Z.O P BLACK,Black,,4066751159080,195745448474,ST, 60.0 , 120.0 ,USD,0, $48.30 
Apparel,Mens,Adult,Hiking,Pants (1/1),HN2896,UTILITAS Z.O P BLACK,Black,,4066751135671,195745448382,MT, 60.0 , 120.0 ,USD,0, $48.30 
Apparel,Mens,Adult,Hiking,Pants (1/1),HN2896,UTILITAS Z.O P BLACK,Black,,4066751135664,195745448375,LT, 60.0 , 120.0 ,USD,1, $48.30 
Apparel,Mens,Adult,Hiking,Pants (1/1),HN2896,UTILITAS Z.O P BLACK,Black,,4066751159097,195745448481,XLT, 60.0 , 120.0 ,USD,0, $48.30 
Apparel,Womens,Adult,Soccer,Shorts (1/4),IQ4772,TIRO24 C M SHOW BLACK,Black,,4067887887236,196466339560,2XS, 17.5 , 40.0 ,USD,0, $14.09 
Apparel,Womens,Adult,Soccer,Shorts (1/4),IQ4772,TIRO24 C M SHOW BLACK,Black,,4067887887212,196466339546,XS, 17.5 , 40.0 ,USD,2, $14.09 
Apparel,Womens,Adult,Soccer,Shorts (1/4),IQ4772,TIRO24 C M SHOW BLACK,Black,,4067887887274,196466339607,S, 17.5 , 40.0 ,USD,0, $14.09 
Apparel,Womens,Adult,Soccer,Shorts (1/4),IQ4772,TIRO24 C M SHOW BLACK,Black,,4067887887281,196466339614,M, 17.5 , 40.0 ,USD,0, $14.09 
Apparel,Womens,Adult,Soccer,Shorts (1/4),IQ4772,TIRO24 C M SHOW BLACK,Black,,4067887887267,196466339591,L, 17.5 , 40.0 ,USD,0, $14.09 
Apparel,Womens,Adult,Soccer,Shorts (1/4),IQ4772,TIRO24 C M SHOW BLACK,Black,,4067887887304,196466343222,XL, 17.5 , 40.0 ,USD,0, $14.09 
Apparel,Womens,Adult,Soccer,Shorts (1/4),IQ4772,TIRO24 C M SHOW BLACK,Black,,4067887887243,196466339577,2XL, 17.5 , 40.0 ,USD,0, $14.09 
Apparel,Womens,Adult,Trail Running,Shorts (1/2),JM0565,W XPR SHORTS GRETHR,,,4068811066116,197626816921,"XS3""", 30.0 , 60.0 ,USD,13, $24.15 
Apparel,Womens,Adult,Trail Running,Shorts (1/2),JM0565,W XPR SHORTS GRETHR,,,4068811066147,197626816952,"S 3""", 30.0 , 60.0 ,USD,28, $24.15 
Apparel,Womens,Adult,Trail Running,Shorts (1/2),JM0565,W XPR SHORTS GRETHR,,,4068811066208,197626820614,"M 3""", 30.0 , 60.0 ,USD,25, $24.15 
Apparel,Womens,Adult,Trail Running,Shorts (1/2),JM0565,W XPR SHORTS GRETHR,,,4068811066178,197626820584,"L 3""", 30.0 , 60.0 ,USD,11, $24.15 
Apparel,Womens,Adult,Trail Running,Shorts (1/2),JM0565,W XPR SHORTS GRETHR,,,4068811069759,197626824407,"XL3""", 30.0 , 60.0 ,USD,3, $24.15 
Apparel,Womens,Adult,Trail Running,Shorts (1/2),JM0565,W XPR SHORTS GRETHR,,,4068811069766,197626824414,"XS5""", 30.0 , 60.0 ,USD,1, $24.15 
Apparel,Womens,Adult,Trail Running,Shorts (1/2),JM0565,W XPR SHORTS GRETHR,,,4068811069698,197626820744,"S 5""", 30.0 , 60.0 ,USD,3, $24.15 
Apparel,Womens,Adult,Trail Running,Shorts (1/2),JM0565,W XPR SHORTS GRETHR,,,4068811069735,197626820782,"M 5""", 30.0 , 60.0 ,USD,4, $24.15 
Apparel,Womens,Adult,Trail Running,Shorts (1/2),JM0565,W XPR SHORTS GRETHR,,,4068811066239,197626820645,"L 5""", 30.0 , 60.0 ,USD,4, $24.15 
Apparel,Womens,Adult,Trail Running,Shorts (1/2),JM0565,W XPR SHORTS GRETHR,,,4068811066253,197626820669,"XL5""", 30.0 , 60.0 ,USD,1, $24.15 
Footwear,Mens,Adult,Hiking,Shoes - Low (No-Fb),JI4245,TERREX FREE HIKER 2 GTX BROSTR/SAVANN/CARBON,,,4067888469165,196479051190,6, 121.0 , 220.0 ,USD,0, $97.41 
Footwear,Mens,Adult,Hiking,Shoes - Low (No-Fb),JI4245,TERREX FREE HIKER 2 GTX BROSTR/SAVANN/CARBON,,,4067888469172,196479051206,6-, 121.0 , 220.0 ,USD,0, $97.41 
Footwear,Mens,Adult,Hiking,Shoes - Low (No-Fb),JI4245,TERREX FREE HIKER 2 GTX BROSTR/SAVANN/CARBON,,,4067888469042,196479051077,7, 121.0 , 220.0 ,USD,2, $97.41 
Footwear,Mens,Adult,Hiking,Shoes - Low (No-Fb),JI4245,TERREX FREE HIKER 2 GTX BROSTR/SAVANN/CARBON,,,4067888469059,196479051084,7-, 121.0 , 220.0 ,USD,5, $97.41 
Footwear,Mens,Adult,Hiking,Shoes - Low (No-Fb),JI4245,TERREX FREE HIKER 2 GTX BROSTR/SAVANN/CARBON,,,4067888469066,196479051091,8, 121.0 , 220.0 ,USD,9, $97.41 
Footwear,Mens,Adult,Hiking,Shoes - Low (No-Fb),JI4245,TERREX FREE HIKER 2 GTX BROSTR/SAVANN/CARBON,,,4067888469080,196479051114,8-, 121.0 , 220.0 ,USD,13, $97.41 
Footwear,Mens,Adult,Hiking,Shoes - Low (No-Fb),JI4245,TERREX FREE HIKER 2 GTX BROSTR/SAVANN/CARBON,,,4067888469158,196479051183,9, 121.0 , 220.0 ,USD,16, $97.41 
Footwear,Mens,Adult,Hiking,Shoes - Low (No-Fb),JI4245,TERREX FREE HIKER 2 GTX BROSTR/SAVANN/CARBON,,,4067888469110,196479051145,9-, 121.0 , 220.0 ,USD,29, $97.41 
Footwear,Mens,Adult,Hiking,Shoes - Low (No-Fb),JI4245,TERREX FREE HIKER 2 GTX BROSTR/SAVANN/CARBON,,,4067888469097,196479051121,10, 121.0 , 220.0 ,USD,21, $97.41 
Footwear,Mens,Adult,Hiking,Shoes - Low (No-Fb),JI4245,TERREX FREE HIKER 2 GTX BROSTR/SAVANN/CARBON,,,4067888469011,196479051039,10-, 121.0 , 220.0 ,USD,35, $97.41 
Footwear,Mens,Adult,Hiking,Shoes - Low (No-Fb),JI4245,TERREX FREE HIKER 2 GTX BROSTR/SAVANN/CARBON,,,4067888469141,196479051176,11, 121.0 , 220.0 ,USD,36, $97.41 
Footwear,Mens,Adult,Hiking,Shoes - Low (No-Fb),JI4245,TERREX FREE HIKER 2 GTX BROSTR/SAVANN/CARBON,,,4067888469035,196479051060,11-, 121.0 , 220.0 ,USD,21, $97.41 
Footwear,Mens,Adult,Hiking,Shoes - Low (No-Fb),JI4245,TERREX FREE HIKER 2 GTX BROSTR/SAVANN/CARBON,,,4067888469127,196479051152,12, 121.0 , 220.0 ,USD,52, $97.41 
Footwear,Mens,Adult,Hiking,Shoes - Low (No-Fb),JI4245,TERREX FREE HIKER 2 GTX BROSTR/SAVANN/CARBON,,,4067888469028,196479051053,12-, 121.0 , 220.0 ,USD,1, $97.41 
Footwear,Mens,Adult,Hiking,Shoes - Low (No-Fb),JI4245,TERREX FREE HIKER 2 GTX BROSTR/SAVANN/CARBON,,,4067888469073,196479051107,13, 121.0 , 220.0 ,USD,33, $97.41 
Footwear,Mens,Adult,Hiking,Shoes - Low (No-Fb),JI4245,TERREX FREE HIKER 2 GTX BROSTR/SAVANN/CARBON,,,4067888469134,196479051169,14, 121.0 , 220.0 ,USD,6, $97.41 
Footwear,Mens,Adult,Hiking,Shoes - Low (No-Fb),JI4245,TERREX FREE HIKER 2 GTX BROSTR/SAVANN/CARBON,,,4067888469103,196479051138,15, 121.0 , 220.0 ,USD,3, $97.41 
Footwear,Womens,Adult,Soccer,Soccer Shoe-Firm G,IH3861,F50 ELITE FG MID W BLUFUS/LUCLEM/LUCPNK,,,4067892363558,197615445033,5, 143.0 , 260.0 ,USD,7, $115.12 
Footwear,Womens,Adult,Soccer,Soccer Shoe-Firm G,IH3861,F50 ELITE FG MID W BLUFUS/LUCLEM/LUCPNK,,,4067892363640,197615448713,5-, 143.0 , 260.0 ,USD,7, $115.12 
Footwear,Womens,Adult,Soccer,Soccer Shoe-Firm G,IH3861,F50 ELITE FG MID W BLUFUS/LUCLEM/LUCPNK,,,4067892363480,197615444968,6, 143.0 , 260.0 ,USD,7, $115.12 
Footwear,Womens,Adult,Soccer,Soccer Shoe-Firm G,IH3861,F50 ELITE FG MID W BLUFUS/LUCLEM/LUCPNK,,,4067892363510,197615444999,6-, 143.0 , 260.0 ,USD,17, $115.12 
Footwear,Womens,Adult,Soccer,Soccer Shoe-Firm G,IH3861,F50 ELITE FG MID W BLUFUS/LUCLEM/LUCPNK,,,4067892363503,197615444982,7, 143.0 , 260.0 ,USD,10, $115.12 
Footwear,Womens,Adult,Soccer,Soccer Shoe-Firm G,IH3861,F50 ELITE FG MID W BLUFUS/LUCLEM/LUCPNK,,,4067892363466,197615444944,7-, 143.0 , 260.0 ,USD,0, $115.12 
Footwear,Womens,Adult,Soccer,Soccer Shoe-Firm G,IH3861,F50 ELITE FG MID W BLUFUS/LUCLEM/LUCPNK,,,4067892363572,197615445057,8, 143.0 , 260.0 ,USD,10, $115.12 
Footwear,Womens,Adult,Soccer,Soccer Shoe-Firm G,IH3861,F50 ELITE FG MID W BLUFUS/LUCLEM/LUCPNK,,,4067892363626,197615448690,8-, 143.0 , 260.0 ,USD,11, $115.12 
Footwear,Womens,Adult,Soccer,Soccer Shoe-Firm G,IH3861,F50 ELITE FG MID W BLUFUS/LUCLEM/LUCPNK,,,4067892363473,197615444951,9, 143.0 , 260.0 ,USD,14, $115.12 
Footwear,Womens,Adult,Soccer,Soccer Shoe-Firm G,IH3861,F50 ELITE FG MID W BLUFUS/LUCLEM/LUCPNK,,,4067892363657,197615448737,9-, 143.0 , 260.0 ,USD,17, $115.12 
Footwear,Womens,Adult,Soccer,Soccer Shoe-Firm G,IH3861,F50 ELITE FG MID W BLUFUS/LUCLEM/LUCPNK,,,4067892363602,197615445088,10, 143.0 , 260.0 ,USD,14, $115.12 
Footwear,Womens,Adult,Soccer,Soccer Shoe-Firm G,IH3861,F50 ELITE FG MID W BLUFUS/LUCLEM/LUCPNK,,,4067892363534,197615445019,10-, 143.0 , 260.0 ,USD,7, $115.12 
Footwear,Womens,Adult,Soccer,Soccer Shoe-Firm G,IH3861,F50 ELITE FG MID W BLUFUS/LUCLEM/LUCPNK,,,4067892363589,197615445064,11, 143.0 , 260.0 ,USD,19, $115.12 
Footwear,Womens,Adult,Soccer,Soccer Shoe-Firm G,IH3861,F50 ELITE FG MID W BLUFUS/LUCLEM/LUCPNK,,,4067892363565,197615445040,11-, 143.0 , 260.0 ,USD,19, $115.12 
Footwear,Womens,Adult,Soccer,Soccer Shoe-Firm G,IH3861,F50 ELITE FG MID W BLUFUS/LUCLEM/LUCPNK,,,4067892363596,197615445071,12, 143.0 , 260.0 ,USD,13, $115.12 
Footwear,Womens,Adult,Soccer,Soccer Shoe-Firm G,IH3861,F50 ELITE FG MID W BLUFUS/LUCLEM/LUCPNK,,,4067892363619,197615448720,12-, 143.0 , 260.0 ,USD,9, $115.12 
Footwear,Womens,Adult,Soccer,Soccer Shoe-Firm G,IH3861,F50 ELITE FG MID W BLUFUS/LUCLEM/LUCPNK,,,4067892363527,197615445002,13, 143.0 , 260.0 ,USD,0, $115.12 
Footwear,Womens,Adult,Soccer,Soccer Shoe-Firm G,IH3861,F50 ELITE FG MID W BLUFUS/LUCLEM/LUCPNK,,,4067892363541,197615445026,13-, 143.0 , 260.0 ,USD,0, $115.12 
Footwear,Womens,Adult,Soccer,Soccer Shoe-Firm G,IH3861,F50 ELITE FG MID W BLUFUS/LUCLEM/LUCPNK,,,4067892363497,197615444975,14, 143.0 , 260.0 ,USD,0, $115.12 
Footwear,Womens,Adult,Soccer,Soccer Shoe-Firm G,IH3861,F50 ELITE FG MID W BLUFUS/LUCLEM/LUCPNK,,,4067892363633,197615448706,14-, 143.0 , 260.0 ,USD,0, $115.12 
Footwear,Womens,Adult,Sportswear,Shoes - Low (No-Fb),JH9211,ULTRABOOST 1.0 W GREONE/FTWWHT/GLOBLU,,,4067898235033,197611302644,4-, 99.0 , 180.0 ,USD,0, $79.70 
Footwear,Womens,Adult,Sportswear,Shoes - Low (No-Fb),JH9211,ULTRABOOST 1.0 W GREONE/FTWWHT/GLOBLU,,,4067898235002,197611302613,5, 99.0 , 180.0 ,USD,0, $79.70 
Footwear,Womens,Adult,Sportswear,Shoes - Low (No-Fb),JH9211,ULTRABOOST 1.0 W GREONE/FTWWHT/GLOBLU,,,4067898234890,197611302491,5-, 99.0 , 180.0 ,USD,0, $79.70 
Footwear,Womens,Adult,Sportswear,Shoes - Low (No-Fb),JH9211,ULTRABOOST 1.0 W GREONE/FTWWHT/GLOBLU,,,4067898234906,197611302507,6, 99.0 , 180.0 ,USD,0, $79.70 
Footwear,Womens,Adult,Sportswear,Shoes - Low (No-Fb),JH9211,ULTRABOOST 1.0 W GREONE/FTWWHT/GLOBLU,,,4067898234944,197611302552,6-, 99.0 , 180.0 ,USD,2, $79.70 
Footwear,Womens,Adult,Sportswear,Shoes - Low (No-Fb),JH9211,ULTRABOOST 1.0 W GREONE/FTWWHT/GLOBLU,,,4067898234982,197611302590,7, 99.0 , 180.0 ,USD,0, $79.70 
Footwear,Womens,Adult,Sportswear,Shoes - Low (No-Fb),JH9211,ULTRABOOST 1.0 W GREONE/FTWWHT/GLOBLU,,,4067898234951,197611302569,7-, 99.0 , 180.0 ,USD,0, $79.70 
Footwear,Womens,Adult,Sportswear,Shoes - Low (No-Fb),JH9211,ULTRABOOST 1.0 W GREONE/FTWWHT/GLOBLU,,,4067898234883,197611302484,8, 99.0 , 180.0 ,USD,0, $79.70 
Footwear,Womens,Adult,Sportswear,Shoes - Low (No-Fb),JH9211,ULTRABOOST 1.0 W GREONE/FTWWHT/GLOBLU,,,4067898234937,197611302545,8-, 99.0 , 180.0 ,USD,0, $79.70 
Footwear,Womens,Adult,Sportswear,Shoes - Low (No-Fb),JH9211,ULTRABOOST 1.0 W GREONE/FTWWHT/GLOBLU,,,4067898234913,197611302521,9, 99.0 , 180.0 ,USD,0, $79.70 
Footwear,Womens,Adult,Sportswear,Shoes - Low (No-Fb),JH9211,ULTRABOOST 1.0 W GREONE/FTWWHT/GLOBLU,,,4067898235019,197611302620,9-, 99.0 , 180.0 ,USD,0, $79.70 
Footwear,Womens,Adult,Sportswear,Shoes - Low (No-Fb),JH9211,ULTRABOOST 1.0 W GREONE/FTWWHT/GLOBLU,,,4067898234920,197611302538,10, 99.0 , 180.0 ,USD,1, $79.70 
Footwear,Womens,Adult,Sportswear,Shoes - Low (No-Fb),JH9211,ULTRABOOST 1.0 W GREONE/FTWWHT/GLOBLU,,,4067898235026,197611302637,10-, 99.0 , 180.0 ,USD,0, $79.70 
Footwear,Womens,Adult,Sportswear,Shoes - Low (No-Fb),JH9211,ULTRABOOST 1.0 W GREONE/FTWWHT/GLOBLU,,,4067898234968,197611302576,11, 99.0 , 180.0 ,USD,2, $79.70 
Footwear,Womens,Adult,Sportswear,Shoes - Low (No-Fb),JH9211,ULTRABOOST 1.0 W GREONE/FTWWHT/GLOBLU,,,4067898234975,197611302583,11-, 99.0 , 180.0 ,USD,0, $79.70 
Footwear,Womens,Adult,Sportswear,Shoes - Low (No-Fb),JH9211,ULTRABOOST 1.0 W GREONE/FTWWHT/GLOBLU,,,4067898234999,197611302606,12, 99.0 , 180.0 ,USD,0, $79.70 
Footwear,Unisex,Adult,Training,Shoes - Low (No-Fb),IH5248,DROPSET 3 TRAINER LUCLEM/LUCLEM/LUCLEM,,,4067898211921,197611328057,4, 71.5 , 130.0 ,USD,0, $57.56 
Footwear,Unisex,Adult,Training,Shoes - Low (No-Fb),IH5248,DROPSET 3 TRAINER LUCLEM/LUCLEM/LUCLEM,,,4067898208174,197611324530,4-, 71.5 , 130.0 ,USD,0, $57.56 
Footwear,Unisex,Adult,Training,Shoes - Low (No-Fb),IH5248,DROPSET 3 TRAINER LUCLEM/LUCLEM/LUCLEM,,,4067898208204,197611327951,5, 71.5 , 130.0 ,USD,0, $57.56 
Footwear,Unisex,Adult,Training,Shoes - Low (No-Fb),IH5248,DROPSET 3 TRAINER LUCLEM/LUCLEM/LUCLEM,,,4067898208228,197611327937,5-, 71.5 , 130.0 ,USD,0, $57.56 
Footwear,Unisex,Adult,Training,Shoes - Low (No-Fb),IH5248,DROPSET 3 TRAINER LUCLEM/LUCLEM/LUCLEM,,,4067898208280,197611328002,6, 71.5 , 130.0 ,USD,0, $57.56 
Footwear,Unisex,Adult,Training,Shoes - Low (No-Fb),IH5248,DROPSET 3 TRAINER LUCLEM/LUCLEM/LUCLEM,,,4067898208129,197611324486,6-, 71.5 , 130.0 ,USD,0, $57.56 
Footwear,Unisex,Adult,Training,Shoes - Low (No-Fb),IH5248,DROPSET 3 TRAINER LUCLEM/LUCLEM/LUCLEM,,,4067898208211,197611327920,7, 71.5 , 130.0 ,USD,2, $57.56 
Footwear,Unisex,Adult,Training,Shoes - Low (No-Fb),IH5248,DROPSET 3 TRAINER LUCLEM/LUCLEM/LUCLEM,,,4067898208303,197611328026,7-, 71.5 , 130.0 ,USD,1, $57.56 
Footwear,Unisex,Adult,Training,Shoes - Low (No-Fb),IH5248,DROPSET 3 TRAINER LUCLEM/LUCLEM/LUCLEM,,,4067898211945,197611328033,8, 71.5 , 130.0 ,USD,4, $57.56 
Footwear,Unisex,Adult,Training,Shoes - Low (No-Fb),IH5248,DROPSET 3 TRAINER LUCLEM/LUCLEM/LUCLEM,,,4067898208150,197611324516,8-, 71.5 , 130.0 ,USD,7, $57.56 
Footwear,Unisex,Adult,Training,Shoes - Low (No-Fb),IH5248,DROPSET 3 TRAINER LUCLEM/LUCLEM/LUCLEM,,,4067898208136,197611324493,9, 71.5 , 130.0 ,USD,13, $57.56 
Footwear,Unisex,Adult,Training,Shoes - Low (No-Fb),IH5248,DROPSET 3 TRAINER LUCLEM/LUCLEM/LUCLEM,,,4067898208167,197611324523,9-, 71.5 , 130.0 ,USD,12, $57.56 
Footwear,Unisex,Adult,Training,Shoes - Low (No-Fb),IH5248,DROPSET 3 TRAINER LUCLEM/LUCLEM/LUCLEM,,,4067898208259,197611327975,10, 71.5 , 130.0 ,USD,25, $57.56 
Footwear,Unisex,Adult,Training,Shoes - Low (No-Fb),IH5248,DROPSET 3 TRAINER LUCLEM/LUCLEM/LUCLEM,,,4067898208266,197611327982,10-, 71.5 , 130.0 ,USD,25, $57.56 
Footwear,Unisex,Adult,Training,Shoes - Low (No-Fb),IH5248,DROPSET 3 TRAINER LUCLEM/LUCLEM/LUCLEM,,,4067898208143,197611324509,11, 71.5 , 130.0 ,USD,17, $57.56 
Footwear,Unisex,Adult,Training,Shoes - Low (No-Fb),IH5248,DROPSET 3 TRAINER LUCLEM/LUCLEM/LUCLEM,,,4067898211938,197611328064,11-, 71.5 , 130.0 ,USD,13, $57.56 
Footwear,Unisex,Adult,Training,Shoes - Low (No-Fb),IH5248,DROPSET 3 TRAINER LUCLEM/LUCLEM/LUCLEM,,,4067898208242,197611327968,12, 71.5 , 130.0 ,USD,7, $57.56 
Footwear,Unisex,Adult,Training,Shoes - Low (No-Fb),IH5248,DROPSET 3 TRAINER LUCLEM/LUCLEM/LUCLEM,,,4067898208181,197611324547,12-, 71.5 , 130.0 ,USD,0, $57.56 
Footwear,Unisex,Adult,Training,Shoes - Low (No-Fb),IH5248,DROPSET 3 TRAINER LUCLEM/LUCLEM/LUCLEM,,,4067898208235,197611327944,13, 71.5 , 130.0 ,USD,6, $57.56 
Footwear,Unisex,Adult,Training,Shoes - Low (No-Fb),IH5248,DROPSET 3 TRAINER LUCLEM/LUCLEM/LUCLEM,,,4067898208273,197611327999,14, 71.5 , 130.0 ,USD,2, $57.56 
Footwear,Unisex,Adult,Training,Shoes - Low (No-Fb),IH5248,DROPSET 3 TRAINER LUCLEM/LUCLEM/LUCLEM,,,4067898208198,197611324554,14-, 71.5 , 130.0 ,USD,0, $57.56 
Footwear,Unisex,Adult,Training,Shoes - Low (No-Fb),IH5248,DROPSET 3 TRAINER LUCLEM/LUCLEM/LUCLEM,,,4067898208297,197611328019,15, 71.5 , 130.0 ,USD,1, $57.56 
Footwear,Unisex,Adult,Training,Shoes - Low (No-Fb),IH5248,DROPSET 3 TRAINER LUCLEM/LUCLEM/LUCLEM,,,4067898211914,197611328040,16, 71.5 , 130.0 ,USD,0, $57.56 
Footwear,Unisex,Adult,Training,Shoes - Low (No-Fb),IH5248,DROPSET 3 TRAINER LUCLEM/LUCLEM/LUCLEM,,,4067898211952,197611328071,17, 71.5 , 130.0 ,USD,0, $57.56 
Footwear,Unisex,Adult,Training,Shoes - Low (No-Fb),IH5248,DROPSET 3 TRAINER LUCLEM/LUCLEM/LUCLEM,,,4067898211969,197611328088,18, 71.5 , 130.0 ,USD,0, $57.56 
Footwear,Womens,Adult,Originals,Shoes - Low (No-Fb),JI2743,SAMBAE W FTWWHT/SILVMT/GUM3,White,,4067892230003,197615366925,4-, 60.5 , 110.0 ,USD,0, $48.70 
Footwear,Womens,Adult,Originals,Shoes - Low (No-Fb),JI2743,SAMBAE W FTWWHT/SILVMT/GUM3,White,,4067892233226,197615367021,5, 60.5 , 110.0 ,USD,0, $48.70 
Footwear,Womens,Adult,Originals,Shoes - Low (No-Fb),JI2743,SAMBAE W FTWWHT/SILVMT/GUM3,White,,4067892233165,197615366949,5-, 60.5 , 110.0 ,USD,0, $48.70 
Footwear,Womens,Adult,Originals,Shoes - Low (No-Fb),JI2743,SAMBAE W FTWWHT/SILVMT/GUM3,White,,4067892233219,197615367014,6, 60.5 , 110.0 ,USD,3, $48.70 
Footwear,Womens,Adult,Originals,Shoes - Low (No-Fb),JI2743,SAMBAE W FTWWHT/SILVMT/GUM3,White,,4067892233202,197615367007,6-, 60.5 , 110.0 ,USD,4, $48.70 
Footwear,Womens,Adult,Originals,Shoes - Low (No-Fb),JI2743,SAMBAE W FTWWHT/SILVMT/GUM3,White,,4067892230010,197615366932,7, 60.5 , 110.0 ,USD,0, $48.70 
Footwear,Womens,Adult,Originals,Shoes - Low (No-Fb),JI2743,SAMBAE W FTWWHT/SILVMT/GUM3,White,,4067892233240,197615367045,7-, 60.5 , 110.0 ,USD,4, $48.70 
Footwear,Womens,Adult,Originals,Shoes - Low (No-Fb),JI2743,SAMBAE W FTWWHT/SILVMT/GUM3,White,,4067892233189,197615366987,8, 60.5 , 110.0 ,USD,4, $48.70 
Footwear,Womens,Adult,Originals,Shoes - Low (No-Fb),JI2743,SAMBAE W FTWWHT/SILVMT/GUM3,White,,4067892233172,197615366970,8-, 60.5 , 110.0 ,USD,0, $48.70 
Footwear,Womens,Adult,Originals,Shoes - Low (No-Fb),JI2743,SAMBAE W FTWWHT/SILVMT/GUM3,White,,4067892233141,197615366956,9, 60.5 , 110.0 ,USD,7, $48.70 
Footwear,Womens,Adult,Originals,Shoes - Low (No-Fb),JI2743,SAMBAE W FTWWHT/SILVMT/GUM3,White,,4067892233158,197615366963,9-, 60.5 , 110.0 ,USD,2, $48.70 
Footwear,Womens,Adult,Originals,Shoes - Low (No-Fb),JI2743,SAMBAE W FTWWHT/SILVMT/GUM3,White,,4067892233196,197615366994,10, 60.5 , 110.0 ,USD,0, $48.70 
Footwear,Womens,Adult,Originals,Shoes - Low (No-Fb),JI2743,SAMBAE W FTWWHT/SILVMT/GUM3,White,,4067892229991,197615366918,10-, 60.5 , 110.0 ,USD,0, $48.70 
Footwear,Womens,Adult,Originals,Shoes - Low (No-Fb),JI2743,SAMBAE W FTWWHT/SILVMT/GUM3,White,,4067892233233,197615367038,11, 60.5 , 110.0 ,USD,0, $48.70 
Footwear,Womens,Adult,Originals,Shoes - Low (No-Fb),JH7275,CAMPUS 00s W SEPISP/CBLACK/FTWWHT,,,4067892090379,197615207372,5, 60.5 , 110.0 ,USD,0, $48.70 
Footwear,Womens,Adult,Originals,Shoes - Low (No-Fb),JH7275,CAMPUS 00s W SEPISP/CBLACK/FTWWHT,,,4067892090386,197615207389,5-, 60.5 , 110.0 ,USD,10, $48.70 
Footwear,Womens,Adult,Originals,Shoes - Low (No-Fb),JH7275,CAMPUS 00s W SEPISP/CBLACK/FTWWHT,,,4067892090416,197615207419,6, 60.5 , 110.0 ,USD,157, $48.70 
Footwear,Womens,Adult,Originals,Shoes - Low (No-Fb),JH7275,CAMPUS 00s W SEPISP/CBLACK/FTWWHT,,,4067892090362,197615207365,6-, 60.5 , 110.0 ,USD,183, $48.70 
Footwear,Womens,Adult,Originals,Shoes - Low (No-Fb),JH7275,CAMPUS 00s W SEPISP/CBLACK/FTWWHT,,,4067892090355,197615207358,7, 60.5 , 110.0 ,USD,294, $48.70 
Footwear,Womens,Adult,Originals,Shoes - Low (No-Fb),JH7275,CAMPUS 00s W SEPISP/CBLACK/FTWWHT,,,4067892090393,197615207396,7-, 60.5 , 110.0 ,USD,300+, $48.70 
Footwear,Womens,Adult,Originals,Shoes - Low (No-Fb),JH7275,CAMPUS 00s W SEPISP/CBLACK/FTWWHT,,,4067892086716,197615207310,8, 60.5 , 110.0 ,USD,213, $48.70 
Footwear,Womens,Adult,Originals,Shoes - Low (No-Fb),JH7275,CAMPUS 00s W SEPISP/CBLACK/FTWWHT,,,4067892086709,197615207303,8-, 60.5 , 110.0 ,USD,159, $48.70 
Footwear,Womens,Adult,Originals,Shoes - Low (No-Fb),JH7275,CAMPUS 00s W SEPISP/CBLACK/FTWWHT,,,4067892086686,197615207280,9, 60.5 , 110.0 ,USD,144, $48.70 
Footwear,Womens,Adult,Originals,Shoes - Low (No-Fb),JH7275,CAMPUS 00s W SEPISP/CBLACK/FTWWHT,,,4067892086723,197615207327,9-, 60.5 , 110.0 ,USD,0, $48.70 
Footwear,Womens,Adult,Originals,Shoes - Low (No-Fb),JH7275,CAMPUS 00s W SEPISP/CBLACK/FTWWHT,,,4067892090348,197615207341,10, 60.5 , 110.0 ,USD,0, $48.70 
Footwear,Womens,Adult,Originals,Shoes - Low (No-Fb),JH7275,CAMPUS 00s W SEPISP/CBLACK/FTWWHT,,,4067892086730,197615207334,10-, 60.5 , 110.0 ,USD,3, $48.70 
Footwear,Womens,Adult,Originals,Shoes - Low (No-Fb),JH7275,CAMPUS 00s W SEPISP/CBLACK/FTWWHT,,,4067892086693,197615207297,11, 60.5 , 110.0 ,USD,0, $48.70 
Apparel,Womens,Adult,Trail Running,T-Shirt (Long Sl.),JN3876,W XPR LS TEE SEFLAQ,,,4068811010997,197626743326,2XS, 32.5 , 65.0 ,USD,4, $26.16 
Apparel,Womens,Adult,Trail Running,T-Shirt (Long Sl.),JN3876,W XPR LS TEE SEFLAQ,,,4068811010935,197626739664,XS, 32.5 , 65.0 ,USD,10, $26.16 
Apparel,Womens,Adult,Trail Running,T-Shirt (Long Sl.),JN3876,W XPR LS TEE SEFLAQ,,,4068811011031,197626743364,S, 32.5 , 65.0 ,USD,32, $26.16 
Apparel,Womens,Adult,Trail Running,T-Shirt (Long Sl.),JN3876,W XPR LS TEE SEFLAQ,,,4068811011017,197626743340,M, 32.5 , 65.0 ,USD,36, $26.16 
Apparel,Womens,Adult,Trail Running,T-Shirt (Long Sl.),JN3876,W XPR LS TEE SEFLAQ,,,4068811011024,197626743357,L, 32.5 , 65.0 ,USD,18, $26.16 
Apparel,Womens,Adult,Trail Running,T-Shirt (Long Sl.),JN3876,W XPR LS TEE SEFLAQ,,,4068811010928,197626739657,XL, 32.5 , 65.0 ,USD,10, $26.16 
Apparel,Womens,Adult,Trail Running,T-Shirt (Long Sl.),JN3876,W XPR LS TEE SEFLAQ,,,4068811010959,197626743289,2XL, 32.5 , 65.0 ,USD,4, $26.16 
Footwear,Womens,Adult,Basketball,Shoes - Low (No-Fb),IH0350,RIVALRY LUX LOW W CREAMWHT/CREAMWHT/ALUMIN,Beige,,4067888592924,196477580814,4-, 60.5 , 110.0 ,USD,0, $48.70 
Footwear,Womens,Adult,Basketball,Shoes - Low (No-Fb),IH0350,RIVALRY LUX LOW W CREAMWHT/CREAMWHT/ALUMIN,Beige,,4067888592900,196477580791,5, 60.5 , 110.0 ,USD,0, $48.70 
Footwear,Womens,Adult,Basketball,Shoes - Low (No-Fb),IH0350,RIVALRY LUX LOW W CREAMWHT/CREAMWHT/ALUMIN,Beige,,4067888592870,196477580777,5-, 60.5 , 110.0 ,USD,0, $48.70 
Footwear,Womens,Adult,Basketball,Shoes - Low (No-Fb),IH0350,RIVALRY LUX LOW W CREAMWHT/CREAMWHT/ALUMIN,Beige,,4067888592955,196477580845,6, 60.5 , 110.0 ,USD,1, $48.70 
Footwear,Womens,Adult,Basketball,Shoes - Low (No-Fb),IH0350,RIVALRY LUX LOW W CREAMWHT/CREAMWHT/ALUMIN,Beige,,4067888589238,196477580722,6-, 60.5 , 110.0 ,USD,0, $48.70 
Footwear,Womens,Adult,Basketball,Shoes - Low (No-Fb),IH0350,RIVALRY LUX LOW W CREAMWHT/CREAMWHT/ALUMIN,Beige,,4067888589252,196477580746,7, 60.5 , 110.0 ,USD,0, $48.70 
Footwear,Womens,Adult,Basketball,Shoes - Low (No-Fb),IH0350,RIVALRY LUX LOW W CREAMWHT/CREAMWHT/ALUMIN,Beige,,4067888592863,196477580760,7-, 60.5 , 110.0 ,USD,0, $48.70 
Footwear,Womens,Adult,Basketball,Shoes - Low (No-Fb),IH0350,RIVALRY LUX LOW W CREAMWHT/CREAMWHT/ALUMIN,Beige,,4067888592917,196477580807,8, 60.5 , 110.0 ,USD,0, $48.70 
Footwear,Womens,Adult,Basketball,Shoes - Low (No-Fb),IH0350,RIVALRY LUX LOW W CREAMWHT/CREAMWHT/ALUMIN,Beige,,4067888592931,196477580821,8-, 60.5 , 110.0 ,USD,0, $48.70 
Footwear,Womens,Adult,Basketball,Shoes - Low (No-Fb),IH0350,RIVALRY LUX LOW W CREAMWHT/CREAMWHT/ALUMIN,Beige,,4067888589245,196477580739,9, 60.5 , 110.0 ,USD,0, $48.70 
Footwear,Womens,Adult,Basketball,Shoes - Low (No-Fb),IH0350,RIVALRY LUX LOW W CREAMWHT/CREAMWHT/ALUMIN,Beige,,4067888592948,196477580838,9-, 60.5 , 110.0 ,USD,0, $48.70 
Footwear,Womens,Adult,Basketball,Shoes - Low (No-Fb),IH0350,RIVALRY LUX LOW W CREAMWHT/CREAMWHT/ALUMIN,Beige,,4067888592887,196477580784,10, 60.5 , 110.0 ,USD,0, $48.70 
Footwear,Womens,Adult,Basketball,Shoes - Low (No-Fb),IH0350,RIVALRY LUX LOW W CREAMWHT/CREAMWHT/ALUMIN,Beige,,4067888592894,196477580753,10-, 60.5 , 110.0 ,USD,0, $48.70 
Footwear,Womens,Adult,Basketball,Shoes - Low (No-Fb),IH0350,RIVALRY LUX LOW W CREAMWHT/CREAMWHT/ALUMIN,Beige,,4067888592962,196477580852,11, 60.5 , 110.0 ,USD,0, $48.70 
Footwear,Mens,Adult,Trail Running,Shoes - Low (No-Fb),JR5278,TERREX TRACEFINDER 2 PRETEA/GREONE/SELUBL,,,4067903007358,197614696030,6, 38.5 , 70.0 ,USD,0, $30.99 
Footwear,Mens,Adult,Trail Running,Shoes - Low (No-Fb),JR5278,TERREX TRACEFINDER 2 PRETEA/GREONE/SELUBL,,,4067903007372,197614696054,6-, 38.5 , 70.0 ,USD,0, $30.99 
Footwear,Mens,Adult,Trail Running,Shoes - Low (No-Fb),JR5278,TERREX TRACEFINDER 2 PRETEA/GREONE/SELUBL,,,4067903007426,197614696115,7, 38.5 , 70.0 ,USD,2, $30.99 
Footwear,Mens,Adult,Trail Running,Shoes - Low (No-Fb),JR5278,TERREX TRACEFINDER 2 PRETEA/GREONE/SELUBL,,,4067903007396,197614696085,7-, 38.5 , 70.0 ,USD,3, $30.99 
Footwear,Mens,Adult,Trail Running,Shoes - Low (No-Fb),JR5278,TERREX TRACEFINDER 2 PRETEA/GREONE/SELUBL,,,4067903007433,197614696122,8, 38.5 , 70.0 ,USD,3, $30.99 
Footwear,Mens,Adult,Trail Running,Shoes - Low (No-Fb),JR5278,TERREX TRACEFINDER 2 PRETEA/GREONE/SELUBL,,,4067903007341,197614696061,8-, 38.5 , 70.0 ,USD,0, $30.99 
Footwear,Mens,Adult,Trail Running,Shoes - Low (No-Fb),JR5278,TERREX TRACEFINDER 2 PRETEA/GREONE/SELUBL,,,4067903007419,197614696108,9, 38.5 , 70.0 ,USD,0, $30.99 
Footwear,Mens,Adult,Trail Running,Shoes - Low (No-Fb),JR5278,TERREX TRACEFINDER 2 PRETEA/GREONE/SELUBL,,,4067903007327,197614692414,9-, 38.5 , 70.0 ,USD,0, $30.99 
Footwear,Mens,Adult,Trail Running,Shoes - Low (No-Fb),JR5278,TERREX TRACEFINDER 2 PRETEA/GREONE/SELUBL,,,4067903007402,197614696092,10, 38.5 , 70.0 ,USD,0, $30.99 
Footwear,Mens,Adult,Trail Running,Shoes - Low (No-Fb),JR5278,TERREX TRACEFINDER 2 PRETEA/GREONE/SELUBL,,,4067903011041,197614696146,10-, 38.5 , 70.0 ,USD,0, $30.99 
Footwear,Mens,Adult,Trail Running,Shoes - Low (No-Fb),JR5278,TERREX TRACEFINDER 2 PRETEA/GREONE/SELUBL,,,4067903007365,197614696047,11, 38.5 , 70.0 ,USD,0, $30.99 
Footwear,Mens,Adult,Trail Running,Shoes - Low (No-Fb),JR5278,TERREX TRACEFINDER 2 PRETEA/GREONE/SELUBL,,,4067903007310,197614692407,11-, 38.5 , 70.0 ,USD,0, $30.99 
Footwear,Mens,Adult,Trail Running,Shoes - Low (No-Fb),JR5278,TERREX TRACEFINDER 2 PRETEA/GREONE/SELUBL,,,4067903007334,197614692421,12, 38.5 , 70.0 ,USD,0, $30.99 
Footwear,Mens,Adult,Trail Running,Shoes - Low (No-Fb),JR5278,TERREX TRACEFINDER 2 PRETEA/GREONE/SELUBL,,,4067903007303,197614692391,12-, 38.5 , 70.0 ,USD,0, $30.99 
Footwear,Mens,Adult,Trail Running,Shoes - Low (No-Fb),JR5278,TERREX TRACEFINDER 2 PRETEA/GREONE/SELUBL,,,4067903007389,197614696078,13, 38.5 , 70.0 ,USD,0, $30.99 
Footwear,Mens,Adult,Trail Running,Shoes - Low (No-Fb),JR5278,TERREX TRACEFINDER 2 PRETEA/GREONE/SELUBL,,,4067903007297,197614692384,14, 38.5 , 70.0 ,USD,3, $30.99 
Footwear,Mens,Adult,Trail Running,Shoes - Low (No-Fb),JR5278,TERREX TRACEFINDER 2 PRETEA/GREONE/SELUBL,,,4067903011072,197614696139,15, 38.5 , 70.0 ,USD,0, $30.99 
Apparel,Womens,Adult,Hiking,Polarfleece-Full Zip,JN0921,W XPR LT FL H J PREPUR,,,4068808072762,197622178030,XS, 50.0 , 100.0 ,USD,19, $40.25 
Apparel,Womens,Adult,Hiking,Polarfleece-Full Zip,JN0921,W XPR LT FL H J PREPUR,,,4068808072816,197622180965,S, 50.0 , 100.0 ,USD,55, $40.25 
Apparel,Womens,Adult,Hiking,Polarfleece-Full Zip,JN0921,W XPR LT FL H J PREPUR,,,4068808072830,197622180989,M, 50.0 , 100.0 ,USD,85, $40.25 
Apparel,Womens,Adult,Hiking,Polarfleece-Full Zip,JN0921,W XPR LT FL H J PREPUR,,,4068808072854,197622181009,L, 50.0 , 100.0 ,USD,65, $40.25 
Apparel,Womens,Adult,Hiking,Polarfleece-Full Zip,JN0921,W XPR LT FL H J PREPUR,,,4068808072809,197622178078,XL, 50.0 , 100.0 ,USD,44, $40.25 
Apparel,Womens,Adult,Hiking,Polarfleece-Full Zip,JN0921,W XPR LT FL H J PREPUR,,,4068808072892,197622181047,2XL, 50.0 , 100.0 ,USD,7, $40.25 
Footwear,Mens,Adult,Trail Running,Shoes - Low (No-Fb),JR5279,TERREX TRACEFINDER 2 CARDBO/SAVANN/BROSTR,Beige,,4067903218235,197614903565,6, 38.5 , 70.0 ,USD,1, $30.99 
Footwear,Mens,Adult,Trail Running,Shoes - Low (No-Fb),JR5279,TERREX TRACEFINDER 2 CARDBO/SAVANN/BROSTR,Beige,,4067903218228,197614903558,6-, 38.5 , 70.0 ,USD,4, $30.99 
Footwear,Mens,Adult,Trail Running,Shoes - Low (No-Fb),JR5279,TERREX TRACEFINDER 2 CARDBO/SAVANN/BROSTR,Beige,,4067903214527,197614903459,7, 38.5 , 70.0 ,USD,12, $30.99 
Footwear,Mens,Adult,Trail Running,Shoes - Low (No-Fb),JR5279,TERREX TRACEFINDER 2 CARDBO/SAVANN/BROSTR,Beige,,4067903218181,197614903527,7-, 38.5 , 70.0 ,USD,4, $30.99 
Footwear,Mens,Adult,Trail Running,Shoes - Low (No-Fb),JR5279,TERREX TRACEFINDER 2 CARDBO/SAVANN/BROSTR,Beige,,4067903214503,197614903435,8, 38.5 , 70.0 ,USD,26, $30.99 
Footwear,Mens,Adult,Trail Running,Shoes - Low (No-Fb),JR5279,TERREX TRACEFINDER 2 CARDBO/SAVANN/BROSTR,Beige,,4067903214480,197614903404,8-, 38.5 , 70.0 ,USD,0, $30.99 
Footwear,Mens,Adult,Trail Running,Shoes - Low (No-Fb),JR5279,TERREX TRACEFINDER 2 CARDBO/SAVANN/BROSTR,Beige,,4067903218211,197614903541,9, 38.5 , 70.0 ,USD,0, $30.99 
Footwear,Mens,Adult,Trail Running,Shoes - Low (No-Fb),JR5279,TERREX TRACEFINDER 2 CARDBO/SAVANN/BROSTR,Beige,,4067903218198,197614903497,9-, 38.5 , 70.0 ,USD,0, $30.99 
Footwear,Mens,Adult,Trail Running,Shoes - Low (No-Fb),JR5279,TERREX TRACEFINDER 2 CARDBO/SAVANN/BROSTR,Beige,,4067903214510,197614903442,10, 38.5 , 70.0 ,USD,1, $30.99 
Footwear,Mens,Adult,Trail Running,Shoes - Low (No-Fb),JR5279,TERREX TRACEFINDER 2 CARDBO/SAVANN/BROSTR,Beige,,4067903218204,197614903534,10-, 38.5 , 70.0 ,USD,0, $30.99 
Footwear,Mens,Adult,Trail Running,Shoes - Low (No-Fb),JR5279,TERREX TRACEFINDER 2 CARDBO/SAVANN/BROSTR,Beige,,4067903214497,197614903411,11, 38.5 , 70.0 ,USD,30, $30.99 
Footwear,Mens,Adult,Trail Running,Shoes - Low (No-Fb),JR5279,TERREX TRACEFINDER 2 CARDBO/SAVANN/BROSTR,Beige,,4067903214473,197614903398,11-, 38.5 , 70.0 ,USD,4, $30.99 
Footwear,Mens,Adult,Trail Running,Shoes - Low (No-Fb),JR5279,TERREX TRACEFINDER 2 CARDBO/SAVANN/BROSTR,Beige,,4067903218174,197614903510,12, 38.5 , 70.0 ,USD,29, $30.99 
Footwear,Mens,Adult,Trail Running,Shoes - Low (No-Fb),JR5279,TERREX TRACEFINDER 2 CARDBO/SAVANN/BROSTR,Beige,,4067903214558,197614903480,12-, 38.5 , 70.0 ,USD,6, $30.99 
Footwear,Mens,Adult,Trail Running,Shoes - Low (No-Fb),JR5279,TERREX TRACEFINDER 2 CARDBO/SAVANN/BROSTR,Beige,,4067903214534,197614903466,13, 38.5 , 70.0 ,USD,35, $30.99 
Footwear,Mens,Adult,Trail Running,Shoes - Low (No-Fb),JR5279,TERREX TRACEFINDER 2 CARDBO/SAVANN/BROSTR,Beige,,4067903218167,197614903503,14, 38.5 , 70.0 ,USD,1, $30.99 
Footwear,Mens,Adult,Trail Running,Shoes - Low (No-Fb),JR5279,TERREX TRACEFINDER 2 CARDBO/SAVANN/BROSTR,Beige,,4067903214541,197614903473,15, 38.5 , 70.0 ,USD,0, $30.99 
Accessories,Unisex,Adult,Hiking,Beanie,JW0882,Terrex Xploric Pom Pom Beanie AURIVY,,,4068808211406,197625983730,OSFW, 17.5 , 35.0 ,USD,0, $14.09 
Accessories,Unisex,Adult,Hiking,Beanie,JW0882,Terrex Xploric Pom Pom Beanie AURIVY,,,4068808211420,197625983754,OSFM, 17.5 , 35.0 ,USD,85, $14.09 
Accessories,Unisex,Adult,Hiking,Beanie,JW0882,Terrex Xploric Pom Pom Beanie AURIVY,,,4068808211413,197625983747,OSFL, 17.5 , 35.0 ,USD,0, $14.09 
Footwear,Womens,Adult,Running,Shoes - Low (No-Fb),IF9201,PUREBOOST 5 W CBLACK/FTWWHT/GREFIV,Black,,4067889536538,196478640555,5, 71.5 , 130.0 ,USD,0, $57.56 
Footwear,Womens,Adult,Running,Shoes - Low (No-Fb),IF9201,PUREBOOST 5 W CBLACK/FTWWHT/GREFIV,Black,,4067889536637,196478640654,5-, 71.5 , 130.0 ,USD,0, $57.56 
Footwear,Womens,Adult,Running,Shoes - Low (No-Fb),IF9201,PUREBOOST 5 W CBLACK/FTWWHT/GREFIV,Black,,4067889536620,196478640647,6, 71.5 , 130.0 ,USD,0, $57.56 
Footwear,Womens,Adult,Running,Shoes - Low (No-Fb),IF9201,PUREBOOST 5 W CBLACK/FTWWHT/GREFIV,Black,,4067889536569,196478640586,6-, 71.5 , 130.0 ,USD,0, $57.56 
Footwear,Womens,Adult,Running,Shoes - Low (No-Fb),IF9201,PUREBOOST 5 W CBLACK/FTWWHT/GREFIV,Black,,4067889536521,196478640531,7, 71.5 , 130.0 ,USD,0, $57.56 
Footwear,Womens,Adult,Running,Shoes - Low (No-Fb),IF9201,PUREBOOST 5 W CBLACK/FTWWHT/GREFIV,Black,,4067889536545,196478640562,7-, 71.5 , 130.0 ,USD,0, $57.56 
Footwear,Womens,Adult,Running,Shoes - Low (No-Fb),IF9201,PUREBOOST 5 W CBLACK/FTWWHT/GREFIV,Black,,4067889536583,196478640609,8, 71.5 , 130.0 ,USD,8, $57.56 
Footwear,Womens,Adult,Running,Shoes - Low (No-Fb),IF9201,PUREBOOST 5 W CBLACK/FTWWHT/GREFIV,Black,,4067889536651,196478640678,8-, 71.5 , 130.0 ,USD,0, $57.56 
Footwear,Womens,Adult,Running,Shoes - Low (No-Fb),IF9201,PUREBOOST 5 W CBLACK/FTWWHT/GREFIV,Black,,4067889536644,196478640661,9, 71.5 , 130.0 ,USD,0, $57.56 
Footwear,Womens,Adult,Running,Shoes - Low (No-Fb),IF9201,PUREBOOST 5 W CBLACK/FTWWHT/GREFIV,Black,,4067889536668,196478640685,9-, 71.5 , 130.0 ,USD,24, $57.56 
Footwear,Womens,Adult,Running,Shoes - Low (No-Fb),IF9201,PUREBOOST 5 W CBLACK/FTWWHT/GREFIV,Black,,4067889536576,196478640593,10, 71.5 , 130.0 ,USD,0, $57.56 
Footwear,Womens,Adult,Running,Shoes - Low (No-Fb),IF9201,PUREBOOST 5 W CBLACK/FTWWHT/GREFIV,Black,,4067889536552,196478640579,10-, 71.5 , 130.0 ,USD,0, $57.56 
Footwear,Womens,Adult,Running,Shoes - Low (No-Fb),IF9201,PUREBOOST 5 W CBLACK/FTWWHT/GREFIV,Black,,4067889536613,196478640630,11, 71.5 , 130.0 ,USD,1, $57.56 
Footwear,Womens,Adult,Running,Shoes - Low (No-Fb),IF9201,PUREBOOST 5 W CBLACK/FTWWHT/GREFIV,Black,,4067889536590,196478640616,11-, 71.5 , 130.0 ,USD,0, $57.56 
Footwear,Unisex,Adult,Soccer,Soccer Shoe-Firm G,ID8967,PREDATOR ELITE FT FG FTWWHT/LUCPNK/LUCLEM,White,,4067904132332,197615791123,4, 154.0 , 280.0 ,USD,0, $123.97 
Footwear,Unisex,Adult,Soccer,Soccer Shoe-Firm G,ID8967,PREDATOR ELITE FT FG FTWWHT/LUCPNK/LUCLEM,White,,4067904132363,197615794773,4-, 154.0 , 280.0 ,USD,0, $123.97 
Footwear,Unisex,Adult,Soccer,Soccer Shoe-Firm G,ID8967,PREDATOR ELITE FT FG FTWWHT/LUCPNK/LUCLEM,White,,4067904132417,197615794834,5, 154.0 , 280.0 ,USD,0, $123.97 
Footwear,Unisex,Adult,Soccer,Soccer Shoe-Firm G,ID8967,PREDATOR ELITE FT FG FTWWHT/LUCPNK/LUCLEM,White,,4067904132431,197615794858,5-, 154.0 , 280.0 ,USD,0, $123.97 
Footwear,Unisex,Adult,Soccer,Soccer Shoe-Firm G,ID8967,PREDATOR ELITE FT FG FTWWHT/LUCPNK/LUCLEM,White,,4067904132387,197615794797,6, 154.0 , 280.0 ,USD,0, $123.97 
Footwear,Unisex,Adult,Soccer,Soccer Shoe-Firm G,ID8967,PREDATOR ELITE FT FG FTWWHT/LUCPNK/LUCLEM,White,,4067904132356,197615794803,6-, 154.0 , 280.0 ,USD,0, $123.97 
Footwear,Unisex,Adult,Soccer,Soccer Shoe-Firm G,ID8967,PREDATOR ELITE FT FG FTWWHT/LUCPNK/LUCLEM,White,,4067904132448,197615794865,7, 154.0 , 280.0 ,USD,0, $123.97 
Footwear,Unisex,Adult,Soccer,Soccer Shoe-Firm G,ID8967,PREDATOR ELITE FT FG FTWWHT/LUCPNK/LUCLEM,White,,4067904132349,197615791161,7-, 154.0 , 280.0 ,USD,0, $123.97 
Footwear,Unisex,Adult,Soccer,Soccer Shoe-Firm G,ID8967,PREDATOR ELITE FT FG FTWWHT/LUCPNK/LUCLEM,White,,4067904132318,197615791147,8, 154.0 , 280.0 ,USD,0, $123.97 
Footwear,Unisex,Adult,Soccer,Soccer Shoe-Firm G,ID8967,PREDATOR ELITE FT FG FTWWHT/LUCPNK/LUCLEM,White,,4067904128687,197615791109,8-, 154.0 , 280.0 ,USD,0, $123.97 
Footwear,Unisex,Adult,Soccer,Soccer Shoe-Firm G,ID8967,PREDATOR ELITE FT FG FTWWHT/LUCPNK/LUCLEM,White,,4067904132370,197615794780,9, 154.0 , 280.0 ,USD,0, $123.97 
Footwear,Unisex,Adult,Soccer,Soccer Shoe-Firm G,ID8967,PREDATOR ELITE FT FG FTWWHT/LUCPNK/LUCLEM,White,,4067904132400,197615794827,9-, 154.0 , 280.0 ,USD,0, $123.97 
Footwear,Unisex,Adult,Soccer,Soccer Shoe-Firm G,ID8967,PREDATOR ELITE FT FG FTWWHT/LUCPNK/LUCLEM,White,,4067904132301,197615791130,10, 154.0 , 280.0 ,USD,0, $123.97 
Footwear,Unisex,Adult,Soccer,Soccer Shoe-Firm G,ID8967,PREDATOR ELITE FT FG FTWWHT/LUCPNK/LUCLEM,White,,4067904128694,197615791116,10-, 154.0 , 280.0 ,USD,0, $123.97 
Footwear,Unisex,Adult,Soccer,Soccer Shoe-Firm G,ID8967,PREDATOR ELITE FT FG FTWWHT/LUCPNK/LUCLEM,White,,4067904128663,197615791086,11, 154.0 , 280.0 ,USD,0, $123.97 
Footwear,Unisex,Adult,Soccer,Soccer Shoe-Firm G,ID8967,PREDATOR ELITE FT FG FTWWHT/LUCPNK/LUCLEM,White,,4067904128670,197615791093,11-, 154.0 , 280.0 ,USD,0, $123.97 
Footwear,Unisex,Adult,Soccer,Soccer Shoe-Firm G,ID8967,PREDATOR ELITE FT FG FTWWHT/LUCPNK/LUCLEM,White,,4067904132424,197615794841,12, 154.0 , 280.0 ,USD,0, $123.97 
Footwear,Unisex,Adult,Soccer,Soccer Shoe-Firm G,ID8967,PREDATOR ELITE FT FG FTWWHT/LUCPNK/LUCLEM,White,,4067904132325,197615791154,12-, 154.0 , 280.0 ,USD,0, $123.97 
Footwear,Unisex,Adult,Soccer,Soccer Shoe-Firm G,ID8967,PREDATOR ELITE FT FG FTWWHT/LUCPNK/LUCLEM,White,,4067904132394,197615794810,13, 154.0 , 280.0 ,USD,0, $123.97 
Footwear,Unisex,Adult,Soccer,Soccer Shoe-Firm G,ID8967,PREDATOR ELITE FT FG FTWWHT/LUCPNK/LUCLEM,White,,4067904132455,197615794872,13-, 154.0 , 280.0 ,USD,5, $123.97 
Apparel,Womens,Adult,Hiking,Polarfleece-Full Zip,JN0927,W XPL HP FL VST EARSTR,,,4068808190992,197622054358,XS, 45.0 , 90.0 ,USD,3, $36.23 
Apparel,Womens,Adult,Hiking,Polarfleece-Full Zip,JN0927,W XPL HP FL VST EARSTR,,,4068807946071,197622054471,S, 45.0 , 90.0 ,USD,15, $36.23 
Apparel,Womens,Adult,Hiking,Polarfleece-Full Zip,JN0927,W XPL HP FL VST EARSTR,,,4068808191012,197622054372,M, 45.0 , 90.0 ,USD,14, $36.23 
Apparel,Womens,Adult,Hiking,Polarfleece-Full Zip,JN0927,W XPL HP FL VST EARSTR,,,4068807946118,197622058110,L, 45.0 , 90.0 ,USD,2, $36.23 
Apparel,Womens,Adult,Hiking,Polarfleece-Full Zip,JN0927,W XPL HP FL VST EARSTR,,,4068807946057,197622054457,XL, 45.0 , 90.0 ,USD,0, $36.23 
Apparel,Womens,Adult,Hiking,Polarfleece-Full Zip,JN0927,W XPL HP FL VST EARSTR,,,4068807946033,197622054433,2XL, 45.0 , 90.0 ,USD,0, $36.23 
Apparel,Unisex,Junior,Originals,Pants (1/1),IY1752,CARGO PANTS CARBON/MULTCO,,,4067894123037,196479847892,XS, 30.0 , 60.0 ,USD,0, $24.15 
Apparel,Unisex,Junior,Originals,Pants (1/1),IY1752,CARGO PANTS CARBON/MULTCO,,,4067894123013,196479847861,S, 30.0 , 60.0 ,USD,31, $24.15 
Apparel,Unisex,Junior,Originals,Pants (1/1),IY1752,CARGO PANTS CARBON/MULTCO,,,4067894123082,196479847946,M, 30.0 , 60.0 ,USD,79, $24.15 
Apparel,Unisex,Junior,Originals,Pants (1/1),IY1752,CARGO PANTS CARBON/MULTCO,,,4067894123075,196479847939,L, 30.0 , 60.0 ,USD,63, $24.15 
Apparel,Unisex,Junior,Originals,Pants (1/1),IY1752,CARGO PANTS CARBON/MULTCO,,,4067894123068,196479847922,XL, 30.0 , 60.0 ,USD,29, $24.15 
Footwear,Mens,Adult,Running,Shoes - Low (No-Fb),JI3385,ULTRABOOST 5X DKBLUE/FTWWHT/HALSIL,Blue,,4067898606208,197611070475,4, 99.0 , 180.0 ,USD,0, $79.70 
Footwear,Mens,Adult,Running,Shoes - Low (No-Fb),JI3385,ULTRABOOST 5X DKBLUE/FTWWHT/HALSIL,Blue,,4067898608356,197611074305,4-, 99.0 , 180.0 ,USD,0, $79.70 
Footwear,Mens,Adult,Running,Shoes - Low (No-Fb),JI3385,ULTRABOOST 5X DKBLUE/FTWWHT/HALSIL,Blue,,4067898606345,197611074206,5, 99.0 , 180.0 ,USD,0, $79.70 
Footwear,Mens,Adult,Running,Shoes - Low (No-Fb),JI3385,ULTRABOOST 5X DKBLUE/FTWWHT/HALSIL,Blue,,4067898606369,197611074220,5-, 99.0 , 180.0 ,USD,0, $79.70 
Footwear,Mens,Adult,Running,Shoes - Low (No-Fb),JI3385,ULTRABOOST 5X DKBLUE/FTWWHT/HALSIL,Blue,,4067898606352,197611074213,6, 99.0 , 180.0 ,USD,0, $79.70 
Footwear,Mens,Adult,Running,Shoes - Low (No-Fb),JI3385,ULTRABOOST 5X DKBLUE/FTWWHT/HALSIL,Blue,,4067898606376,197611074237,6-, 99.0 , 180.0 ,USD,0, $79.70 
Footwear,Mens,Adult,Running,Shoes - Low (No-Fb),JI3385,ULTRABOOST 5X DKBLUE/FTWWHT/HALSIL,Blue,,4067898606338,197611074183,7, 99.0 , 180.0 ,USD,0, $79.70 
Footwear,Mens,Adult,Running,Shoes - Low (No-Fb),JI3385,ULTRABOOST 5X DKBLUE/FTWWHT/HALSIL,Blue,,4067898606246,197611070505,7-, 99.0 , 180.0 ,USD,0, $79.70 
Footwear,Mens,Adult,Running,Shoes - Low (No-Fb),JI3385,ULTRABOOST 5X DKBLUE/FTWWHT/HALSIL,Blue,,4067898606253,197611070512,8, 99.0 , 180.0 ,USD,0, $79.70 
Footwear,Mens,Adult,Running,Shoes - Low (No-Fb),JI3385,ULTRABOOST 5X DKBLUE/FTWWHT/HALSIL,Blue,,4067898606284,197611070543,8-, 99.0 , 180.0 ,USD,0, $79.70 
Footwear,Mens,Adult,Running,Shoes - Low (No-Fb),JI3385,ULTRABOOST 5X DKBLUE/FTWWHT/HALSIL,Blue,,4067898606307,197611074190,9, 99.0 , 180.0 ,USD,0, $79.70 
Footwear,Mens,Adult,Running,Shoes - Low (No-Fb),JI3385,ULTRABOOST 5X DKBLUE/FTWWHT/HALSIL,Blue,,4067898606406,197611074268,9-, 99.0 , 180.0 ,USD,0, $79.70 
Footwear,Mens,Adult,Running,Shoes - Low (No-Fb),JI3385,ULTRABOOST 5X DKBLUE/FTWWHT/HALSIL,Blue,,4067898606321,197611074176,10, 99.0 , 180.0 ,USD,0, $79.70 
Footwear,Mens,Adult,Running,Shoes - Low (No-Fb),JI3385,ULTRABOOST 5X DKBLUE/FTWWHT/HALSIL,Blue,,4067898606215,197611070482,10-, 99.0 , 180.0 ,USD,0, $79.70 
Footwear,Mens,Adult,Running,Shoes - Low (No-Fb),JI3385,ULTRABOOST 5X DKBLUE/FTWWHT/HALSIL,Blue,,4067898606239,197611070499,11, 99.0 , 180.0 ,USD,0, $79.70 
Footwear,Mens,Adult,Running,Shoes - Low (No-Fb),JI3385,ULTRABOOST 5X DKBLUE/FTWWHT/HALSIL,Blue,,4067898606383,197611074244,11-, 99.0 , 180.0 ,USD,0, $79.70 
Footwear,Mens,Adult,Running,Shoes - Low (No-Fb),JI3385,ULTRABOOST 5X DKBLUE/FTWWHT/HALSIL,Blue,,4067898606390,197611074251,12, 99.0 , 180.0 ,USD,0, $79.70 
Footwear,Mens,Adult,Running,Shoes - Low (No-Fb),JI3385,ULTRABOOST 5X DKBLUE/FTWWHT/HALSIL,Blue,,4067898606291,197611070550,12-, 99.0 , 180.0 ,USD,0, $79.70 
Footwear,Mens,Adult,Running,Shoes - Low (No-Fb),JI3385,ULTRABOOST 5X DKBLUE/FTWWHT/HALSIL,Blue,,4067898606413,197611074275,13, 99.0 , 180.0 ,USD,0, $79.70 
Footwear,Mens,Adult,Running,Shoes - Low (No-Fb),JI3385,ULTRABOOST 5X DKBLUE/FTWWHT/HALSIL,Blue,,4067898608370,197611074299,14, 99.0 , 180.0 ,USD,17, $79.70 
Footwear,Mens,Adult,Running,Shoes - Low (No-Fb),JI3385,ULTRABOOST 5X DKBLUE/FTWWHT/HALSIL,Blue,,4067898606260,197611070529,15, 99.0 , 180.0 ,USD,14, $79.70 
Footwear,Mens,Adult,Running,Shoes - Low (No-Fb),JI3385,ULTRABOOST 5X DKBLUE/FTWWHT/HALSIL,Blue,,4067898388678,197611401354,16, 99.0 , 180.0 ,USD,7, $79.70 
Footwear,Mens,Adult,Running,Shoes - Low (No-Fb),JI3385,ULTRABOOST 5X DKBLUE/FTWWHT/HALSIL,Blue,,4067898606420,197611074282,17, 99.0 , 180.0 ,USD,3, $79.70 
Footwear,Mens,Adult,Running,Shoes - Low (No-Fb),JI3385,ULTRABOOST 5X DKBLUE/FTWWHT/HALSIL,Blue,,4067898606314,197611074169,18, 99.0 , 180.0 ,USD,3, $79.70 
Apparel,Womens,Adult,Hiking,T-Shirt (Long Sl.),JN3882,W MT SUN HOODY SEFLAQ,,,4068811057466,197626712995,XS, 30.0 , 60.0 ,USD,11, $24.15 
Apparel,Womens,Adult,Hiking,T-Shirt (Long Sl.),JN3882,W MT SUN HOODY SEFLAQ,,,4068811057565,197626716696,S, 30.0 , 60.0 ,USD,21, $24.15 
Apparel,Womens,Adult,Hiking,T-Shirt (Long Sl.),JN3882,W MT SUN HOODY SEFLAQ,,,4068811057480,197626713015,M, 30.0 , 60.0 ,USD,29, $24.15 
Apparel,Womens,Adult,Hiking,T-Shirt (Long Sl.),JN3882,W MT SUN HOODY SEFLAQ,,,4068811057558,197626716689,L, 30.0 , 60.0 ,USD,19, $24.15 
Apparel,Womens,Adult,Hiking,T-Shirt (Long Sl.),JN3882,W MT SUN HOODY SEFLAQ,,,4068811057572,197626716702,XL, 30.0 , 60.0 ,USD,15, $24.15 
Apparel,Womens,Adult,Hiking,T-Shirt (Long Sl.),JN3882,W MT SUN HOODY SEFLAQ,,,4068811057473,197626713008,2XL, 30.0 , 60.0 ,USD,3, $24.15 
Apparel,Womens,Adult,Hiking,T-Shirt (Long Sl.),JN3882,W MT SUN HOODY SEFLAQ,,,4068811057503,197626713039,3XL, 30.0 , 60.0 ,USD,3, $24.15 
Footwear,Womens,Adult,Tennis,Shoes - Low (No-Fb),IG3030,Avacourt 2 FTWWHT/SILVMT/GREONE,White,,4066764713880,196471464691,5, 82.5 , 150.0 ,USD,0, $66.41 
Footwear,Womens,Adult,Tennis,Shoes - Low (No-Fb),IG3030,Avacourt 2 FTWWHT/SILVMT/GREONE,White,,4066764713859,196471464653,5-, 82.5 , 150.0 ,USD,0, $66.41 
Footwear,Womens,Adult,Tennis,Shoes - Low (No-Fb),IG3030,Avacourt 2 FTWWHT/SILVMT/GREONE,White,,4066764717550,196471464769,6, 82.5 , 150.0 ,USD,0, $66.41 
Footwear,Womens,Adult,Tennis,Shoes - Low (No-Fb),IG3030,Avacourt 2 FTWWHT/SILVMT/GREONE,White,,4066764713903,196471464714,6-, 82.5 , 150.0 ,USD,0, $66.41 
Footwear,Womens,Adult,Tennis,Shoes - Low (No-Fb),IG3030,Avacourt 2 FTWWHT/SILVMT/GREONE,White,,4066764713866,196471464677,7, 82.5 , 150.0 ,USD,0, $66.41 
Footwear,Womens,Adult,Tennis,Shoes - Low (No-Fb),IG3030,Avacourt 2 FTWWHT/SILVMT/GREONE,White,,4066764717567,196471464776,7-, 82.5 , 150.0 ,USD,0, $66.41 
Footwear,Womens,Adult,Tennis,Shoes - Low (No-Fb),IG3030,Avacourt 2 FTWWHT/SILVMT/GREONE,White,,4066764713897,196471464707,8, 82.5 , 150.0 ,USD,0, $66.41 
Footwear,Womens,Adult,Tennis,Shoes - Low (No-Fb),IG3030,Avacourt 2 FTWWHT/SILVMT/GREONE,White,,4066764717574,196471464783,8-, 82.5 , 150.0 ,USD,10, $66.41 
Footwear,Womens,Adult,Tennis,Shoes - Low (No-Fb),IG3030,Avacourt 2 FTWWHT/SILVMT/GREONE,White,,4066764717543,196471464721,9, 82.5 , 150.0 ,USD,0, $66.41 
Footwear,Womens,Adult,Tennis,Shoes - Low (No-Fb),IG3030,Avacourt 2 FTWWHT/SILVMT/GREONE,White,,4066764717581,196471464790,9-, 82.5 , 150.0 ,USD,0, $66.41 
Footwear,Womens,Adult,Tennis,Shoes - Low (No-Fb),IG3030,Avacourt 2 FTWWHT/SILVMT/GREONE,White,,4066764717529,196471464745,10, 82.5 , 150.0 ,USD,0, $66.41 
Footwear,Womens,Adult,Tennis,Shoes - Low (No-Fb),IG3030,Avacourt 2 FTWWHT/SILVMT/GREONE,White,,4066764717512,196471464738,10-, 82.5 , 150.0 ,USD,0, $66.41 
Footwear,Womens,Adult,Tennis,Shoes - Low (No-Fb),IG3030,Avacourt 2 FTWWHT/SILVMT/GREONE,White,,4066764713873,196471464684,11, 82.5 , 150.0 ,USD,0, $66.41 
Footwear,Womens,Adult,Tennis,Shoes - Low (No-Fb),IG3030,Avacourt 2 FTWWHT/SILVMT/GREONE,White,,4066764717536,196471464752,11-, 82.5 , 150.0 ,USD,0, $66.41 
Footwear,Womens,Adult,Originals,Shoes - Low (No-Fb),JH9668,GAZELLE BOLD W COUGRN/LUCPNK/PURSUL,,,4067898506584,197611191477,5, 66.0 , 120.0 ,USD,1, $53.13 
Footwear,Womens,Adult,Originals,Shoes - Low (No-Fb),JH9668,GAZELLE BOLD W COUGRN/LUCPNK/PURSUL,,,4067898506522,197611191422,5-, 66.0 , 120.0 ,USD,0, $53.13 
Footwear,Womens,Adult,Originals,Shoes - Low (No-Fb),JH9668,GAZELLE BOLD W COUGRN/LUCPNK/PURSUL,,,4067898506560,197611191453,6, 66.0 , 120.0 ,USD,111, $53.13 
Footwear,Womens,Adult,Originals,Shoes - Low (No-Fb),JH9668,GAZELLE BOLD W COUGRN/LUCPNK/PURSUL,,,4067898506577,197611191460,6-, 66.0 , 120.0 ,USD,129, $53.13 
Footwear,Womens,Adult,Originals,Shoes - Low (No-Fb),JH9668,GAZELLE BOLD W COUGRN/LUCPNK/PURSUL,,,4067898506614,197611191507,7, 66.0 , 120.0 ,USD,141, $53.13 
Footwear,Womens,Adult,Originals,Shoes - Low (No-Fb),JH9668,GAZELLE BOLD W COUGRN/LUCPNK/PURSUL,,,4067898506607,197611191491,7-, 66.0 , 120.0 ,USD,131, $53.13 
Footwear,Womens,Adult,Originals,Shoes - Low (No-Fb),JH9668,GAZELLE BOLD W COUGRN/LUCPNK/PURSUL,,,4067898506591,197611191484,8, 66.0 , 120.0 ,USD,139, $53.13 
Footwear,Womens,Adult,Originals,Shoes - Low (No-Fb),JH9668,GAZELLE BOLD W COUGRN/LUCPNK/PURSUL,,,4067898506638,197611191521,8-, 66.0 , 120.0 ,USD,99, $53.13 
Footwear,Womens,Adult,Originals,Shoes - Low (No-Fb),JH9668,GAZELLE BOLD W COUGRN/LUCPNK/PURSUL,,,4067898506645,197611192283,9, 66.0 , 120.0 ,USD,74, $53.13 
Footwear,Womens,Adult,Originals,Shoes - Low (No-Fb),JH9668,GAZELLE BOLD W COUGRN/LUCPNK/PURSUL,,,4067898506553,197611191446,9-, 66.0 , 120.0 ,USD,57, $53.13 
Footwear,Womens,Adult,Originals,Shoes - Low (No-Fb),JH9668,GAZELLE BOLD W COUGRN/LUCPNK/PURSUL,,,4067898506546,197611191439,10, 66.0 , 120.0 ,USD,53, $53.13 
Footwear,Womens,Adult,Originals,Shoes - Low (No-Fb),JH9668,GAZELLE BOLD W COUGRN/LUCPNK/PURSUL,,,4067898506515,197611191415,10-, 66.0 , 120.0 ,USD,0, $53.13 
Footwear,Womens,Adult,Originals,Shoes - Low (No-Fb),JH9668,GAZELLE BOLD W COUGRN/LUCPNK/PURSUL,,,4067898506652,197611192252,11, 66.0 , 120.0 ,USD,34, $53.13 
Footwear,Womens,Adult,Originals,Shoes - Low (No-Fb),JH9666,GAZELLE BOLD W WARCLA/CLEORA/PRERUB,,,4067898502678,197611190692,5, 66.0 , 120.0 ,USD,0, $53.13 
Footwear,Womens,Adult,Originals,Shoes - Low (No-Fb),JH9666,GAZELLE BOLD W WARCLA/CLEORA/PRERUB,,,4067898502746,197611190753,5-, 66.0 , 120.0 ,USD,0, $53.13 
Footwear,Womens,Adult,Originals,Shoes - Low (No-Fb),JH9666,GAZELLE BOLD W WARCLA/CLEORA/PRERUB,,,4067898502692,197611190715,6, 66.0 , 120.0 ,USD,0, $53.13 
Footwear,Womens,Adult,Originals,Shoes - Low (No-Fb),JH9666,GAZELLE BOLD W WARCLA/CLEORA/PRERUB,,,4067898502753,197611190760,6-, 66.0 , 120.0 ,USD,0, $53.13 
Footwear,Womens,Adult,Originals,Shoes - Low (No-Fb),JH9666,GAZELLE BOLD W WARCLA/CLEORA/PRERUB,,,4067898499046,197611190654,7, 66.0 , 120.0 ,USD,5, $53.13 
Footwear,Womens,Adult,Originals,Shoes - Low (No-Fb),JH9666,GAZELLE BOLD W WARCLA/CLEORA/PRERUB,,,4067898499060,197611190678,7-, 66.0 , 120.0 ,USD,0, $53.13 
Footwear,Womens,Adult,Originals,Shoes - Low (No-Fb),JH9666,GAZELLE BOLD W WARCLA/CLEORA/PRERUB,,,4067898502715,197611190722,8, 66.0 , 120.0 ,USD,10, $53.13 
Footwear,Womens,Adult,Originals,Shoes - Low (No-Fb),JH9666,GAZELLE BOLD W WARCLA/CLEORA/PRERUB,,,4067898502777,197611190784,8-, 66.0 , 120.0 ,USD,0, $53.13 
Footwear,Womens,Adult,Originals,Shoes - Low (No-Fb),JH9666,GAZELLE BOLD W WARCLA/CLEORA/PRERUB,,,4067898502739,197611190746,9, 66.0 , 120.0 ,USD,0, $53.13 
Footwear,Womens,Adult,Originals,Shoes - Low (No-Fb),JH9666,GAZELLE BOLD W WARCLA/CLEORA/PRERUB,,,4067898502685,197611190708,9-, 66.0 , 120.0 ,USD,0, $53.13 
Footwear,Womens,Adult,Originals,Shoes - Low (No-Fb),JH9666,GAZELLE BOLD W WARCLA/CLEORA/PRERUB,,,4067898502760,197611190777,10, 66.0 , 120.0 ,USD,0, $53.13 
Footwear,Womens,Adult,Originals,Shoes - Low (No-Fb),JH9666,GAZELLE BOLD W WARCLA/CLEORA/PRERUB,,,4067898502708,197611190685,10-, 66.0 , 120.0 ,USD,0, $53.13 
Footwear,Womens,Adult,Originals,Shoes - Low (No-Fb),JH9666,GAZELLE BOLD W WARCLA/CLEORA/PRERUB,,,4067898502722,197611190739,11, 66.0 , 120.0 ,USD,0, $53.13 
Footwear,Unisex,Kids,Originals,Sandals,IG8167,ADIFOM ADILETTE C CBLACK/CBLACK/CBLACK,Black,,4066764193248,196471516451,10K, 22.5 , 45.0 ,USD,49, $18.11 
Footwear,Unisex,Kids,Originals,Sandals,IG8167,ADIFOM ADILETTE C CBLACK/CBLACK/CBLACK,Black,,4066764193231,196471516444,11K, 22.5 , 45.0 ,USD,60, $18.11 
Footwear,Unisex,Kids,Originals,Sandals,IG8167,ADIFOM ADILETTE C CBLACK/CBLACK/CBLACK,Black,,4066764193255,196471516468,12K, 22.5 , 45.0 ,USD,60, $18.11 
Footwear,Unisex,Kids,Originals,Sandals,IG8167,ADIFOM ADILETTE C CBLACK/CBLACK/CBLACK,Black,,4066764193262,196471516475,13K, 22.5 , 45.0 ,USD,0, $18.11 
Footwear,Unisex,Kids,Originals,Sandals,IG8167,ADIFOM ADILETTE C CBLACK/CBLACK/CBLACK,Black,,4066764193217,196471516420,1, 22.5 , 45.0 ,USD,20, $18.11 
Footwear,Unisex,Kids,Originals,Sandals,IG8167,ADIFOM ADILETTE C CBLACK/CBLACK/CBLACK,Black,,4066764193224,196471516437,2, 22.5 , 45.0 ,USD,9, $18.11 
Footwear,Womens,Adult,Originals,Shoes - Low (No-Fb),IG4367,GAZELLE BOLD W BLUE/PURBUR/BLUE,Blue,,4067888336412,196477454443,5, 66.0 , 120.0 ,USD,0, $53.13 
Footwear,Womens,Adult,Originals,Shoes - Low (No-Fb),IG4367,GAZELLE BOLD W BLUE/PURBUR/BLUE,Blue,,4067888336535,196477454573,5-, 66.0 , 120.0 ,USD,0, $53.13 
Footwear,Womens,Adult,Originals,Shoes - Low (No-Fb),IG4367,GAZELLE BOLD W BLUE/PURBUR/BLUE,Blue,,4067888336467,196477454504,6, 66.0 , 120.0 ,USD,37, $53.13 
Footwear,Womens,Adult,Originals,Shoes - Low (No-Fb),IG4367,GAZELLE BOLD W BLUE/PURBUR/BLUE,Blue,,4067888336474,196477454511,6-, 66.0 , 120.0 ,USD,39, $53.13 
Footwear,Womens,Adult,Originals,Shoes - Low (No-Fb),IG4367,GAZELLE BOLD W BLUE/PURBUR/BLUE,Blue,,4067888336504,196477454542,7, 66.0 , 120.0 ,USD,42, $53.13 
Footwear,Womens,Adult,Originals,Shoes - Low (No-Fb),IG4367,GAZELLE BOLD W BLUE/PURBUR/BLUE,Blue,,4067888336498,196477454535,7-, 66.0 , 120.0 ,USD,42, $53.13 
Footwear,Womens,Adult,Originals,Shoes - Low (No-Fb),IG4367,GAZELLE BOLD W BLUE/PURBUR/BLUE,Blue,,4067888336450,196477454498,8, 66.0 , 120.0 ,USD,36, $53.13 
Footwear,Womens,Adult,Originals,Shoes - Low (No-Fb),IG4367,GAZELLE BOLD W BLUE/PURBUR/BLUE,Blue,,4067888336429,196477454467,8-, 66.0 , 120.0 ,USD,37, $53.13 
Footwear,Womens,Adult,Originals,Shoes - Low (No-Fb),IG4367,GAZELLE BOLD W BLUE/PURBUR/BLUE,Blue,,4067888336542,196477454580,9, 66.0 , 120.0 ,USD,8, $53.13 
Footwear,Womens,Adult,Originals,Shoes - Low (No-Fb),IG4367,GAZELLE BOLD W BLUE/PURBUR/BLUE,Blue,,4067888336443,196477454481,9-, 66.0 , 120.0 ,USD,0, $53.13 
Footwear,Womens,Adult,Originals,Shoes - Low (No-Fb),IG4367,GAZELLE BOLD W BLUE/PURBUR/BLUE,Blue,,4067888336511,196477454559,10, 66.0 , 120.0 ,USD,0, $53.13 
Footwear,Womens,Adult,Originals,Shoes - Low (No-Fb),IG4367,GAZELLE BOLD W BLUE/PURBUR/BLUE,Blue,,4067888336528,196477454566,10-, 66.0 , 120.0 ,USD,0, $53.13 
Footwear,Womens,Adult,Originals,Shoes - Low (No-Fb),IG4367,GAZELLE BOLD W BLUE/PURBUR/BLUE,Blue,,4067888336436,196477454474,11, 66.0 , 120.0 ,USD,0, $53.13 
Apparel,Womens,Adult,Hiking,T-Shirt (Long Sl.),JN3883,W MT SUN HOODY AURPLU,,,4068811011154,197626824124,XS, 30.0 , 60.0 ,USD,27, $24.15 
Apparel,Womens,Adult,Hiking,T-Shirt (Long Sl.),JN3883,W MT SUN HOODY AURPLU,,,4068811007515,197626824087,S, 30.0 , 60.0 ,USD,75, $24.15 
Apparel,Womens,Adult,Hiking,T-Shirt (Long Sl.),JN3883,W MT SUN HOODY AURPLU,,,4068811011239,197626827804,M, 30.0 , 60.0 ,USD,95, $24.15 
Apparel,Womens,Adult,Hiking,T-Shirt (Long Sl.),JN3883,W MT SUN HOODY AURPLU,,,4068811011123,197626824094,L, 30.0 , 60.0 ,USD,60, $24.15 
Apparel,Womens,Adult,Hiking,T-Shirt (Long Sl.),JN3883,W MT SUN HOODY AURPLU,,,4068811011215,197626827781,XL, 30.0 , 60.0 ,USD,38, $24.15 
Apparel,Womens,Adult,Hiking,T-Shirt (Long Sl.),JN3883,W MT SUN HOODY AURPLU,,,4068811011130,197626824100,2XL, 30.0 , 60.0 ,USD,3, $24.15 
Apparel,Womens,Adult,Hiking,T-Shirt (Long Sl.),JN3883,W MT SUN HOODY AURPLU,,,4068811011178,197626824148,3XL, 30.0 , 60.0 ,USD,2, $24.15 
Accessories,Unisex,Adult,Soccer,Ball (Thermal-Bondin,JH1261,W EURO25 PRO WHITE/PANTON/PANTON/LUCLE,White,,4067905963218,196475310451,5, 85.0 , 170.0 ,USD,300+, $68.43 
Apparel,Mens,Junior,Soccer,Jersey (Short Sl.),HR2654,T ICON 23 JSY Y ROYBLU,Blue,,4066746301654,195744755856,2XS, 15.0 , 30.0 ,USD,0, $12.08 
Apparel,Mens,Junior,Soccer,Jersey (Short Sl.),HR2654,T ICON 23 JSY Y ROYBLU,Blue,,4066746297919,195744755719,XS, 15.0 , 30.0 ,USD,7, $12.08 
Apparel,Mens,Junior,Soccer,Jersey (Short Sl.),HR2654,T ICON 23 JSY Y ROYBLU,Blue,,4066746301579,195744755788,S, 15.0 , 30.0 ,USD,5, $12.08 
Apparel,Mens,Junior,Soccer,Jersey (Short Sl.),HR2654,T ICON 23 JSY Y ROYBLU,Blue,,4066746301586,195744755757,M, 15.0 , 30.0 ,USD,1, $12.08 
Apparel,Mens,Junior,Soccer,Jersey (Short Sl.),HR2654,T ICON 23 JSY Y ROYBLU,Blue,,4066746301555,195744755764,L, 15.0 , 30.0 ,USD,14, $12.08 
Apparel,Mens,Junior,Soccer,Jersey (Short Sl.),HR2654,T ICON 23 JSY Y ROYBLU,Blue,,4066746301623,195744755825,XL, 15.0 , 30.0 ,USD,17, $12.08 
Apparel,Womens,Adult,Tennis,Tank,JG3640,Y-TANK BLACK,Black,,4067906012403,197612087724,2XS, 30.0 , 60.0 ,USD,19, $24.15 
Apparel,Womens,Adult,Tennis,Tank,JG3640,Y-TANK BLACK,Black,,4067906012298,197612087601,XS, 30.0 , 60.0 ,USD,72, $24.15 
Apparel,Womens,Adult,Tennis,Tank,JG3640,Y-TANK BLACK,Black,,4067906012304,197612087618,S, 30.0 , 60.0 ,USD,151, $24.15 
Apparel,Womens,Adult,Tennis,Tank,JG3640,Y-TANK BLACK,Black,,4067906012328,197612087649,M, 30.0 , 60.0 ,USD,151, $24.15 
Apparel,Womens,Adult,Tennis,Tank,JG3640,Y-TANK BLACK,Black,,4067906012427,197612087748,L, 30.0 , 60.0 ,USD,100, $24.15 
Apparel,Womens,Adult,Tennis,Tank,JG3640,Y-TANK BLACK,Black,,4067906012373,197612087694,XL, 30.0 , 60.0 ,USD,77, $24.15 
Apparel,Womens,Adult,Tennis,Tank,JG3640,Y-TANK BLACK,Black,,4067906012335,197612087656,2XL, 30.0 , 60.0 ,USD,12, $24.15 
Footwear,Womens,Adult,Hiking,Shoes - Low (No-Fb),JQ9937,TERREX SKYCHASER W PREVIO/MSILVE/DSHGRY,,,4067907479694,197620359882,5, 77.0 , 140.0 ,USD,0, $61.99 
Footwear,Womens,Adult,Hiking,Shoes - Low (No-Fb),JQ9937,TERREX SKYCHASER W PREVIO/MSILVE/DSHGRY,,,4067907479755,197620359943,5-, 77.0 , 140.0 ,USD,5, $61.99 
Footwear,Womens,Adult,Hiking,Shoes - Low (No-Fb),JQ9937,TERREX SKYCHASER W PREVIO/MSILVE/DSHGRY,,,4067907479823,197620363612,6, 77.0 , 140.0 ,USD,3, $61.99 
Footwear,Womens,Adult,Hiking,Shoes - Low (No-Fb),JQ9937,TERREX SKYCHASER W PREVIO/MSILVE/DSHGRY,,,4067907479724,197620359912,6-, 77.0 , 140.0 ,USD,4, $61.99 
Footwear,Womens,Adult,Hiking,Shoes - Low (No-Fb),JQ9937,TERREX SKYCHASER W PREVIO/MSILVE/DSHGRY,,,4067907479786,197620359974,7, 77.0 , 140.0 ,USD,9, $61.99 
Footwear,Womens,Adult,Hiking,Shoes - Low (No-Fb),JQ9937,TERREX SKYCHASER W PREVIO/MSILVE/DSHGRY,,,4067907479717,197620359905,7-, 77.0 , 140.0 ,USD,3, $61.99 
Footwear,Womens,Adult,Hiking,Shoes - Low (No-Fb),JQ9937,TERREX SKYCHASER W PREVIO/MSILVE/DSHGRY,,,4067907479793,197620359981,8, 77.0 , 140.0 ,USD,3, $61.99 
Footwear,Womens,Adult,Hiking,Shoes - Low (No-Fb),JQ9937,TERREX SKYCHASER W PREVIO/MSILVE/DSHGRY,,,4067907479830,197620363629,8-, 77.0 , 140.0 ,USD,13, $61.99 
Footwear,Womens,Adult,Hiking,Shoes - Low (No-Fb),JQ9937,TERREX SKYCHASER W PREVIO/MSILVE/DSHGRY,,,4067907479762,197620359950,9, 77.0 , 140.0 ,USD,7, $61.99 
Footwear,Womens,Adult,Hiking,Shoes - Low (No-Fb),JQ9937,TERREX SKYCHASER W PREVIO/MSILVE/DSHGRY,,,4067907479748,197620359936,9-, 77.0 , 140.0 ,USD,0, $61.99 
Footwear,Womens,Adult,Hiking,Shoes - Low (No-Fb),JQ9937,TERREX SKYCHASER W PREVIO/MSILVE/DSHGRY,,,4067907479779,197620359967,10, 77.0 , 140.0 ,USD,0, $61.99 
Footwear,Womens,Adult,Hiking,Shoes - Low (No-Fb),JQ9937,TERREX SKYCHASER W PREVIO/MSILVE/DSHGRY,,,4067907479816,197620360000,10-, 77.0 , 140.0 ,USD,0, $61.99 
Footwear,Womens,Adult,Hiking,Shoes - Low (No-Fb),JQ9937,TERREX SKYCHASER W PREVIO/MSILVE/DSHGRY,,,4067907479809,197620359998,11, 77.0 , 140.0 ,USD,0, $61.99 
Footwear,Womens,Adult,Hiking,Shoes - Low (No-Fb),JQ9937,TERREX SKYCHASER W PREVIO/MSILVE/DSHGRY,,,4067907479731,197620359929,11-, 77.0 , 140.0 ,USD,0, $61.99 
Footwear,Womens,Adult,Hiking,Shoes - Low (No-Fb),JQ9937,TERREX SKYCHASER W PREVIO/MSILVE/DSHGRY,,,4067907479700,197620359899,12, 77.0 , 140.0 ,USD,0, $61.99 
Apparel,Mens,Adult,Soccer,Jersey (Short Sl.),IY1761,REAL 3 JSY AU CHACOA,,,4067897424834,197609302052,XS, 75.0 , 150.0 ,USD,0, $60.38 
Apparel,Mens,Adult,Soccer,Jersey (Short Sl.),IY1761,REAL 3 JSY AU CHACOA,,,4067897424865,197609302083,S, 75.0 , 150.0 ,USD,37, $60.38 
Apparel,Mens,Adult,Soccer,Jersey (Short Sl.),IY1761,REAL 3 JSY AU CHACOA,,,4067897424902,197609302120,M, 75.0 , 150.0 ,USD,0, $60.38 
Apparel,Mens,Adult,Soccer,Jersey (Short Sl.),IY1761,REAL 3 JSY AU CHACOA,,,4067897424889,197609302106,L, 75.0 , 150.0 ,USD,1, $60.38 
Apparel,Mens,Adult,Soccer,Jersey (Short Sl.),IY1761,REAL 3 JSY AU CHACOA,,,4067897424858,197609302076,XL, 75.0 , 150.0 ,USD,8, $60.38 
Apparel,Mens,Adult,Soccer,Jersey (Short Sl.),IY1761,REAL 3 JSY AU CHACOA,,,4067897421932,197609298430,2XL, 75.0 , 150.0 ,USD,0, $60.38 
Apparel,Mens,Adult,Soccer,Jersey (Short Sl.),IY1761,REAL 3 JSY AU CHACOA,,,4067897424827,197609302045,3XL, 75.0 , 150.0 ,USD,0, $60.38 
Footwear,Mens,Adult,Tennis,Shoes - Low (No-Fb),ID5695,Defiant Speed 2 M FTWWHT/CBLACK/GREONE,White,,4067889139531,196478551738,6-, 66.0 , 120.0 ,USD,25, $53.13 
Footwear,Mens,Adult,Tennis,Shoes - Low (No-Fb),ID5695,Defiant Speed 2 M FTWWHT/CBLACK/GREONE,White,,4067889139616,196478551813,7, 66.0 , 120.0 ,USD,31, $53.13 
Footwear,Mens,Adult,Tennis,Shoes - Low (No-Fb),ID5695,Defiant Speed 2 M FTWWHT/CBLACK/GREONE,White,,4067889139500,196478551721,7-, 66.0 , 120.0 ,USD,4, $53.13 
Footwear,Mens,Adult,Tennis,Shoes - Low (No-Fb),ID5695,Defiant Speed 2 M FTWWHT/CBLACK/GREONE,White,,4067889139593,196478551790,8, 66.0 , 120.0 ,USD,30, $53.13 
Footwear,Mens,Adult,Tennis,Shoes - Low (No-Fb),ID5695,Defiant Speed 2 M FTWWHT/CBLACK/GREONE,White,,4067889139586,196478551783,8-, 66.0 , 120.0 ,USD,0, $53.13 
Footwear,Mens,Adult,Tennis,Shoes - Low (No-Fb),ID5695,Defiant Speed 2 M FTWWHT/CBLACK/GREONE,White,,4067889139647,196478551844,9, 66.0 , 120.0 ,USD,0, $53.13 
Footwear,Mens,Adult,Tennis,Shoes - Low (No-Fb),ID5695,Defiant Speed 2 M FTWWHT/CBLACK/GREONE,White,,4067889139685,196478551882,9-, 66.0 , 120.0 ,USD,0, $53.13 
Footwear,Mens,Adult,Tennis,Shoes - Low (No-Fb),ID5695,Defiant Speed 2 M FTWWHT/CBLACK/GREONE,White,,4067889139630,196478551837,10, 66.0 , 120.0 ,USD,0, $53.13 
Footwear,Mens,Adult,Tennis,Shoes - Low (No-Fb),ID5695,Defiant Speed 2 M FTWWHT/CBLACK/GREONE,White,,4067889139562,196478551769,10-, 66.0 , 120.0 ,USD,0, $53.13 
Footwear,Mens,Adult,Tennis,Shoes - Low (No-Fb),ID5695,Defiant Speed 2 M FTWWHT/CBLACK/GREONE,White,,4067889139661,196478551868,11, 66.0 , 120.0 ,USD,45, $53.13 
Footwear,Mens,Adult,Tennis,Shoes - Low (No-Fb),ID5695,Defiant Speed 2 M FTWWHT/CBLACK/GREONE,White,,4067889139623,196478551820,11-, 66.0 , 120.0 ,USD,0, $53.13 
Footwear,Mens,Adult,Tennis,Shoes - Low (No-Fb),ID5695,Defiant Speed 2 M FTWWHT/CBLACK/GREONE,White,,4067889139524,196478551714,12, 66.0 , 120.0 ,USD,0, $53.13 
Footwear,Mens,Adult,Tennis,Shoes - Low (No-Fb),ID5695,Defiant Speed 2 M FTWWHT/CBLACK/GREONE,White,,4067889139654,196478551851,12-, 66.0 , 120.0 ,USD,0, $53.13 
Footwear,Mens,Adult,Tennis,Shoes - Low (No-Fb),ID5695,Defiant Speed 2 M FTWWHT/CBLACK/GREONE,White,,4067889139579,196478551776,13, 66.0 , 120.0 ,USD,0, $53.13 
Footwear,Mens,Adult,Tennis,Shoes - Low (No-Fb),ID5695,Defiant Speed 2 M FTWWHT/CBLACK/GREONE,White,,4067889139555,196478551752,13-, 66.0 , 120.0 ,USD,0, $53.13 
Footwear,Mens,Adult,Tennis,Shoes - Low (No-Fb),ID5695,Defiant Speed 2 M FTWWHT/CBLACK/GREONE,White,,4067889139548,196478551745,14, 66.0 , 120.0 ,USD,0, $53.13 
Footwear,Mens,Adult,Tennis,Shoes - Low (No-Fb),ID5695,Defiant Speed 2 M FTWWHT/CBLACK/GREONE,White,,4067889139609,196478551806,14-, 66.0 , 120.0 ,USD,0, $53.13 
Footwear,Mens,Adult,Tennis,Shoes - Low (No-Fb),ID5695,Defiant Speed 2 M FTWWHT/CBLACK/GREONE,White,,4067889139678,196478551875,16, 66.0 , 120.0 ,USD,0, $53.13 
Apparel,Mens,Adult,Soccer,Jersey (Short Sl.),CD8366,ENTRADA 18 JSY ORANGE/WHITE,Orange,,4058031530078,191021293530,Y2XS, 11.0 , 22.0 ,USD,0, $8.86 
Apparel,Mens,Adult,Soccer,Jersey (Short Sl.),CD8366,ENTRADA 18 JSY ORANGE/WHITE,Orange,,4058031530054,191021293516,YXS, 11.0 , 22.0 ,USD,0, $8.86 
Apparel,Mens,Adult,Soccer,Jersey (Short Sl.),CD8366,ENTRADA 18 JSY ORANGE/WHITE,Orange,,4058031525982,191021293493,YS, 11.0 , 22.0 ,USD,0, $8.86 
Apparel,Mens,Adult,Soccer,Jersey (Short Sl.),CD8366,ENTRADA 18 JSY ORANGE/WHITE,Orange,,4058031525968,191021293479,YM, 11.0 , 22.0 ,USD,0, $8.86 
Apparel,Mens,Adult,Soccer,Jersey (Short Sl.),CD8366,ENTRADA 18 JSY ORANGE/WHITE,Orange,,4058031525920,191021293431,YL, 11.0 , 22.0 ,USD,0, $8.86 
Apparel,Mens,Adult,Soccer,Jersey (Short Sl.),CD8366,ENTRADA 18 JSY ORANGE/WHITE,Orange,,4058031821428,889773565684,YXL, 11.0 , 22.0 ,USD,0, $8.86 
Apparel,Mens,Adult,Soccer,Jersey (Short Sl.),CD8366,ENTRADA 18 JSY ORANGE/WHITE,Orange,,4058031525913,191021293424,XS, 11.0 , 22.0 ,USD,0, $8.86 
Apparel,Mens,Adult,Soccer,Jersey (Short Sl.),CD8366,ENTRADA 18 JSY ORANGE/WHITE,Orange,,4058031525906,191021293417,S, 11.0 , 22.0 ,USD,22, $8.86 
Apparel,Mens,Adult,Soccer,Jersey (Short Sl.),CD8366,ENTRADA 18 JSY ORANGE/WHITE,Orange,,4058031525951,191021293462,M, 11.0 , 22.0 ,USD,22, $8.86 
Apparel,Mens,Adult,Soccer,Jersey (Short Sl.),CD8366,ENTRADA 18 JSY ORANGE/WHITE,Orange,,4058031525883,191021293394,L, 11.0 , 22.0 ,USD,5, $8.86 
Apparel,Mens,Adult,Soccer,Jersey (Short Sl.),CD8366,ENTRADA 18 JSY ORANGE/WHITE,Orange,,4058031525937,191021293448,XL, 11.0 , 22.0 ,USD,4, $8.86 
Apparel,Mens,Adult,Soccer,Jersey (Short Sl.),CD8366,ENTRADA 18 JSY ORANGE/WHITE,Orange,,4058031525975,191021293486,2XL, 11.0 , 22.0 ,USD,0, $8.86 
Apparel,Mens,Adult,Soccer,Jersey (Short Sl.),CD8366,ENTRADA 18 JSY ORANGE/WHITE,Orange,,4058031525999,191021293509,3XL, 11.0 , 22.0 ,USD,0, $8.86 
Footwear,Womens,Adult,Tennis,Shoes - Low (No-Fb),ID5696,Defiant Speed 2 W FTWWHT/FTWWHT/GREONE,White,,4067889486123,196478339176,5, 66.0 , 120.0 ,USD,0, $53.13 
Footwear,Womens,Adult,Tennis,Shoes - Low (No-Fb),ID5696,Defiant Speed 2 W FTWWHT/FTWWHT/GREONE,White,,4067889486109,196478339152,5-, 66.0 , 120.0 ,USD,1, $53.13 
Footwear,Womens,Adult,Tennis,Shoes - Low (No-Fb),ID5696,Defiant Speed 2 W FTWWHT/FTWWHT/GREONE,White,,4067889486093,196478339145,6, 66.0 , 120.0 ,USD,0, $53.13 
Footwear,Womens,Adult,Tennis,Shoes - Low (No-Fb),ID5696,Defiant Speed 2 W FTWWHT/FTWWHT/GREONE,White,,4067889486055,196478339114,6-, 66.0 , 120.0 ,USD,0, $53.13 
Footwear,Womens,Adult,Tennis,Shoes - Low (No-Fb),ID5696,Defiant Speed 2 W FTWWHT/FTWWHT/GREONE,White,,4067889482408,196478335215,7, 66.0 , 120.0 ,USD,0, $53.13 
Footwear,Womens,Adult,Tennis,Shoes - Low (No-Fb),ID5696,Defiant Speed 2 W FTWWHT/FTWWHT/GREONE,White,,4067889486086,196478339091,7-, 66.0 , 120.0 ,USD,0, $53.13 
Footwear,Womens,Adult,Tennis,Shoes - Low (No-Fb),ID5696,Defiant Speed 2 W FTWWHT/FTWWHT/GREONE,White,,4067889482415,196478335222,8, 66.0 , 120.0 ,USD,0, $53.13 
Footwear,Womens,Adult,Tennis,Shoes - Low (No-Fb),ID5696,Defiant Speed 2 W FTWWHT/FTWWHT/GREONE,White,,4067889482422,196478339107,8-, 66.0 , 120.0 ,USD,0, $53.13 
Footwear,Womens,Adult,Tennis,Shoes - Low (No-Fb),ID5696,Defiant Speed 2 W FTWWHT/FTWWHT/GREONE,White,,4067889486062,196478339121,9, 66.0 , 120.0 ,USD,0, $53.13 
Footwear,Womens,Adult,Tennis,Shoes - Low (No-Fb),ID5696,Defiant Speed 2 W FTWWHT/FTWWHT/GREONE,White,,4067889482446,196478339084,9-, 66.0 , 120.0 ,USD,0, $53.13 
Footwear,Womens,Adult,Tennis,Shoes - Low (No-Fb),ID5696,Defiant Speed 2 W FTWWHT/FTWWHT/GREONE,White,,4067889482439,196478339077,10, 66.0 , 120.0 ,USD,0, $53.13 
Footwear,Womens,Adult,Tennis,Shoes - Low (No-Fb),ID5696,Defiant Speed 2 W FTWWHT/FTWWHT/GREONE,White,,4067889482392,196478335208,10-, 66.0 , 120.0 ,USD,0, $53.13 
Footwear,Womens,Adult,Tennis,Shoes - Low (No-Fb),ID5696,Defiant Speed 2 W FTWWHT/FTWWHT/GREONE,White,,4067889486079,196478339138,11, 66.0 , 120.0 ,USD,19, $53.13 
Footwear,Womens,Adult,Tennis,Shoes - Low (No-Fb),ID5696,Defiant Speed 2 W FTWWHT/FTWWHT/GREONE,White,,4067889486116,196478339169,11-, 66.0 , 120.0 ,USD,2, $53.13 
Accessories,Unisex,Adult,Trail Running,Crew Socks,JW0888,XPR TRL CR SCK SEIMOR,,,4068808207539,197625979856,XS, 9.0 , 18.0 ,USD,0, $7.25 
Accessories,Unisex,Adult,Trail Running,Crew Socks,JW0888,XPR TRL CR SCK SEIMOR,,,4068808207522,197625979849,S, 9.0 , 18.0 ,USD,9, $7.25 
Accessories,Unisex,Adult,Trail Running,Crew Socks,JW0888,XPR TRL CR SCK SEIMOR,,,4068808207546,197625979863,M, 9.0 , 18.0 ,USD,0, $7.25 
Accessories,Unisex,Adult,Trail Running,Crew Socks,JW0888,XPR TRL CR SCK SEIMOR,,,4068808207515,197625979870,L, 9.0 , 18.0 ,USD,0, $7.25 
Accessories,Unisex,Adult,Trail Running,Crew Socks,JW0888,XPR TRL CR SCK SEIMOR,,,4068808207508,197625976237,XL, 9.0 , 18.0 ,USD,0, $7.25 
Footwear,Mens,Adult,Hiking,Shoes - Mid (No-Fb),JH7805,SKYCHASER AX5 MID GTX CLIMA CARDBO/BLACAR/PURTEA,Beige,,4067903078709,197614697785,6, 88.0 , 160.0 ,USD,3, $70.84 
Footwear,Mens,Adult,Hiking,Shoes - Mid (No-Fb),JH7805,SKYCHASER AX5 MID GTX CLIMA CARDBO/BLACAR/PURTEA,Beige,,4067903078686,197614697761,6-, 88.0 , 160.0 ,USD,3, $70.84 
Footwear,Mens,Adult,Hiking,Shoes - Mid (No-Fb),JH7805,SKYCHASER AX5 MID GTX CLIMA CARDBO/BLACAR/PURTEA,Beige,,4067903078570,197614694050,7, 88.0 , 160.0 ,USD,0, $70.84 
Footwear,Mens,Adult,Hiking,Shoes - Mid (No-Fb),JH7805,SKYCHASER AX5 MID GTX CLIMA CARDBO/BLACAR/PURTEA,Beige,,4067903082355,197614697808,7-, 88.0 , 160.0 ,USD,2, $70.84 
Footwear,Mens,Adult,Hiking,Shoes - Mid (No-Fb),JH7805,SKYCHASER AX5 MID GTX CLIMA CARDBO/BLACAR/PURTEA,Beige,,4067903078693,197614697778,8, 88.0 , 160.0 ,USD,28, $70.84 
Footwear,Mens,Adult,Hiking,Shoes - Mid (No-Fb),JH7805,SKYCHASER AX5 MID GTX CLIMA CARDBO/BLACAR/PURTEA,Beige,,4067903078655,197614697723,8-, 88.0 , 160.0 ,USD,35, $70.84 
Footwear,Mens,Adult,Hiking,Shoes - Mid (No-Fb),JH7805,SKYCHASER AX5 MID GTX CLIMA CARDBO/BLACAR/PURTEA,Beige,,4067903078600,197614694081,9, 88.0 , 160.0 ,USD,3, $70.84 
Footwear,Mens,Adult,Hiking,Shoes - Mid (No-Fb),JH7805,SKYCHASER AX5 MID GTX CLIMA CARDBO/BLACAR/PURTEA,Beige,,4067903078631,197614697730,9-, 88.0 , 160.0 ,USD,2, $70.84 
Footwear,Mens,Adult,Hiking,Shoes - Mid (No-Fb),JH7805,SKYCHASER AX5 MID GTX CLIMA CARDBO/BLACAR/PURTEA,Beige,,4067903078648,197614697716,10, 88.0 , 160.0 ,USD,9, $70.84 
Footwear,Mens,Adult,Hiking,Shoes - Mid (No-Fb),JH7805,SKYCHASER AX5 MID GTX CLIMA CARDBO/BLACAR/PURTEA,Beige,,4067903078587,197614694067,10-, 88.0 , 160.0 ,USD,2, $70.84 
Footwear,Mens,Adult,Hiking,Shoes - Mid (No-Fb),JH7805,SKYCHASER AX5 MID GTX CLIMA CARDBO/BLACAR/PURTEA,Beige,,4067903078662,197614697747,11, 88.0 , 160.0 ,USD,0, $70.84 
Footwear,Mens,Adult,Hiking,Shoes - Mid (No-Fb),JH7805,SKYCHASER AX5 MID GTX CLIMA CARDBO/BLACAR/PURTEA,Beige,,4067903078679,197614697754,11-, 88.0 , 160.0 ,USD,47, $70.84 
Footwear,Mens,Adult,Hiking,Shoes - Mid (No-Fb),JH7805,SKYCHASER AX5 MID GTX CLIMA CARDBO/BLACAR/PURTEA,Beige,,4067903082324,197614697815,12, 88.0 , 160.0 ,USD,0, $70.84 
Footwear,Mens,Adult,Hiking,Shoes - Mid (No-Fb),JH7805,SKYCHASER AX5 MID GTX CLIMA CARDBO/BLACAR/PURTEA,Beige,,4067903078617,197614694098,12-, 88.0 , 160.0 ,USD,0, $70.84 
Footwear,Mens,Adult,Hiking,Shoes - Mid (No-Fb),JH7805,SKYCHASER AX5 MID GTX CLIMA CARDBO/BLACAR/PURTEA,Beige,,4067903078594,197614694074,13, 88.0 , 160.0 ,USD,32, $70.84 
Footwear,Mens,Adult,Hiking,Shoes - Mid (No-Fb),JH7805,SKYCHASER AX5 MID GTX CLIMA CARDBO/BLACAR/PURTEA,Beige,,4067903078716,197614697792,14, 88.0 , 160.0 ,USD,7, $70.84 
Footwear,Mens,Adult,Hiking,Shoes - Mid (No-Fb),JH7805,SKYCHASER AX5 MID GTX CLIMA CARDBO/BLACAR/PURTEA,Beige,,4067903078624,197614694104,15, 88.0 , 160.0 ,USD,0, $70.84 
Apparel,Mens,Adult,Trail Running,Pants (1/1),IQ1399,XPERIOR LT P BLACK,Black,,4066757512360,196466195708,XS/S, 50.0 , 100.0 ,USD,0, $40.25 
Apparel,Mens,Adult,Trail Running,Pants (1/1),IQ1399,XPERIOR LT P BLACK,Black,,4066757512452,196466196514,S/S, 50.0 , 100.0 ,USD,1, $40.25 
Apparel,Mens,Adult,Trail Running,Pants (1/1),IQ1399,XPERIOR LT P BLACK,Black,,4066757516085,196466196552,M/S, 50.0 , 100.0 ,USD,3, $40.25 
Apparel,Mens,Adult,Trail Running,Pants (1/1),IQ1399,XPERIOR LT P BLACK,Black,,4066757512377,196466196460,L/S, 50.0 , 100.0 ,USD,3, $40.25 
Apparel,Mens,Adult,Trail Running,Pants (1/1),IQ1399,XPERIOR LT P BLACK,Black,,4066757512438,196466196491,XL/S, 50.0 , 100.0 ,USD,0, $40.25 
Apparel,Mens,Adult,Trail Running,Pants (1/1),IQ1399,XPERIOR LT P BLACK,Black,,4066757516078,196466196545,XS, 50.0 , 100.0 ,USD,0, $40.25 
Apparel,Mens,Adult,Trail Running,Pants (1/1),IQ1399,XPERIOR LT P BLACK,Black,,4066757512315,196466195654,S, 50.0 , 100.0 ,USD,38, $40.25 
Apparel,Mens,Adult,Trail Running,Pants (1/1),IQ1399,XPERIOR LT P BLACK,Black,,4066757512346,196466195685,M, 50.0 , 100.0 ,USD,39, $40.25 
Apparel,Mens,Adult,Trail Running,Pants (1/1),IQ1399,XPERIOR LT P BLACK,Black,,4066757512339,196466195678,L, 50.0 , 100.0 ,USD,51, $40.25 
Apparel,Mens,Adult,Trail Running,Pants (1/1),IQ1399,XPERIOR LT P BLACK,Black,,4066757512285,196466195623,XL, 50.0 , 100.0 ,USD,11, $40.25 
Apparel,Mens,Adult,Trail Running,Pants (1/1),IQ1399,XPERIOR LT P BLACK,Black,,4066757512353,196466195692,ST, 50.0 , 100.0 ,USD,2, $40.25 
Apparel,Mens,Adult,Trail Running,Pants (1/1),IQ1399,XPERIOR LT P BLACK,Black,,4066757512322,196466195661,MT, 50.0 , 100.0 ,USD,0, $40.25 
Apparel,Mens,Adult,Trail Running,Pants (1/1),IQ1399,XPERIOR LT P BLACK,Black,,4066757512445,196466196507,LT, 50.0 , 100.0 ,USD,0, $40.25 
Apparel,Mens,Adult,Trail Running,Pants (1/1),IQ1399,XPERIOR LT P BLACK,Black,,4066757512414,196466196477,XLT, 50.0 , 100.0 ,USD,0, $40.25 
Footwear,Unisex,Adult,Basketball,Shoes - Low (No-Fb),ID3950,RIVALRY LUX LOW CBLACK/CBLACK/SUPCOL,Black,,4067888573770,196477561660,3-, 60.5 , 110.0 ,USD,0, $48.70 
Footwear,Unisex,Adult,Basketball,Shoes - Low (No-Fb),ID3950,RIVALRY LUX LOW CBLACK/CBLACK/SUPCOL,Black,,4067888573794,196477561684,4, 60.5 , 110.0 ,USD,0, $48.70 
Footwear,Unisex,Adult,Basketball,Shoes - Low (No-Fb),ID3950,RIVALRY LUX LOW CBLACK/CBLACK/SUPCOL,Black,,4067888573862,196477565354,4-, 60.5 , 110.0 ,USD,0, $48.70 
Footwear,Unisex,Adult,Basketball,Shoes - Low (No-Fb),ID3950,RIVALRY LUX LOW CBLACK/CBLACK/SUPCOL,Black,,4067888573824,196477565309,5, 60.5 , 110.0 ,USD,0, $48.70 
Footwear,Unisex,Adult,Basketball,Shoes - Low (No-Fb),ID3950,RIVALRY LUX LOW CBLACK/CBLACK/SUPCOL,Black,,4067888573893,196477565385,5-, 60.5 , 110.0 ,USD,0, $48.70 
Footwear,Unisex,Adult,Basketball,Shoes - Low (No-Fb),ID3950,RIVALRY LUX LOW CBLACK/CBLACK/SUPCOL,Black,,4067888577556,196477565446,6, 60.5 , 110.0 ,USD,0, $48.70 
Footwear,Unisex,Adult,Basketball,Shoes - Low (No-Fb),ID3950,RIVALRY LUX LOW CBLACK/CBLACK/SUPCOL,Black,,4067888573787,196477561677,6-, 60.5 , 110.0 ,USD,0, $48.70 
Footwear,Unisex,Adult,Basketball,Shoes - Low (No-Fb),ID3950,RIVALRY LUX LOW CBLACK/CBLACK/SUPCOL,Black,,4067888577518,196477565408,7, 60.5 , 110.0 ,USD,0, $48.70 
Footwear,Unisex,Adult,Basketball,Shoes - Low (No-Fb),ID3950,RIVALRY LUX LOW CBLACK/CBLACK/SUPCOL,Black,,4067888573763,196477561653,7-, 60.5 , 110.0 ,USD,0, $48.70 
Footwear,Unisex,Adult,Basketball,Shoes - Low (No-Fb),ID3950,RIVALRY LUX LOW CBLACK/CBLACK/SUPCOL,Black,,4067888577570,196477565460,8, 60.5 , 110.0 ,USD,0, $48.70 
Footwear,Unisex,Adult,Basketball,Shoes - Low (No-Fb),ID3950,RIVALRY LUX LOW CBLACK/CBLACK/SUPCOL,Black,,4067888577594,196477565484,8-, 60.5 , 110.0 ,USD,0, $48.70 
Footwear,Unisex,Adult,Basketball,Shoes - Low (No-Fb),ID3950,RIVALRY LUX LOW CBLACK/CBLACK/SUPCOL,Black,,4067888573817,196477565330,9, 60.5 , 110.0 ,USD,0, $48.70 
Footwear,Unisex,Adult,Basketball,Shoes - Low (No-Fb),ID3950,RIVALRY LUX LOW CBLACK/CBLACK/SUPCOL,Black,,4067888573886,196477565378,9-, 60.5 , 110.0 ,USD,0, $48.70 
Footwear,Unisex,Adult,Basketball,Shoes - Low (No-Fb),ID3950,RIVALRY LUX LOW CBLACK/CBLACK/SUPCOL,Black,,4067888573831,196477565316,10, 60.5 , 110.0 ,USD,2, $48.70 
Footwear,Unisex,Adult,Basketball,Shoes - Low (No-Fb),ID3950,RIVALRY LUX LOW CBLACK/CBLACK/SUPCOL,Black,,4067888577617,196477565507,10-, 60.5 , 110.0 ,USD,2, $48.70 
Footwear,Unisex,Adult,Basketball,Shoes - Low (No-Fb),ID3950,RIVALRY LUX LOW CBLACK/CBLACK/SUPCOL,Black,,4067888577532,196477565422,11, 60.5 , 110.0 ,USD,0, $48.70 
Footwear,Unisex,Adult,Basketball,Shoes - Low (No-Fb),ID3950,RIVALRY LUX LOW CBLACK/CBLACK/SUPCOL,Black,,4067888577587,196477565477,11-, 60.5 , 110.0 ,USD,0, $48.70 
Footwear,Unisex,Adult,Basketball,Shoes - Low (No-Fb),ID3950,RIVALRY LUX LOW CBLACK/CBLACK/SUPCOL,Black,,4067888577549,196477565439,12, 60.5 , 110.0 ,USD,0, $48.70 
Footwear,Unisex,Adult,Basketball,Shoes - Low (No-Fb),ID3950,RIVALRY LUX LOW CBLACK/CBLACK/SUPCOL,Black,,4067888577501,196477565392,12-, 60.5 , 110.0 ,USD,0, $48.70 
Footwear,Unisex,Adult,Basketball,Shoes - Low (No-Fb),ID3950,RIVALRY LUX LOW CBLACK/CBLACK/SUPCOL,Black,,4067888573756,196477561646,13, 60.5 , 110.0 ,USD,0, $48.70 
Footwear,Unisex,Adult,Basketball,Shoes - Low (No-Fb),ID3950,RIVALRY LUX LOW CBLACK/CBLACK/SUPCOL,Black,,4067888577563,196477565453,13-, 60.5 , 110.0 ,USD,0, $48.70 
Footwear,Unisex,Adult,Basketball,Shoes - Low (No-Fb),ID3950,RIVALRY LUX LOW CBLACK/CBLACK/SUPCOL,Black,,4067888577525,196477565415,14, 60.5 , 110.0 ,USD,0, $48.70 
Footwear,Unisex,Adult,Basketball,Shoes - Low (No-Fb),ID3950,RIVALRY LUX LOW CBLACK/CBLACK/SUPCOL,Black,,4067888573855,196477565347,15, 60.5 , 110.0 ,USD,0, $48.70 
Footwear,Unisex,Adult,Basketball,Shoes - Low (No-Fb),ID3950,RIVALRY LUX LOW CBLACK/CBLACK/SUPCOL,Black,,4067888573848,196477565323,16, 60.5 , 110.0 ,USD,0, $48.70 
Footwear,Unisex,Adult,Basketball,Shoes - Low (No-Fb),ID3950,RIVALRY LUX LOW CBLACK/CBLACK/SUPCOL,Black,,4067888573879,196477565361,17, 60.5 , 110.0 ,USD,0, $48.70 
Footwear,Unisex,Adult,Basketball,Shoes - Low (No-Fb),ID3950,RIVALRY LUX LOW CBLACK/CBLACK/SUPCOL,Black,,4067888577600,196477565491,18, 60.5 , 110.0 ,USD,0, $48.70 
Footwear,Unisex,Adult,Basketball,Shoes - Low (No-Fb),ID3950,RIVALRY LUX LOW CBLACK/CBLACK/SUPCOL,Black,,4067888573800,196477561691,19, 60.5 , 110.0 ,USD,0, $48.70 
Apparel,Unisex,Junior,Originals,Hooded Sweat,IY1755,HOODIE CARBON,,,4067894047555,196479989868,XS, 25.0 , 50.0 ,USD,0, $20.13 
Apparel,Unisex,Junior,Originals,Hooded Sweat,IY1755,HOODIE CARBON,,,4067894047593,196479989905,S, 25.0 , 50.0 ,USD,7, $20.13 
Apparel,Unisex,Junior,Originals,Hooded Sweat,IY1755,HOODIE CARBON,,,4067894047562,196479989875,M, 25.0 , 50.0 ,USD,8, $20.13 
Apparel,Unisex,Junior,Originals,Hooded Sweat,IY1755,HOODIE CARBON,,,4067894047524,196479989844,L, 25.0 , 50.0 ,USD,15, $20.13 
Apparel,Unisex,Junior,Originals,Hooded Sweat,IY1755,HOODIE CARBON,,,4067894047579,196479989882,XL, 25.0 , 50.0 ,USD,9, $20.13 
Apparel,Unisex,Kids,Originals,Youth/Baby Jogger,IY1754,CREW SET CARBON,,,4067894036146,196479982043,4T, 35.0 , 70.0 ,USD,5, $28.18 
Apparel,Unisex,Kids,Originals,Youth/Baby Jogger,IY1754,CREW SET CARBON,,,4067894036122,196479982012,5T, 35.0 , 70.0 ,USD,3, $28.18 
Apparel,Unisex,Kids,Originals,Youth/Baby Jogger,IY1754,CREW SET CARBON,,,4067894036153,196479982050,2XS, 35.0 , 70.0 ,USD,26, $28.18 
Apparel,Unisex,Kids,Originals,Youth/Baby Jogger,IY1754,CREW SET CARBON,,,4067894036139,196479982029,XS, 35.0 , 70.0 ,USD,30, $28.18 
Footwear,Unisex,Adult,Tennis,Shoes - Low (No-Fb),JI4235,CourtJam Control 3 Premium FTWWHT/FTWWHT/FTWWHT,White,,4067892031280,197615400520,4, 49.5 , 90.0 ,USD,3, $39.85 
Footwear,Unisex,Adult,Tennis,Shoes - Low (No-Fb),JI4235,CourtJam Control 3 Premium FTWWHT/FTWWHT/FTWWHT,White,,4067892031174,197615396816,4-, 49.5 , 90.0 ,USD,3, $39.85 
Footwear,Unisex,Adult,Tennis,Shoes - Low (No-Fb),JI4235,CourtJam Control 3 Premium FTWWHT/FTWWHT/FTWWHT,White,,4067892031242,197615400476,5, 49.5 , 90.0 ,USD,0, $39.85 
Footwear,Unisex,Adult,Tennis,Shoes - Low (No-Fb),JI4235,CourtJam Control 3 Premium FTWWHT/FTWWHT/FTWWHT,White,,4067892034915,197615400568,5-, 49.5 , 90.0 ,USD,1, $39.85 
Footwear,Unisex,Adult,Tennis,Shoes - Low (No-Fb),JI4235,CourtJam Control 3 Premium FTWWHT/FTWWHT/FTWWHT,White,,4067892034922,197615400575,6, 49.5 , 90.0 ,USD,0, $39.85 
Footwear,Unisex,Adult,Tennis,Shoes - Low (No-Fb),JI4235,CourtJam Control 3 Premium FTWWHT/FTWWHT/FTWWHT,White,,4067892031273,197615400513,6-, 49.5 , 90.0 ,USD,5, $39.85 
Footwear,Unisex,Adult,Tennis,Shoes - Low (No-Fb),JI4235,CourtJam Control 3 Premium FTWWHT/FTWWHT/FTWWHT,White,,4067892031150,197615396793,7, 49.5 , 90.0 ,USD,0, $39.85 
Footwear,Unisex,Adult,Tennis,Shoes - Low (No-Fb),JI4235,CourtJam Control 3 Premium FTWWHT/FTWWHT/FTWWHT,White,,4067892031129,197615396762,7-, 49.5 , 90.0 ,USD,4, $39.85 
Footwear,Unisex,Adult,Tennis,Shoes - Low (No-Fb),JI4235,CourtJam Control 3 Premium FTWWHT/FTWWHT/FTWWHT,White,,4067892034939,197615400544,8, 49.5 , 90.0 ,USD,0, $39.85 
Footwear,Unisex,Adult,Tennis,Shoes - Low (No-Fb),JI4235,CourtJam Control 3 Premium FTWWHT/FTWWHT/FTWWHT,White,,4067892034946,197615400582,8-, 49.5 , 90.0 ,USD,0, $39.85 
Footwear,Unisex,Adult,Tennis,Shoes - Low (No-Fb),JI4235,CourtJam Control 3 Premium FTWWHT/FTWWHT/FTWWHT,White,,4067892031198,197615396830,9, 49.5 , 90.0 ,USD,0, $39.85 
Footwear,Unisex,Adult,Tennis,Shoes - Low (No-Fb),JI4235,CourtJam Control 3 Premium FTWWHT/FTWWHT/FTWWHT,White,,4067892031167,197615396809,9-, 49.5 , 90.0 ,USD,0, $39.85 
Footwear,Unisex,Adult,Tennis,Shoes - Low (No-Fb),JI4235,CourtJam Control 3 Premium FTWWHT/FTWWHT/FTWWHT,White,,4067892031228,197615400452,10, 49.5 , 90.0 ,USD,0, $39.85 
Footwear,Unisex,Adult,Tennis,Shoes - Low (No-Fb),JI4235,CourtJam Control 3 Premium FTWWHT/FTWWHT/FTWWHT,White,,4067892031211,197615400483,10-, 49.5 , 90.0 ,USD,0, $39.85 
Footwear,Unisex,Adult,Tennis,Shoes - Low (No-Fb),JI4235,CourtJam Control 3 Premium FTWWHT/FTWWHT/FTWWHT,White,,4067892031204,197615396847,11, 49.5 , 90.0 ,USD,0, $39.85 
Footwear,Unisex,Adult,Tennis,Shoes - Low (No-Fb),JI4235,CourtJam Control 3 Premium FTWWHT/FTWWHT/FTWWHT,White,,4067892031112,197615396755,11-, 49.5 , 90.0 ,USD,37, $39.85 
Footwear,Unisex,Adult,Tennis,Shoes - Low (No-Fb),JI4235,CourtJam Control 3 Premium FTWWHT/FTWWHT/FTWWHT,White,,4067892031259,197615400490,12, 49.5 , 90.0 ,USD,0, $39.85 
Footwear,Unisex,Adult,Tennis,Shoes - Low (No-Fb),JI4235,CourtJam Control 3 Premium FTWWHT/FTWWHT/FTWWHT,White,,4067892034908,197615400551,12-, 49.5 , 90.0 ,USD,26, $39.85 
Footwear,Unisex,Adult,Tennis,Shoes - Low (No-Fb),JI4235,CourtJam Control 3 Premium FTWWHT/FTWWHT/FTWWHT,White,,4067892031266,197615400506,13, 49.5 , 90.0 ,USD,87, $39.85 
Footwear,Unisex,Adult,Tennis,Shoes - Low (No-Fb),JI4235,CourtJam Control 3 Premium FTWWHT/FTWWHT/FTWWHT,White,,4067892031181,197615396823,13-, 49.5 , 90.0 ,USD,4, $39.85 
Footwear,Unisex,Adult,Tennis,Shoes - Low (No-Fb),JI4235,CourtJam Control 3 Premium FTWWHT/FTWWHT/FTWWHT,White,,4067892031297,197615400537,14, 49.5 , 90.0 ,USD,42, $39.85 
Footwear,Unisex,Adult,Tennis,Shoes - Low (No-Fb),JI4235,CourtJam Control 3 Premium FTWWHT/FTWWHT/FTWWHT,White,,4067892031235,197615400469,14-, 49.5 , 90.0 ,USD,2, $39.85 
Footwear,Unisex,Adult,Tennis,Shoes - Low (No-Fb),JI4235,CourtJam Control 3 Premium FTWWHT/FTWWHT/FTWWHT,White,,4067892031143,197615396786,16, 49.5 , 90.0 ,USD,2, $39.85 
Apparel,Mens,Adult,Hiking,Pants (1/1),JM7423,CARGO PANTS AURIVY,,,4068811079086,197626724295,XS/S, 50.0 , 100.0 ,USD,0, $40.25 
Apparel,Mens,Adult,Hiking,Pants (1/1),JM7423,CARGO PANTS AURIVY,,,4068811075439,197626724240,S/S, 50.0 , 100.0 ,USD,0, $40.25 
Apparel,Mens,Adult,Hiking,Pants (1/1),JM7423,CARGO PANTS AURIVY,,,4068811079147,197626727951,M/S, 50.0 , 100.0 ,USD,0, $40.25 
Apparel,Mens,Adult,Hiking,Pants (1/1),JM7423,CARGO PANTS AURIVY,,,4068811075385,197626724196,L/S, 50.0 , 100.0 ,USD,0, $40.25 
Apparel,Mens,Adult,Hiking,Pants (1/1),JM7423,CARGO PANTS AURIVY,,,4068811075354,197626724165,XL/S, 50.0 , 100.0 ,USD,0, $40.25 
Apparel,Mens,Adult,Hiking,Pants (1/1),JM7423,CARGO PANTS AURIVY,,,4068811079062,197626724271,XS, 50.0 , 100.0 ,USD,2, $40.25 
Apparel,Mens,Adult,Hiking,Pants (1/1),JM7423,CARGO PANTS AURIVY,,,4068811075378,197626724189,S, 50.0 , 100.0 ,USD,11, $40.25 
Apparel,Mens,Adult,Hiking,Pants (1/1),JM7423,CARGO PANTS AURIVY,,,4068811079109,197626724318,M, 50.0 , 100.0 ,USD,21, $40.25 
Apparel,Mens,Adult,Hiking,Pants (1/1),JM7423,CARGO PANTS AURIVY,,,4068811079178,197626727982,L, 50.0 , 100.0 ,USD,21, $40.25 
Apparel,Mens,Adult,Hiking,Pants (1/1),JM7423,CARGO PANTS AURIVY,,,4068811079116,197626727920,XL, 50.0 , 100.0 ,USD,11, $40.25 
Apparel,Mens,Adult,Hiking,Pants (1/1),JM7423,CARGO PANTS AURIVY,,,4068811075330,197626724141,ST, 50.0 , 100.0 ,USD,0, $40.25 
Apparel,Mens,Adult,Hiking,Pants (1/1),JM7423,CARGO PANTS AURIVY,,,4068811079154,197626727968,MT, 50.0 , 100.0 ,USD,0, $40.25 
Apparel,Mens,Adult,Hiking,Pants (1/1),JM7423,CARGO PANTS AURIVY,,,4068811079161,197626727975,LT, 50.0 , 100.0 ,USD,0, $40.25 
Apparel,Mens,Adult,Hiking,Pants (1/1),JM7423,CARGO PANTS AURIVY,,,4068811079130,197626727944,XLT, 50.0 , 100.0 ,USD,0, $40.25 
Footwear,Unisex,Infant,Sportswear,Shoes - Low (No-Fb),JR5040,BUBBLECOMFY I CREYEL/FTWWHT/CBLACK,Yellow,,4067904270294,197615028243,4K, 17.5 , 35.0 ,USD,60, $14.09 
Footwear,Unisex,Infant,Sportswear,Shoes - Low (No-Fb),JR5040,BUBBLECOMFY I CREYEL/FTWWHT/CBLACK,Yellow,,4067904273936,197615028298,5K, 17.5 , 35.0 ,USD,88, $14.09 
Footwear,Unisex,Infant,Sportswear,Shoes - Low (No-Fb),JR5040,BUBBLECOMFY I CREYEL/FTWWHT/CBLACK,Yellow,,4067904273998,197615028342,5-K, 17.5 , 35.0 ,USD,0, $14.09 
Footwear,Unisex,Infant,Sportswear,Shoes - Low (No-Fb),JR5040,BUBBLECOMFY I CREYEL/FTWWHT/CBLACK,Yellow,,4067904273912,197615028274,6K, 17.5 , 35.0 ,USD,109, $14.09 
Footwear,Unisex,Infant,Sportswear,Shoes - Low (No-Fb),JR5040,BUBBLECOMFY I CREYEL/FTWWHT/CBLACK,Yellow,,4067904273974,197615028328,6-K, 17.5 , 35.0 ,USD,0, $14.09 
Footwear,Unisex,Infant,Sportswear,Shoes - Low (No-Fb),JR5040,BUBBLECOMFY I CREYEL/FTWWHT/CBLACK,Yellow,,4067904270287,197615028236,7K, 17.5 , 35.0 ,USD,150, $14.09 
Footwear,Unisex,Infant,Sportswear,Shoes - Low (No-Fb),JR5040,BUBBLECOMFY I CREYEL/FTWWHT/CBLACK,Yellow,,4067904274001,197615028359,7-K, 17.5 , 35.0 ,USD,0, $14.09 
Footwear,Unisex,Infant,Sportswear,Shoes - Low (No-Fb),JR5040,BUBBLECOMFY I CREYEL/FTWWHT/CBLACK,Yellow,,4067904273981,197615028335,8K, 17.5 , 35.0 ,USD,204, $14.09 
Footwear,Unisex,Infant,Sportswear,Shoes - Low (No-Fb),JR5040,BUBBLECOMFY I CREYEL/FTWWHT/CBLACK,Yellow,,4067904273929,197615028281,8-K, 17.5 , 35.0 ,USD,0, $14.09 
Footwear,Unisex,Infant,Sportswear,Shoes - Low (No-Fb),JR5040,BUBBLECOMFY I CREYEL/FTWWHT/CBLACK,Yellow,,4067904273967,197615028311,9K, 17.5 , 35.0 ,USD,240, $14.09 
Footwear,Unisex,Infant,Sportswear,Shoes - Low (No-Fb),JR5040,BUBBLECOMFY I CREYEL/FTWWHT/CBLACK,Yellow,,4067904273950,197615028304,9-K, 17.5 , 35.0 ,USD,0, $14.09 
Footwear,Unisex,Infant,Sportswear,Shoes - Low (No-Fb),JR5040,BUBBLECOMFY I CREYEL/FTWWHT/CBLACK,Yellow,,4067904273943,197615028267,10K, 17.5 , 35.0 ,USD,250, $14.09 
Apparel,Mens,Adult,Hiking,Pants (1/1),JM7424,CARGO PANTS CARDBO,Beige,,4068811053109,197626701197,XS/S, 50.0 , 100.0 ,USD,2, $40.25 
Apparel,Mens,Adult,Hiking,Pants (1/1),JM7424,CARGO PANTS CARDBO,Beige,,4068811056773,197626701265,S/S, 50.0 , 100.0 ,USD,1, $40.25 
Apparel,Mens,Adult,Hiking,Pants (1/1),JM7424,CARGO PANTS CARDBO,Beige,,4068811053017,197626701104,M/S, 50.0 , 100.0 ,USD,2, $40.25 
Apparel,Mens,Adult,Hiking,Pants (1/1),JM7424,CARGO PANTS CARDBO,Beige,,4068811056735,197626701227,L/S, 50.0 , 100.0 ,USD,0, $40.25 
Apparel,Mens,Adult,Hiking,Pants (1/1),JM7424,CARGO PANTS CARDBO,Beige,,4068811056797,197626704884,XL/S, 50.0 , 100.0 ,USD,0, $40.25 
Apparel,Mens,Adult,Hiking,Pants (1/1),JM7424,CARGO PANTS CARDBO,Beige,,4068811056841,197626704938,XS, 50.0 , 100.0 ,USD,29, $40.25 
Apparel,Mens,Adult,Hiking,Pants (1/1),JM7424,CARGO PANTS CARDBO,Beige,,4068811056728,197626701210,S, 50.0 , 100.0 ,USD,33, $40.25 
Apparel,Mens,Adult,Hiking,Pants (1/1),JM7424,CARGO PANTS CARDBO,Beige,,4068811056810,197626704907,M, 50.0 , 100.0 ,USD,49, $40.25 
Apparel,Mens,Adult,Hiking,Pants (1/1),JM7424,CARGO PANTS CARDBO,Beige,,4068811053055,197626701142,L, 50.0 , 100.0 ,USD,36, $40.25 
Apparel,Mens,Adult,Hiking,Pants (1/1),JM7424,CARGO PANTS CARDBO,Beige,,4068811056827,197626704914,XL, 50.0 , 100.0 ,USD,0, $40.25 
Apparel,Mens,Adult,Hiking,Pants (1/1),JM7424,CARGO PANTS CARDBO,Beige,,4068811056742,197626701234,ST, 50.0 , 100.0 ,USD,1, $40.25 
Apparel,Mens,Adult,Hiking,Pants (1/1),JM7424,CARGO PANTS CARDBO,Beige,,4068811053048,197626701135,MT, 50.0 , 100.0 ,USD,2, $40.25 
Apparel,Mens,Adult,Hiking,Pants (1/1),JM7424,CARGO PANTS CARDBO,Beige,,4068811053024,197626701111,LT, 50.0 , 100.0 ,USD,2, $40.25 
Apparel,Mens,Adult,Hiking,Pants (1/1),JM7424,CARGO PANTS CARDBO,Beige,,4068811053116,197626701203,XLT, 50.0 , 100.0 ,USD,2, $40.25 
Apparel,Womens,Adult,Hiking,Jacket (Filled Thin),JL9812,W XPR LF JKT AURPLU,,,4068811699031,197626611731,XS, 95.0 , 190.0 ,USD,28, $76.48 
Apparel,Womens,Adult,Hiking,Jacket (Filled Thin),JL9812,W XPR LF JKT AURPLU,,,4068811695316,197626611618,S, 95.0 , 190.0 ,USD,70, $76.48 
Apparel,Womens,Adult,Hiking,Jacket (Filled Thin),JL9812,W XPR LF JKT AURPLU,,,4068811698980,197626611687,M, 95.0 , 190.0 ,USD,88, $76.48 
Apparel,Womens,Adult,Hiking,Jacket (Filled Thin),JL9812,W XPR LF JKT AURPLU,,,4068811699000,197626611700,L, 95.0 , 190.0 ,USD,60, $76.48 
Apparel,Womens,Adult,Hiking,Jacket (Filled Thin),JL9812,W XPR LF JKT AURPLU,,,4068811698973,197626611670,XL, 95.0 , 190.0 ,USD,29, $76.48 
Apparel,Mens,Adult,Hiking,Jacket (Down),JL5561,XPR DOWN J CARDBO,Beige,,4068811576714,197626600063,XS, 125.0 , 250.0 ,USD,0, $100.63 
Apparel,Mens,Adult,Hiking,Jacket (Down),JL5561,XPR DOWN J CARDBO,Beige,,4068811576738,197626600087,S, 125.0 , 250.0 ,USD,4, $100.63 
Apparel,Mens,Adult,Hiking,Jacket (Down),JL5561,XPR DOWN J CARDBO,Beige,,4068811576691,197626600049,M, 125.0 , 250.0 ,USD,5, $100.63 
Apparel,Mens,Adult,Hiking,Jacket (Down),JL5561,XPR DOWN J CARDBO,Beige,,4068811576707,197626600056,L, 125.0 , 250.0 ,USD,3, $100.63 
Apparel,Mens,Adult,Hiking,Jacket (Down),JL5561,XPR DOWN J CARDBO,Beige,,4068811576745,197626600094,XL, 125.0 , 250.0 ,USD,2, $100.63 
Apparel,Womens,Adult,Hiking,Jacket (Technical),JL9813,W XP 2.5 ANORAK EARSTR/SEFLAQ/SEIMOR,,,4068811760830,197626814941,XS, 75.0 , 150.0 ,USD,10, $60.38 
Apparel,Womens,Adult,Hiking,Jacket (Technical),JL9813,W XP 2.5 ANORAK EARSTR/SEFLAQ/SEIMOR,,,4068811760854,197626814965,S, 75.0 , 150.0 ,USD,13, $60.38 
Apparel,Womens,Adult,Hiking,Jacket (Technical),JL9813,W XP 2.5 ANORAK EARSTR/SEFLAQ/SEIMOR,,,4068811764531,197626818642,M, 75.0 , 150.0 ,USD,14, $60.38 
Apparel,Womens,Adult,Hiking,Jacket (Technical),JL9813,W XP 2.5 ANORAK EARSTR/SEFLAQ/SEIMOR,,,4068811760847,197626814958,L, 75.0 , 150.0 ,USD,2, $60.38 
Apparel,Womens,Adult,Hiking,Jacket (Technical),JL9813,W XP 2.5 ANORAK EARSTR/SEFLAQ/SEIMOR,,,4068811760809,197626814910,XL, 75.0 , 150.0 ,USD,1, $60.38 
Apparel,Womens,Adult,Hiking,Jacket (Technical),JL9813,W XP 2.5 ANORAK EARSTR/SEFLAQ/SEIMOR,,,4068811760816,197626814927,2XL, 75.0 , 150.0 ,USD,0, $60.38 
Apparel,Mens,Adult,Trail Running,Jacket (Technical),KB1957,XPR LIGHT RAIN AURIVY,,,4068811730031,197626784145,XS, 90.0 , 180.0 ,USD,0, $72.45 
Apparel,Mens,Adult,Trail Running,Jacket (Technical),KB1957,XPR LIGHT RAIN AURIVY,,,4068811729967,197626780475,S, 90.0 , 180.0 ,USD,22, $72.45 
Apparel,Mens,Adult,Trail Running,Jacket (Technical),KB1957,XPR LIGHT RAIN AURIVY,,,4068811729936,197626780444,M, 90.0 , 180.0 ,USD,42, $72.45 
Apparel,Mens,Adult,Trail Running,Jacket (Technical),KB1957,XPR LIGHT RAIN AURIVY,,,4068811729943,197626780451,L, 90.0 , 180.0 ,USD,41, $72.45 
Apparel,Mens,Adult,Trail Running,Jacket (Technical),KB1957,XPR LIGHT RAIN AURIVY,,,4068811730000,197626784114,XL, 90.0 , 180.0 ,USD,22, $72.45 
Apparel,Mens,Adult,Trail Running,Jacket (Technical),KB1957,XPR LIGHT RAIN AURIVY,,,4068811730055,197626784169,2XL, 90.0 , 180.0 ,USD,6, $72.45 
Apparel,Mens,Adult,Trail Running,Jacket (Technical),KB1957,XPR LIGHT RAIN AURIVY,,,4068811730093,197626784206,3XL, 90.0 , 180.0 ,USD,0, $72.45 
Apparel,Mens,Adult,Trail Running,Jacket (Technical),KB1957,XPR LIGHT RAIN AURIVY,,,4068811730079,197626784183,4XL, 90.0 , 180.0 ,USD,0, $72.45 
Accessories,Unisex,Adult,Hiking,Crew Socks,JN6383,TRX MT SCK 3PP OLISTR/SEIMOR/BLACK,,,4067901794069,196476731781,XS, 10.0 , 20.0 ,USD,0, $8.05 
Accessories,Unisex,Adult,Hiking,Crew Socks,JN6383,TRX MT SCK 3PP OLISTR/SEIMOR/BLACK,,,4067901794076,196476731798,S, 10.0 , 20.0 ,USD,31, $8.05 
Accessories,Unisex,Adult,Hiking,Crew Socks,JN6383,TRX MT SCK 3PP OLISTR/SEIMOR/BLACK,,,4067901794052,196476729603,M, 10.0 , 20.0 ,USD,34, $8.05 
Accessories,Unisex,Adult,Hiking,Crew Socks,JN6383,TRX MT SCK 3PP OLISTR/SEIMOR/BLACK,,,4067901794083,196476731804,L, 10.0 , 20.0 ,USD,35, $8.05 
Accessories,Unisex,Adult,Hiking,Crew Socks,JN6383,TRX MT SCK 3PP OLISTR/SEIMOR/BLACK,,,4067901794090,196476729610,XL, 10.0 , 20.0 ,USD,0, $8.05 
Apparel,Womens,Adult,Hiking,Pants (1/1),JM9857,W CARGO PANTS EARSTR,,,4068811018528,197626670486,XS/P, 50.0 , 100.0 ,USD,0, $40.25 
Apparel,Womens,Adult,Hiking,Pants (1/1),JM9857,W CARGO PANTS EARSTR,,,4068811018511,197626670479,S/P, 50.0 , 100.0 ,USD,0, $40.25 
Apparel,Womens,Adult,Hiking,Pants (1/1),JM9857,W CARGO PANTS EARSTR,,,4068811022235,197626674187,M/P, 50.0 , 100.0 ,USD,0, $40.25 
Apparel,Womens,Adult,Hiking,Pants (1/1),JM9857,W CARGO PANTS EARSTR,,,4068811018498,197626670455,L/P, 50.0 , 100.0 ,USD,0, $40.25 
Apparel,Womens,Adult,Hiking,Pants (1/1),JM9857,W CARGO PANTS EARSTR,,,4068811018399,197626670349,XL/P, 50.0 , 100.0 ,USD,0, $40.25 
Apparel,Womens,Adult,Hiking,Pants (1/1),JM9857,W CARGO PANTS EARSTR,,,4068811018382,197626670332,XS, 50.0 , 100.0 ,USD,14, $40.25 
Apparel,Womens,Adult,Hiking,Pants (1/1),JM9857,W CARGO PANTS EARSTR,,,4068811018405,197626670363,S, 50.0 , 100.0 ,USD,36, $40.25 
Apparel,Womens,Adult,Hiking,Pants (1/1),JM9857,W CARGO PANTS EARSTR,,,4068811018474,197626670431,M, 50.0 , 100.0 ,USD,50, $40.25 
Apparel,Womens,Adult,Hiking,Pants (1/1),JM9857,W CARGO PANTS EARSTR,,,4068811022204,197626674194,L, 50.0 , 100.0 ,USD,37, $40.25 
Apparel,Womens,Adult,Hiking,Pants (1/1),JM9857,W CARGO PANTS EARSTR,,,4068811022167,197626670523,XL, 50.0 , 100.0 ,USD,22, $40.25 
Apparel,Womens,Adult,Hiking,Pants (1/1),JM9857,W CARGO PANTS EARSTR,,,4068811022198,197626670554,ST, 50.0 , 100.0 ,USD,1, $40.25 
Apparel,Womens,Adult,Hiking,Pants (1/1),JM9857,W CARGO PANTS EARSTR,,,4068811018436,197626670394,MT, 50.0 , 100.0 ,USD,2, $40.25 
Apparel,Womens,Adult,Hiking,Pants (1/1),JM9857,W CARGO PANTS EARSTR,,,4068811018481,197626670448,LT, 50.0 , 100.0 ,USD,2, $40.25 
Apparel,Mens,Junior,Soccer,Jersey (Short Sl.),HR2652,T ICON 23 JSY Y TEPORE,,,4066746309278,195744761796,2XS, 15.0 , 30.0 ,USD,0, $12.08 
Apparel,Mens,Junior,Soccer,Jersey (Short Sl.),HR2652,T ICON 23 JSY Y TEPORE,,,4066746309360,195744761888,XS, 15.0 , 30.0 ,USD,13, $12.08 
Apparel,Mens,Junior,Soccer,Jersey (Short Sl.),HR2652,T ICON 23 JSY Y TEPORE,,,4066746309308,195744761826,S, 15.0 , 30.0 ,USD,33, $12.08 
Apparel,Mens,Junior,Soccer,Jersey (Short Sl.),HR2652,T ICON 23 JSY Y TEPORE,,,4066746309407,195744761925,M, 15.0 , 30.0 ,USD,4, $12.08 
Apparel,Mens,Junior,Soccer,Jersey (Short Sl.),HR2652,T ICON 23 JSY Y TEPORE,,,4066746309353,195744761871,L, 15.0 , 30.0 ,USD,80, $12.08 
Apparel,Mens,Junior,Soccer,Jersey (Short Sl.),HR2652,T ICON 23 JSY Y TEPORE,,,4066746309254,195744761789,XL, 15.0 , 30.0 ,USD,6, $12.08 
Footwear,Womens,Adult,Hiking,Shoes - Mid (No-Fb),IH1104,TERREX SKYCHASER MID GTX W GREONE/OWHITE/GRETHR,,,4067896911465,197610796598,5, 99.0 , 180.0 ,USD,3, $79.70 
Footwear,Womens,Adult,Hiking,Shoes - Mid (No-Fb),IH1104,TERREX SKYCHASER MID GTX W GREONE/OWHITE/GRETHR,,,4067896907758,197610792880,5-, 99.0 , 180.0 ,USD,4, $79.70 
Footwear,Womens,Adult,Hiking,Shoes - Mid (No-Fb),IH1104,TERREX SKYCHASER MID GTX W GREONE/OWHITE/GRETHR,,,4067896911403,197610792903,6, 99.0 , 180.0 ,USD,11, $79.70 
Footwear,Womens,Adult,Hiking,Shoes - Mid (No-Fb),IH1104,TERREX SKYCHASER MID GTX W GREONE/OWHITE/GRETHR,,,4067896911397,197610796529,6-, 99.0 , 180.0 ,USD,12, $79.70 
Footwear,Womens,Adult,Hiking,Shoes - Mid (No-Fb),IH1104,TERREX SKYCHASER MID GTX W GREONE/OWHITE/GRETHR,,,4067896911380,197610796550,7, 99.0 , 180.0 ,USD,18, $79.70 
Footwear,Womens,Adult,Hiking,Shoes - Mid (No-Fb),IH1104,TERREX SKYCHASER MID GTX W GREONE/OWHITE/GRETHR,,,4067896911441,197610796574,7-, 99.0 , 180.0 ,USD,15, $79.70 
Footwear,Womens,Adult,Hiking,Shoes - Mid (No-Fb),IH1104,TERREX SKYCHASER MID GTX W GREONE/OWHITE/GRETHR,,,4067896907765,197610792897,8, 99.0 , 180.0 ,USD,20, $79.70 
Footwear,Womens,Adult,Hiking,Shoes - Mid (No-Fb),IH1104,TERREX SKYCHASER MID GTX W GREONE/OWHITE/GRETHR,,,4067896911458,197610796581,8-, 99.0 , 180.0 ,USD,16, $79.70 
Footwear,Womens,Adult,Hiking,Shoes - Mid (No-Fb),IH1104,TERREX SKYCHASER MID GTX W GREONE/OWHITE/GRETHR,,,4067896907741,197610792873,9, 99.0 , 180.0 ,USD,12, $79.70 
Footwear,Womens,Adult,Hiking,Shoes - Mid (No-Fb),IH1104,TERREX SKYCHASER MID GTX W GREONE/OWHITE/GRETHR,,,4067896911410,197610796536,9-, 99.0 , 180.0 ,USD,7, $79.70 
Footwear,Womens,Adult,Hiking,Shoes - Mid (No-Fb),IH1104,TERREX SKYCHASER MID GTX W GREONE/OWHITE/GRETHR,,,4067896911427,197610796543,10, 99.0 , 180.0 ,USD,3, $79.70 
Footwear,Womens,Adult,Hiking,Shoes - Mid (No-Fb),IH1104,TERREX SKYCHASER MID GTX W GREONE/OWHITE/GRETHR,,,4067896911434,197610796567,10-, 99.0 , 180.0 ,USD,2, $79.70 
Footwear,Womens,Adult,Hiking,Shoes - Mid (No-Fb),IH1104,TERREX SKYCHASER MID GTX W GREONE/OWHITE/GRETHR,,,4067896911472,197610796604,11, 99.0 , 180.0 ,USD,3, $79.70 
Footwear,Womens,Adult,Hiking,Shoes - Mid (No-Fb),IH1104,TERREX SKYCHASER MID GTX W GREONE/OWHITE/GRETHR,,,4067896911489,197610796611,11-, 99.0 , 180.0 ,USD,0, $79.70 
Footwear,Womens,Adult,Hiking,Shoes - Mid (No-Fb),IH1104,TERREX SKYCHASER MID GTX W GREONE/OWHITE/GRETHR,,,4067896911373,197610792910,12, 99.0 , 180.0 ,USD,0, $79.70 
Footwear,Mens,Adult,Tennis,Shoes - Low (No-Fb),IH2556,adizero Ubersonic 5 M CBLACK/ZEROMT/SILVMT,Black,,4067892313942,197615637308,6-, 82.5 , 150.0 ,USD,4, $66.41 
Footwear,Mens,Adult,Tennis,Shoes - Low (No-Fb),IH2556,adizero Ubersonic 5 M CBLACK/ZEROMT/SILVMT,Black,,4067892313836,197615637193,7, 82.5 , 150.0 ,USD,0, $66.41 
Footwear,Mens,Adult,Tennis,Shoes - Low (No-Fb),IH2556,adizero Ubersonic 5 M CBLACK/ZEROMT/SILVMT,Black,,4067892313980,197615640933,7-, 82.5 , 150.0 ,USD,16, $66.41 
Footwear,Mens,Adult,Tennis,Shoes - Low (No-Fb),IH2556,adizero Ubersonic 5 M CBLACK/ZEROMT/SILVMT,Black,,4067892313997,197615640940,8, 82.5 , 150.0 ,USD,35, $66.41 
Footwear,Mens,Adult,Tennis,Shoes - Low (No-Fb),IH2556,adizero Ubersonic 5 M CBLACK/ZEROMT/SILVMT,Black,,4067892313843,197615637209,8-, 82.5 , 150.0 ,USD,26, $66.41 
Footwear,Mens,Adult,Tennis,Shoes - Low (No-Fb),IH2556,adizero Ubersonic 5 M CBLACK/ZEROMT/SILVMT,Black,,4067892313881,197615637247,9, 82.5 , 150.0 ,USD,35, $66.41 
Footwear,Mens,Adult,Tennis,Shoes - Low (No-Fb),IH2556,adizero Ubersonic 5 M CBLACK/ZEROMT/SILVMT,Black,,4067892313850,197615637216,9-, 82.5 , 150.0 ,USD,0, $66.41 
Footwear,Mens,Adult,Tennis,Shoes - Low (No-Fb),IH2556,adizero Ubersonic 5 M CBLACK/ZEROMT/SILVMT,Black,,4067892313829,197615637186,10, 82.5 , 150.0 ,USD,20, $66.41 
Footwear,Mens,Adult,Tennis,Shoes - Low (No-Fb),IH2556,adizero Ubersonic 5 M CBLACK/ZEROMT/SILVMT,Black,,4067892313904,197615637261,10-, 82.5 , 150.0 ,USD,23, $66.41 
Footwear,Mens,Adult,Tennis,Shoes - Low (No-Fb),IH2556,adizero Ubersonic 5 M CBLACK/ZEROMT/SILVMT,Black,,4067892313928,197615637285,11, 82.5 , 150.0 ,USD,39, $66.41 
Footwear,Mens,Adult,Tennis,Shoes - Low (No-Fb),IH2556,adizero Ubersonic 5 M CBLACK/ZEROMT/SILVMT,Black,,4067892313898,197615637254,11-, 82.5 , 150.0 ,USD,214, $66.41 
Footwear,Mens,Adult,Tennis,Shoes - Low (No-Fb),IH2556,adizero Ubersonic 5 M CBLACK/ZEROMT/SILVMT,Black,,4067892313874,197615637230,12, 82.5 , 150.0 ,USD,30, $66.41 
Footwear,Mens,Adult,Tennis,Shoes - Low (No-Fb),IH2556,adizero Ubersonic 5 M CBLACK/ZEROMT/SILVMT,Black,,4067892313973,197615640964,12-, 82.5 , 150.0 ,USD,17, $66.41 
Footwear,Mens,Adult,Tennis,Shoes - Low (No-Fb),IH2556,adizero Ubersonic 5 M CBLACK/ZEROMT/SILVMT,Black,,4067892313911,197615637278,13, 82.5 , 150.0 ,USD,7, $66.41 
Footwear,Mens,Adult,Tennis,Shoes - Low (No-Fb),IH2556,adizero Ubersonic 5 M CBLACK/ZEROMT/SILVMT,Black,,4067892313867,197615637223,13-, 82.5 , 150.0 ,USD,14, $66.41 
Footwear,Mens,Adult,Tennis,Shoes - Low (No-Fb),IH2556,adizero Ubersonic 5 M CBLACK/ZEROMT/SILVMT,Black,,4067892313935,197615637292,14, 82.5 , 150.0 ,USD,1, $66.41 
Footwear,Mens,Adult,Tennis,Shoes - Low (No-Fb),IH2556,adizero Ubersonic 5 M CBLACK/ZEROMT/SILVMT,Black,,4067892313959,197615637315,14-, 82.5 , 150.0 ,USD,13, $66.41 
Footwear,Mens,Adult,Tennis,Shoes - Low (No-Fb),IH2556,adizero Ubersonic 5 M CBLACK/ZEROMT/SILVMT,Black,,4067892313966,197615637322,16, 82.5 , 150.0 ,USD,16, $66.41 
Apparel,Mens,Junior,Soccer,Jersey (Short Sl.),HR2651,T ICON 23 JSY Y WHITE,White,,4066746309261,195744761758,2XS, 15.0 , 30.0 ,USD,0, $12.08 
Apparel,Mens,Junior,Soccer,Jersey (Short Sl.),HR2651,T ICON 23 JSY Y WHITE,White,,4066746305492,195744758734,XS, 15.0 , 30.0 ,USD,0, $12.08 
Apparel,Mens,Junior,Soccer,Jersey (Short Sl.),HR2651,T ICON 23 JSY Y WHITE,White,,4066746305560,195744758802,S, 15.0 , 30.0 ,USD,4, $12.08 
Apparel,Mens,Junior,Soccer,Jersey (Short Sl.),HR2651,T ICON 23 JSY Y WHITE,White,,4066746305515,195744758758,M, 15.0 , 30.0 ,USD,0, $12.08 
Apparel,Mens,Junior,Soccer,Jersey (Short Sl.),HR2651,T ICON 23 JSY Y WHITE,White,,4066746305614,195744761734,L, 15.0 , 30.0 ,USD,59, $12.08 
Apparel,Mens,Junior,Soccer,Jersey (Short Sl.),HR2651,T ICON 23 JSY Y WHITE,White,,4066746305553,195744758796,XL, 15.0 , 30.0 ,USD,4, $12.08 
Apparel,Mens,Adult,Not Sports Specific,Graphic T (Short Sl),KC3239,M AMER G T MGREYH,,,4068809065251,197626035094,XS, 12.5 , 25.0 ,USD,0, $10.06 
Apparel,Mens,Adult,Not Sports Specific,Graphic T (Short Sl),KC3239,M AMER G T MGREYH,,,4068809065299,197626035131,S, 12.5 , 25.0 ,USD,0, $10.06 
Apparel,Mens,Adult,Not Sports Specific,Graphic T (Short Sl),KC3239,M AMER G T MGREYH,,,4068809065312,197626035155,M, 12.5 , 25.0 ,USD,0, $10.06 
Apparel,Mens,Adult,Not Sports Specific,Graphic T (Short Sl),KC3239,M AMER G T MGREYH,,,4068809065336,197626035179,L, 12.5 , 25.0 ,USD,0, $10.06 
Apparel,Mens,Adult,Not Sports Specific,Graphic T (Short Sl),KC3239,M AMER G T MGREYH,,,4068809065282,197626035124,XL, 12.5 , 25.0 ,USD,0, $10.06 
Apparel,Mens,Adult,Not Sports Specific,Graphic T (Short Sl),KC3239,M AMER G T MGREYH,,,4068809065213,197626035056,2XL, 12.5 , 25.0 ,USD,0, $10.06 
Apparel,Mens,Adult,Not Sports Specific,Graphic T (Short Sl),KC3239,M AMER G T MGREYH,,,4068809065343,197626035186,3XL, 12.5 , 25.0 ,USD,92, $10.06 
Apparel,Mens,Adult,Not Sports Specific,Graphic T (Short Sl),KC3239,M AMER G T MGREYH,,,4068809065244,197626035087,4XL, 12.5 , 25.0 ,USD,114, $10.06 
Apparel,Mens,Adult,Not Sports Specific,Graphic T (Short Sl),KC3239,M AMER G T MGREYH,,,4068809065275,197626035117,ST, 12.5 , 25.0 ,USD,0, $10.06 
Apparel,Mens,Adult,Not Sports Specific,Graphic T (Short Sl),KC3239,M AMER G T MGREYH,,,4068809065305,197626035148,MT, 12.5 , 25.0 ,USD,51, $10.06 
Apparel,Mens,Adult,Not Sports Specific,Graphic T (Short Sl),KC3239,M AMER G T MGREYH,,,4068809065268,197626035100,LT, 12.5 , 25.0 ,USD,30, $10.06 
Apparel,Mens,Adult,Not Sports Specific,Graphic T (Short Sl),KC3239,M AMER G T MGREYH,,,4068809065220,197626035063,XLT, 12.5 , 25.0 ,USD,42, $10.06 
Apparel,Mens,Adult,Not Sports Specific,Graphic T (Short Sl),KC3239,M AMER G T MGREYH,,,4068809065206,197626035049,2XLT, 12.5 , 25.0 ,USD,120, $10.06 
Apparel,Mens,Adult,Not Sports Specific,Graphic T (Short Sl),KC3239,M AMER G T MGREYH,,,4068809065329,197626035162,3XLT, 12.5 , 25.0 ,USD,0, $10.06 
Apparel,Mens,Adult,Not Sports Specific,Graphic T (Short Sl),KC3239,M AMER G T MGREYH,,,4068809065237,197626035070,4XLT, 12.5 , 25.0 ,USD,0, $10.06 
Apparel,Mens,Adult,Originals,Shorts (1/4),JD0406,ESS WVN SHORTS BLACK,Black,,4067902587462,197613604425,XS, 22.5 , 45.0 ,USD,0, $18.11 
Apparel,Mens,Adult,Originals,Shorts (1/4),JD0406,ESS WVN SHORTS BLACK,Black,,4067902587486,197613604449,S, 22.5 , 45.0 ,USD,0, $18.11 
Apparel,Mens,Adult,Originals,Shorts (1/4),JD0406,ESS WVN SHORTS BLACK,Black,,4067902584751,197613604357,M, 22.5 , 45.0 ,USD,1, $18.11 
Apparel,Mens,Adult,Originals,Shorts (1/4),JD0406,ESS WVN SHORTS BLACK,Black,,4067902584737,197613604333,L, 22.5 , 45.0 ,USD,0, $18.11 
Apparel,Mens,Adult,Originals,Shorts (1/4),JD0406,ESS WVN SHORTS BLACK,Black,,4067902587455,197613604418,XL, 22.5 , 45.0 ,USD,0, $18.11 
Apparel,Mens,Adult,Originals,Shorts (1/4),JD0406,ESS WVN SHORTS BLACK,Black,,4067902587417,197613604388,2XL, 22.5 , 45.0 ,USD,0, $18.11 
Footwear,Womens,Adult,Tennis,Shoes - Low (No-Fb),JP7723,GameCourt 2 W CWHITE/LUCPNK/CBLACK,White,,4067903934319,197613385003,5, 38.5 , 70.0 ,USD,2, $30.99 
Footwear,Womens,Adult,Tennis,Shoes - Low (No-Fb),JP7723,GameCourt 2 W CWHITE/LUCPNK/CBLACK,White,,4067903934395,197613385072,5-, 38.5 , 70.0 ,USD,0, $30.99 
Footwear,Womens,Adult,Tennis,Shoes - Low (No-Fb),JP7723,GameCourt 2 W CWHITE/LUCPNK/CBLACK,White,,4067903934340,197613385027,6, 38.5 , 70.0 ,USD,181, $30.99 
Footwear,Womens,Adult,Tennis,Shoes - Low (No-Fb),JP7723,GameCourt 2 W CWHITE/LUCPNK/CBLACK,White,,4067903934371,197613385058,6-, 38.5 , 70.0 ,USD,27, $30.99 
Footwear,Womens,Adult,Tennis,Shoes - Low (No-Fb),JP7723,GameCourt 2 W CWHITE/LUCPNK/CBLACK,White,,4067903934456,197613388769,7, 38.5 , 70.0 ,USD,48, $30.99 
Footwear,Womens,Adult,Tennis,Shoes - Low (No-Fb),JP7723,GameCourt 2 W CWHITE/LUCPNK/CBLACK,White,,4067903934388,197613385065,7-, 38.5 , 70.0 ,USD,2, $30.99 
Footwear,Womens,Adult,Tennis,Shoes - Low (No-Fb),JP7723,GameCourt 2 W CWHITE/LUCPNK/CBLACK,White,,4067903934449,197613385126,8, 38.5 , 70.0 ,USD,0, $30.99 
Footwear,Womens,Adult,Tennis,Shoes - Low (No-Fb),JP7723,GameCourt 2 W CWHITE/LUCPNK/CBLACK,White,,4067903934364,197613385041,8-, 38.5 , 70.0 ,USD,0, $30.99 
Footwear,Womens,Adult,Tennis,Shoes - Low (No-Fb),JP7723,GameCourt 2 W CWHITE/LUCPNK/CBLACK,White,,4067903934357,197613385034,9, 38.5 , 70.0 ,USD,217, $30.99 
Footwear,Womens,Adult,Tennis,Shoes - Low (No-Fb),JP7723,GameCourt 2 W CWHITE/LUCPNK/CBLACK,White,,4067903934432,197613385119,9-, 38.5 , 70.0 ,USD,300+, $30.99 
Footwear,Womens,Adult,Tennis,Shoes - Low (No-Fb),JP7723,GameCourt 2 W CWHITE/LUCPNK/CBLACK,White,,4067903934418,197613385096,10, 38.5 , 70.0 ,USD,300+, $30.99 
Footwear,Womens,Adult,Tennis,Shoes - Low (No-Fb),JP7723,GameCourt 2 W CWHITE/LUCPNK/CBLACK,White,,4067903934326,197613385010,10-, 38.5 , 70.0 ,USD,79, $30.99 
Footwear,Womens,Adult,Tennis,Shoes - Low (No-Fb),JP7723,GameCourt 2 W CWHITE/LUCPNK/CBLACK,White,,4067903934425,197613385102,11, 38.5 , 70.0 ,USD,300+, $30.99 
Footwear,Womens,Adult,Tennis,Shoes - Low (No-Fb),JP7723,GameCourt 2 W CWHITE/LUCPNK/CBLACK,White,,4067903934401,197613385089,11-, 38.5 , 70.0 ,USD,43, $30.99 
Footwear,Mens,Adult,Hiking,Shoes - Low (No-Fb),IE5110,TERREX FREE HIKER 2 LOW CBLACK/CBLACK/GREFOU,Black,,4066764353970,196471264536,6, 88.0 , 160.0 ,USD,0, $70.84 
Footwear,Mens,Adult,Hiking,Shoes - Low (No-Fb),IE5110,TERREX FREE HIKER 2 LOW CBLACK/CBLACK/GREFOU,Black,,4066764353949,196471264482,6-, 88.0 , 160.0 ,USD,0, $70.84 
Footwear,Mens,Adult,Hiking,Shoes - Low (No-Fb),IE5110,TERREX FREE HIKER 2 LOW CBLACK/CBLACK/GREFOU,Black,,4066764353994,196471264550,7, 88.0 , 160.0 ,USD,4, $70.84 
Footwear,Mens,Adult,Hiking,Shoes - Low (No-Fb),IE5110,TERREX FREE HIKER 2 LOW CBLACK/CBLACK/GREFOU,Black,,4066764353925,196471264499,7-, 88.0 , 160.0 ,USD,14, $70.84 
Footwear,Mens,Adult,Hiking,Shoes - Low (No-Fb),IE5110,TERREX FREE HIKER 2 LOW CBLACK/CBLACK/GREFOU,Black,,4066764353956,196471264512,8, 88.0 , 160.0 ,USD,20, $70.84 
Footwear,Mens,Adult,Hiking,Shoes - Low (No-Fb),IE5110,TERREX FREE HIKER 2 LOW CBLACK/CBLACK/GREFOU,Black,,4066764353963,196471264529,8-, 88.0 , 160.0 ,USD,31, $70.84 
Footwear,Mens,Adult,Hiking,Shoes - Low (No-Fb),IE5110,TERREX FREE HIKER 2 LOW CBLACK/CBLACK/GREFOU,Black,,4066764350290,196471260859,9, 88.0 , 160.0 ,USD,98, $70.84 
Footwear,Mens,Adult,Hiking,Shoes - Low (No-Fb),IE5110,TERREX FREE HIKER 2 LOW CBLACK/CBLACK/GREFOU,Black,,4066764353987,196471264543,9-, 88.0 , 160.0 ,USD,98, $70.84 
Footwear,Mens,Adult,Hiking,Shoes - Low (No-Fb),IE5110,TERREX FREE HIKER 2 LOW CBLACK/CBLACK/GREFOU,Black,,4066764354007,196471264567,10, 88.0 , 160.0 ,USD,118, $70.84 
Footwear,Mens,Adult,Hiking,Shoes - Low (No-Fb),IE5110,TERREX FREE HIKER 2 LOW CBLACK/CBLACK/GREFOU,Black,,4066764353918,196471264475,10-, 88.0 , 160.0 ,USD,129, $70.84 
Footwear,Mens,Adult,Hiking,Shoes - Low (No-Fb),IE5110,TERREX FREE HIKER 2 LOW CBLACK/CBLACK/GREFOU,Black,,4066764354014,196471264574,11, 88.0 , 160.0 ,USD,102, $70.84 
Footwear,Mens,Adult,Hiking,Shoes - Low (No-Fb),IE5110,TERREX FREE HIKER 2 LOW CBLACK/CBLACK/GREFOU,Black,,4066764354038,196471264598,11-, 88.0 , 160.0 ,USD,11, $70.84 
Footwear,Mens,Adult,Hiking,Shoes - Low (No-Fb),IE5110,TERREX FREE HIKER 2 LOW CBLACK/CBLACK/GREFOU,Black,,4066764350306,196471260866,12, 88.0 , 160.0 ,USD,57, $70.84 
Footwear,Mens,Adult,Hiking,Shoes - Low (No-Fb),IE5110,TERREX FREE HIKER 2 LOW CBLACK/CBLACK/GREFOU,Black,,4066764353932,196471264505,12-, 88.0 , 160.0 ,USD,16, $70.84 
Footwear,Mens,Adult,Hiking,Shoes - Low (No-Fb),IE5110,TERREX FREE HIKER 2 LOW CBLACK/CBLACK/GREFOU,Black,,4066764354045,196471264604,13, 88.0 , 160.0 ,USD,21, $70.84 
Footwear,Mens,Adult,Hiking,Shoes - Low (No-Fb),IE5110,TERREX FREE HIKER 2 LOW CBLACK/CBLACK/GREFOU,Black,,4066764354021,196471264581,14, 88.0 , 160.0 ,USD,11, $70.84 
Footwear,Mens,Adult,Hiking,Shoes - Low (No-Fb),IE5110,TERREX FREE HIKER 2 LOW CBLACK/CBLACK/GREFOU,Black,,4066764350283,196471260842,15, 88.0 , 160.0 ,USD,0, $70.84 
Apparel,Mens,Adult,Basketball,Shorts (1/2),JP2157,CRAZYLITE SHORT GRETHR,,,4067904327516,197615031632,"XS5""", 25.0 , 50.0 ,USD,0, $20.13 
Apparel,Mens,Adult,Basketball,Shorts (1/2),JP2157,CRAZYLITE SHORT GRETHR,,,4067904327622,197615031748,"S 5""", 25.0 , 50.0 ,USD,0, $20.13 
Apparel,Mens,Adult,Basketball,Shorts (1/2),JP2157,CRAZYLITE SHORT GRETHR,,,4067904327523,197615031649,"M 5""", 25.0 , 50.0 ,USD,0, $20.13 
Apparel,Mens,Adult,Basketball,Shorts (1/2),JP2157,CRAZYLITE SHORT GRETHR,,,4067904331315,197615035425,"L 5""", 25.0 , 50.0 ,USD,0, $20.13 
Apparel,Mens,Adult,Basketball,Shorts (1/2),JP2157,CRAZYLITE SHORT GRETHR,,,4067904327547,197615031663,"XL5""", 25.0 , 50.0 ,USD,0, $20.13 
Apparel,Mens,Adult,Basketball,Shorts (1/2),JP2157,CRAZYLITE SHORT GRETHR,,,4067904327653,197615031779,2XL5, 25.0 , 50.0 ,USD,0, $20.13 
Apparel,Mens,Adult,Basketball,Shorts (1/2),JP2157,CRAZYLITE SHORT GRETHR,,,4067904331407,197615035524,"XS7""", 25.0 , 50.0 ,USD,0, $20.13 
Apparel,Mens,Adult,Basketball,Shorts (1/2),JP2157,CRAZYLITE SHORT GRETHR,,,4067904327554,197615031670,"S 7""", 25.0 , 50.0 ,USD,233, $20.13 
Apparel,Mens,Adult,Basketball,Shorts (1/2),JP2157,CRAZYLITE SHORT GRETHR,,,4067904327578,197615031694,"M 7""", 25.0 , 50.0 ,USD,261, $20.13 
Apparel,Mens,Adult,Basketball,Shorts (1/2),JP2157,CRAZYLITE SHORT GRETHR,,,4067904331322,197615035449,"L 7""", 25.0 , 50.0 ,USD,268, $20.13 
Apparel,Mens,Adult,Basketball,Shorts (1/2),JP2157,CRAZYLITE SHORT GRETHR,,,4067904323815,197615027932,"XL7""", 25.0 , 50.0 ,USD,190, $20.13 
Apparel,Mens,Adult,Basketball,Shorts (1/2),JP2157,CRAZYLITE SHORT GRETHR,,,4067904323808,197615027925,2XL7, 25.0 , 50.0 ,USD,111, $20.13 
Apparel,Mens,Adult,Basketball,Shorts (1/2),JP2157,CRAZYLITE SHORT GRETHR,,,4067904327639,197615031755,3XL7, 25.0 , 50.0 ,USD,0, $20.13 
Apparel,Mens,Adult,Basketball,Shorts (1/2),JP2157,CRAZYLITE SHORT GRETHR,,,4067904327448,197615031564,4XL7, 25.0 , 50.0 ,USD,0, $20.13 
Apparel,Mens,Adult,Basketball,Shorts (1/2),JP2157,CRAZYLITE SHORT GRETHR,,,4067904331476,197615035593,"XS9""", 25.0 , 50.0 ,USD,0, $20.13 
Apparel,Mens,Adult,Basketball,Shorts (1/2),JP2157,CRAZYLITE SHORT GRETHR,,,4067904323822,197615027949,"S 9""", 25.0 , 50.0 ,USD,0, $20.13 
Apparel,Mens,Adult,Basketball,Shorts (1/2),JP2157,CRAZYLITE SHORT GRETHR,,,4067904327462,197615027956,"M 9""", 25.0 , 50.0 ,USD,0, $20.13 
Apparel,Mens,Adult,Basketball,Shorts (1/2),JP2157,CRAZYLITE SHORT GRETHR,,,4067904327431,197615031595,"L 9""", 25.0 , 50.0 ,USD,0, $20.13 
Apparel,Mens,Adult,Basketball,Shorts (1/2),JP2157,CRAZYLITE SHORT GRETHR,,,4067904327646,197615031762,"XL9""", 25.0 , 50.0 ,USD,0, $20.13 
Apparel,Mens,Adult,Basketball,Shorts (1/2),JP2157,CRAZYLITE SHORT GRETHR,,,4067904327592,197615031717,2XL9, 25.0 , 50.0 ,USD,0, $20.13 
Apparel,Mens,Adult,Basketball,Shorts (1/2),JP2157,CRAZYLITE SHORT GRETHR,,,4067904331353,197615035470,3XL9, 25.0 , 50.0 ,USD,0, $20.13 
Apparel,Mens,Adult,Basketball,Shorts (1/2),JP2157,CRAZYLITE SHORT GRETHR,,,4067904331490,197615035616,4XL9, 25.0 , 50.0 ,USD,0, $20.13 
Apparel,Mens,Adult,Basketball,Shorts (1/2),JP2157,CRAZYLITE SHORT GRETHR,,,4067904331469,197615035586,XS11, 25.0 , 50.0 ,USD,0, $20.13 
Apparel,Mens,Adult,Basketball,Shorts (1/2),JP2157,CRAZYLITE SHORT GRETHR,,,4067904331506,197615035623,"S11""", 25.0 , 50.0 ,USD,0, $20.13 
Apparel,Mens,Adult,Basketball,Shorts (1/2),JP2157,CRAZYLITE SHORT GRETHR,,,4067904331414,197615035531,"M11""", 25.0 , 50.0 ,USD,0, $20.13 
Apparel,Mens,Adult,Basketball,Shorts (1/2),JP2157,CRAZYLITE SHORT GRETHR,,,4067904331421,197615035548,"L11""", 25.0 , 50.0 ,USD,0, $20.13 
Apparel,Mens,Adult,Basketball,Shorts (1/2),JP2157,CRAZYLITE SHORT GRETHR,,,4067904331483,197615035609,XL11, 25.0 , 50.0 ,USD,0, $20.13 
Apparel,Mens,Adult,Basketball,Shorts (1/2),JP2157,CRAZYLITE SHORT GRETHR,,,4067904327530,197615031656,2X11, 25.0 , 50.0 ,USD,0, $20.13 
Apparel,Mens,Adult,Basketball,Shorts (1/2),JP2156,CRAZYLITE SHORT NAVBLU,Blue,,4067904339069,197615043185,"XS5""", 25.0 , 50.0 ,USD,0, $20.13 
Apparel,Mens,Adult,Basketball,Shorts (1/2),JP2156,CRAZYLITE SHORT NAVBLU,Blue,,4067904335344,197615039461,"S 5""", 25.0 , 50.0 ,USD,0, $20.13 
Apparel,Mens,Adult,Basketball,Shorts (1/2),JP2156,CRAZYLITE SHORT NAVBLU,Blue,,4067904335337,197615039454,"M 5""", 25.0 , 50.0 ,USD,0, $20.13 
Apparel,Mens,Adult,Basketball,Shorts (1/2),JP2156,CRAZYLITE SHORT NAVBLU,Blue,,4067904335276,197615039393,"L 5""", 25.0 , 50.0 ,USD,0, $20.13 
Apparel,Mens,Adult,Basketball,Shorts (1/2),JP2156,CRAZYLITE SHORT NAVBLU,Blue,,4067904335313,197615039430,"XL5""", 25.0 , 50.0 ,USD,0, $20.13 
Apparel,Mens,Adult,Basketball,Shorts (1/2),JP2156,CRAZYLITE SHORT NAVBLU,Blue,,4067904335283,197615039409,2XL5, 25.0 , 50.0 ,USD,0, $20.13 
Apparel,Mens,Adult,Basketball,Shorts (1/2),JP2156,CRAZYLITE SHORT NAVBLU,Blue,,4067904339175,197615043291,"XS7""", 25.0 , 50.0 ,USD,0, $20.13 
Apparel,Mens,Adult,Basketball,Shorts (1/2),JP2156,CRAZYLITE SHORT NAVBLU,Blue,,4067904335214,197615039331,"S 7""", 25.0 , 50.0 ,USD,216, $20.13 
Apparel,Mens,Adult,Basketball,Shorts (1/2),JP2156,CRAZYLITE SHORT NAVBLU,Blue,,4067904335320,197615039447,"M 7""", 25.0 , 50.0 ,USD,262, $20.13 
Apparel,Mens,Adult,Basketball,Shorts (1/2),JP2156,CRAZYLITE SHORT NAVBLU,Blue,,4067904335252,197615039379,"L 7""", 25.0 , 50.0 ,USD,239, $20.13 
Apparel,Mens,Adult,Basketball,Shorts (1/2),JP2156,CRAZYLITE SHORT NAVBLU,Blue,,4067904335160,197615039287,"XL7""", 25.0 , 50.0 ,USD,157, $20.13 
Apparel,Mens,Adult,Basketball,Shorts (1/2),JP2156,CRAZYLITE SHORT NAVBLU,Blue,,4067904335207,197615039324,2XL7, 25.0 , 50.0 ,USD,82, $20.13 
Apparel,Mens,Adult,Basketball,Shorts (1/2),JP2156,CRAZYLITE SHORT NAVBLU,Blue,,4067904339113,197615043239,3XL7, 25.0 , 50.0 ,USD,0, $20.13 
Apparel,Mens,Adult,Basketball,Shorts (1/2),JP2156,CRAZYLITE SHORT NAVBLU,Blue,,4067904339090,197615043215,4XL7, 25.0 , 50.0 ,USD,0, $20.13 
Apparel,Mens,Adult,Basketball,Shorts (1/2),JP2156,CRAZYLITE SHORT NAVBLU,Blue,,4067904339014,197615043130,"XS9""", 25.0 , 50.0 ,USD,0, $20.13 
Apparel,Mens,Adult,Basketball,Shorts (1/2),JP2156,CRAZYLITE SHORT NAVBLU,Blue,,4067904335269,197615039386,"S 9""", 25.0 , 50.0 ,USD,0, $20.13 
Apparel,Mens,Adult,Basketball,Shorts (1/2),JP2156,CRAZYLITE SHORT NAVBLU,Blue,,4067904335290,197615039416,"M 9""", 25.0 , 50.0 ,USD,0, $20.13 
Apparel,Mens,Adult,Basketball,Shorts (1/2),JP2156,CRAZYLITE SHORT NAVBLU,Blue,,4067904339052,197615043178,"L 9""", 25.0 , 50.0 ,USD,0, $20.13 
Apparel,Mens,Adult,Basketball,Shorts (1/2),JP2156,CRAZYLITE SHORT NAVBLU,Blue,,4067904335221,197615039348,"XL9""", 25.0 , 50.0 ,USD,0, $20.13 
Apparel,Mens,Adult,Basketball,Shorts (1/2),JP2156,CRAZYLITE SHORT NAVBLU,Blue,,4067904335238,197615039355,2XL9, 25.0 , 50.0 ,USD,0, $20.13 
Apparel,Mens,Adult,Basketball,Shorts (1/2),JP2156,CRAZYLITE SHORT NAVBLU,Blue,,4067904338994,197615043109,3XL9, 25.0 , 50.0 ,USD,0, $20.13 
Apparel,Mens,Adult,Basketball,Shorts (1/2),JP2156,CRAZYLITE SHORT NAVBLU,Blue,,4067904335245,197615039362,4XL9, 25.0 , 50.0 ,USD,0, $20.13 
Apparel,Mens,Adult,Basketball,Shorts (1/2),JP2156,CRAZYLITE SHORT NAVBLU,Blue,,4067904335122,197615035630,XS11, 25.0 , 50.0 ,USD,0, $20.13 
Apparel,Mens,Adult,Basketball,Shorts (1/2),JP2156,CRAZYLITE SHORT NAVBLU,Blue,,4067904335153,197615039263,"S11""", 25.0 , 50.0 ,USD,0, $20.13 
Apparel,Mens,Adult,Basketball,Shorts (1/2),JP2156,CRAZYLITE SHORT NAVBLU,Blue,,4067904335191,197615039317,"M11""", 25.0 , 50.0 ,USD,0, $20.13 
Apparel,Mens,Adult,Basketball,Shorts (1/2),JP2156,CRAZYLITE SHORT NAVBLU,Blue,,4067904335139,197615039249,"L11""", 25.0 , 50.0 ,USD,0, $20.13 
Apparel,Mens,Adult,Basketball,Shorts (1/2),JP2156,CRAZYLITE SHORT NAVBLU,Blue,,4067904335146,197615039256,XL11, 25.0 , 50.0 ,USD,0, $20.13 
Apparel,Mens,Adult,Basketball,Shorts (1/2),JP2156,CRAZYLITE SHORT NAVBLU,Blue,,4067904339021,197615043147,2X11, 25.0 , 50.0 ,USD,0, $20.13 
Apparel,Mens,Adult,Soccer,Jersey (Short Sl.),FT6761,CAMPEON 21 JSY GLOPNK,Pink,,4061612166122,191980226488,XS, 22.5 , 45.0 ,USD,0, $18.11 
Apparel,Mens,Adult,Soccer,Jersey (Short Sl.),FT6761,CAMPEON 21 JSY GLOPNK,Pink,,4061612166023,191980226389,S, 22.5 , 45.0 ,USD,29, $18.11 
Apparel,Mens,Adult,Soccer,Jersey (Short Sl.),FT6761,CAMPEON 21 JSY GLOPNK,Pink,,4061612166115,191980226471,M, 22.5 , 45.0 ,USD,0, $18.11 
Apparel,Mens,Adult,Soccer,Jersey (Short Sl.),FT6761,CAMPEON 21 JSY GLOPNK,Pink,,4061612166160,191980226525,L, 22.5 , 45.0 ,USD,0, $18.11 
Apparel,Mens,Adult,Soccer,Jersey (Short Sl.),FT6761,CAMPEON 21 JSY GLOPNK,Pink,,4061612166139,191980226495,XL, 22.5 , 45.0 ,USD,5, $18.11 
Apparel,Mens,Adult,Soccer,Jersey (Short Sl.),FT6761,CAMPEON 21 JSY GLOPNK,Pink,,4061612166030,191980226396,2XL, 22.5 , 45.0 ,USD,0, $18.11 
Footwear,Mens,Adult,Running,Shoes - Low (No-Fb),IF6748,ADIZERO SL2 M CBLACK/ZEROMT/CARBON,Black,,4067889112718,196478552650,4, 71.5 , 130.0 ,USD,0, $57.56 
Footwear,Mens,Adult,Running,Shoes - Low (No-Fb),IF6748,ADIZERO SL2 M CBLACK/ZEROMT/CARBON,Black,,4067889108933,196478552476,4-, 71.5 , 130.0 ,USD,0, $57.56 
Footwear,Mens,Adult,Running,Shoes - Low (No-Fb),IF6748,ADIZERO SL2 M CBLACK/ZEROMT/CARBON,Black,,4067889112619,196478552568,5, 71.5 , 130.0 ,USD,0, $57.56 
Footwear,Mens,Adult,Running,Shoes - Low (No-Fb),IF6748,ADIZERO SL2 M CBLACK/ZEROMT/CARBON,Black,,4067889112626,196478552575,5-, 71.5 , 130.0 ,USD,0, $57.56 
Footwear,Mens,Adult,Running,Shoes - Low (No-Fb),IF6748,ADIZERO SL2 M CBLACK/ZEROMT/CARBON,Black,,4067889108964,196478552506,6, 71.5 , 130.0 ,USD,0, $57.56 
Footwear,Mens,Adult,Running,Shoes - Low (No-Fb),IF6748,ADIZERO SL2 M CBLACK/ZEROMT/CARBON,Black,,4067889112657,196478552599,6-, 71.5 , 130.0 ,USD,0, $57.56 
Footwear,Mens,Adult,Running,Shoes - Low (No-Fb),IF6748,ADIZERO SL2 M CBLACK/ZEROMT/CARBON,Black,,4067889108971,196478552513,7, 71.5 , 130.0 ,USD,0, $57.56 
Footwear,Mens,Adult,Running,Shoes - Low (No-Fb),IF6748,ADIZERO SL2 M CBLACK/ZEROMT/CARBON,Black,,4067889108957,196478552490,7-, 71.5 , 130.0 ,USD,0, $57.56 
Footwear,Mens,Adult,Running,Shoes - Low (No-Fb),IF6748,ADIZERO SL2 M CBLACK/ZEROMT/CARBON,Black,,4067889112671,196478552612,8, 71.5 , 130.0 ,USD,3, $57.56 
Footwear,Mens,Adult,Running,Shoes - Low (No-Fb),IF6748,ADIZERO SL2 M CBLACK/ZEROMT/CARBON,Black,,4067889112633,196478552544,8-, 71.5 , 130.0 ,USD,3, $57.56 
Footwear,Mens,Adult,Running,Shoes - Low (No-Fb),IF6748,ADIZERO SL2 M CBLACK/ZEROMT/CARBON,Black,,4067889108926,196478552452,9, 71.5 , 130.0 ,USD,0, $57.56 
Footwear,Mens,Adult,Running,Shoes - Low (No-Fb),IF6748,ADIZERO SL2 M CBLACK/ZEROMT/CARBON,Black,,4067889108940,196478552483,9-, 71.5 , 130.0 ,USD,7, $57.56 
Footwear,Mens,Adult,Running,Shoes - Low (No-Fb),IF6748,ADIZERO SL2 M CBLACK/ZEROMT/CARBON,Black,,4067889112725,196478552667,10, 71.5 , 130.0 ,USD,9, $57.56 
Footwear,Mens,Adult,Running,Shoes - Low (No-Fb),IF6748,ADIZERO SL2 M CBLACK/ZEROMT/CARBON,Black,,4067889112701,196478552643,10-, 71.5 , 130.0 ,USD,17, $57.56 
Footwear,Mens,Adult,Running,Shoes - Low (No-Fb),IF6748,ADIZERO SL2 M CBLACK/ZEROMT/CARBON,Black,,4067889108988,196478552520,11, 71.5 , 130.0 ,USD,0, $57.56 
Footwear,Mens,Adult,Running,Shoes - Low (No-Fb),IF6748,ADIZERO SL2 M CBLACK/ZEROMT/CARBON,Black,,4067889108919,196478552445,11-, 71.5 , 130.0 ,USD,9, $57.56 
Footwear,Mens,Adult,Running,Shoes - Low (No-Fb),IF6748,ADIZERO SL2 M CBLACK/ZEROMT/CARBON,Black,,4067889112695,196478552636,12, 71.5 , 130.0 ,USD,8, $57.56 
Footwear,Mens,Adult,Running,Shoes - Low (No-Fb),IF6748,ADIZERO SL2 M CBLACK/ZEROMT/CARBON,Black,,4067889108902,196478552438,12-, 71.5 , 130.0 ,USD,5, $57.56 
Footwear,Mens,Adult,Running,Shoes - Low (No-Fb),IF6748,ADIZERO SL2 M CBLACK/ZEROMT/CARBON,Black,,4067889112688,196478552629,13, 71.5 , 130.0 ,USD,4, $57.56 
Footwear,Mens,Adult,Running,Shoes - Low (No-Fb),IF6748,ADIZERO SL2 M CBLACK/ZEROMT/CARBON,Black,,4067889112640,196478552582,13-, 71.5 , 130.0 ,USD,0, $57.56 
Footwear,Mens,Adult,Running,Shoes - Low (No-Fb),IF6748,ADIZERO SL2 M CBLACK/ZEROMT/CARBON,Black,,4067889108995,196478552537,14, 71.5 , 130.0 ,USD,5, $57.56 
Footwear,Mens,Adult,Running,Shoes - Low (No-Fb),IF6748,ADIZERO SL2 M CBLACK/ZEROMT/CARBON,Black,,4067897860182,197607326883,14-, 71.5 , 130.0 ,USD,0, $57.56 
Footwear,Mens,Adult,Running,Shoes - Low (No-Fb),IF6748,ADIZERO SL2 M CBLACK/ZEROMT/CARBON,Black,,4067889112664,196478552605,15, 71.5 , 130.0 ,USD,1, $57.56 
Footwear,Mens,Adult,Running,Shoes - Low (No-Fb),IF6748,ADIZERO SL2 M CBLACK/ZEROMT/CARBON,Black,,4067897860151,197607326852,16, 71.5 , 130.0 ,USD,0, $57.56 
Footwear,Mens,Adult,Running,Shoes - Low (No-Fb),IF6748,ADIZERO SL2 M CBLACK/ZEROMT/CARBON,Black,,4067897860199,197607326890,17, 71.5 , 130.0 ,USD,0, $57.56 
Footwear,Mens,Adult,Running,Shoes - Low (No-Fb),IF6748,ADIZERO SL2 M CBLACK/ZEROMT/CARBON,Black,,4067897860168,197607326869,18, 71.5 , 130.0 ,USD,0, $57.56 
Footwear,Mens,Adult,Running,Shoes - Low (No-Fb),IF6748,ADIZERO SL2 M CBLACK/ZEROMT/CARBON,Black,,4067897860175,197607326876,19, 71.5 , 130.0 ,USD,0, $57.56 
Apparel,Womens,Adult,Trail Running,Jacket (Technical),JZ0853,W XPR LIGHT R J AURPLU,,,4068809604023,197625569323,XS, 90.0 , 180.0 ,USD,7, $72.45 
Apparel,Womens,Adult,Trail Running,Jacket (Technical),JZ0853,W XPR LIGHT R J AURPLU,,,4068809600414,197625569309,S, 90.0 , 180.0 ,USD,10, $72.45 
Apparel,Womens,Adult,Trail Running,Jacket (Technical),JZ0853,W XPR LIGHT R J AURPLU,,,4068809600384,197625569279,M, 90.0 , 180.0 ,USD,14, $72.45 
Apparel,Womens,Adult,Trail Running,Jacket (Technical),JZ0853,W XPR LIGHT R J AURPLU,,,4068809604078,197625569361,L, 90.0 , 180.0 ,USD,12, $72.45 
Apparel,Womens,Adult,Trail Running,Jacket (Technical),JZ0853,W XPR LIGHT R J AURPLU,,,4068809600391,197625569286,XL, 90.0 , 180.0 ,USD,7, $72.45 
Apparel,Womens,Adult,Trail Running,Jacket (Technical),JZ0853,W XPR LIGHT R J AURPLU,,,4068809604115,197625569408,2XL, 90.0 , 180.0 ,USD,0, $72.45 
Apparel,Mens,Adult,Soccer,Jersey (Short Sl.),FT6762,CAMPEON 21 JSY ROYBLU,Blue,,4061612154587,191980218308,XS, 22.5 , 45.0 ,USD,0, $18.11 
Apparel,Mens,Adult,Soccer,Jersey (Short Sl.),FT6762,CAMPEON 21 JSY ROYBLU,Blue,,4061612154556,191980218278,S, 22.5 , 45.0 ,USD,25, $18.11 
Apparel,Mens,Adult,Soccer,Jersey (Short Sl.),FT6762,CAMPEON 21 JSY ROYBLU,Blue,,4061612154655,191980218377,M, 22.5 , 45.0 ,USD,16, $18.11 
Apparel,Mens,Adult,Soccer,Jersey (Short Sl.),FT6762,CAMPEON 21 JSY ROYBLU,Blue,,4061612154501,191980218223,L, 22.5 , 45.0 ,USD,11, $18.11 
Apparel,Mens,Adult,Soccer,Jersey (Short Sl.),FT6762,CAMPEON 21 JSY ROYBLU,Blue,,4061612154518,191980218230,XL, 22.5 , 45.0 ,USD,9, $18.11 
Apparel,Mens,Adult,Soccer,Jersey (Short Sl.),FT6762,CAMPEON 21 JSY ROYBLU,Blue,,4061612158288,191980218407,2XL, 22.5 , 45.0 ,USD,0, $18.11 
Footwear,Womens,Adult,Tennis,Shoes - Low (No-Fb),IF0407,Barricade 13 W FTWWHT/CBLACK/GREONE,White,,4066764834202,196471550219,5, 88.0 , 160.0 ,USD,0, $70.84 
Footwear,Womens,Adult,Tennis,Shoes - Low (No-Fb),IF0407,Barricade 13 W FTWWHT/CBLACK/GREONE,White,,4066764834219,196471550226,5-, 88.0 , 160.0 ,USD,9, $70.84 
Footwear,Womens,Adult,Tennis,Shoes - Low (No-Fb),IF0407,Barricade 13 W FTWWHT/CBLACK/GREONE,White,,4066764834271,196471550288,6, 88.0 , 160.0 ,USD,35, $70.84 
Footwear,Womens,Adult,Tennis,Shoes - Low (No-Fb),IF0407,Barricade 13 W FTWWHT/CBLACK/GREONE,White,,4066764834240,196471550257,6-, 88.0 , 160.0 ,USD,48, $70.84 
Footwear,Womens,Adult,Tennis,Shoes - Low (No-Fb),IF0407,Barricade 13 W FTWWHT/CBLACK/GREONE,White,,4066764834233,196471550240,7, 88.0 , 160.0 ,USD,80, $70.84 
Footwear,Womens,Adult,Tennis,Shoes - Low (No-Fb),IF0407,Barricade 13 W FTWWHT/CBLACK/GREONE,White,,4066764834165,196471550189,7-, 88.0 , 160.0 ,USD,66, $70.84 
Footwear,Womens,Adult,Tennis,Shoes - Low (No-Fb),IF0407,Barricade 13 W FTWWHT/CBLACK/GREONE,White,,4066764834189,196471550202,8, 88.0 , 160.0 ,USD,69, $70.84 
Footwear,Womens,Adult,Tennis,Shoes - Low (No-Fb),IF0407,Barricade 13 W FTWWHT/CBLACK/GREONE,White,,4066764834295,196471550301,8-, 88.0 , 160.0 ,USD,40, $70.84 
Footwear,Womens,Adult,Tennis,Shoes - Low (No-Fb),IF0407,Barricade 13 W FTWWHT/CBLACK/GREONE,White,,4066764834288,196471550295,9, 88.0 , 160.0 ,USD,112, $70.84 
Footwear,Womens,Adult,Tennis,Shoes - Low (No-Fb),IF0407,Barricade 13 W FTWWHT/CBLACK/GREONE,White,,4066764834172,196471550196,9-, 88.0 , 160.0 ,USD,23, $70.84 
Footwear,Womens,Adult,Tennis,Shoes - Low (No-Fb),IF0407,Barricade 13 W FTWWHT/CBLACK/GREONE,White,,4066764834196,196471550172,10, 88.0 , 160.0 ,USD,35, $70.84 
Footwear,Womens,Adult,Tennis,Shoes - Low (No-Fb),IF0407,Barricade 13 W FTWWHT/CBLACK/GREONE,White,,4066764834264,196471550271,10-, 88.0 , 160.0 ,USD,0, $70.84 
Footwear,Womens,Adult,Tennis,Shoes - Low (No-Fb),IF0407,Barricade 13 W FTWWHT/CBLACK/GREONE,White,,4066764834226,196471550233,11, 88.0 , 160.0 ,USD,23, $70.84 
Footwear,Womens,Adult,Tennis,Shoes - Low (No-Fb),IF0407,Barricade 13 W FTWWHT/CBLACK/GREONE,White,,4066764834257,196471550264,11-, 88.0 , 160.0 ,USD,1, $70.84 
Footwear,Mens,Adult,Originals,Slides,IF3917,adiFOM SUPERNOVA WONWHI/WONWHI/WONWHI,,,4066766305151,196473884145,4, 49.5 , 90.0 ,USD,0, $39.85 
Footwear,Mens,Adult,Originals,Slides,IF3917,adiFOM SUPERNOVA WONWHI/WONWHI/WONWHI,,,4066766305175,196473884121,5, 49.5 , 90.0 ,USD,0, $39.85 
Footwear,Mens,Adult,Originals,Slides,IF3917,adiFOM SUPERNOVA WONWHI/WONWHI/WONWHI,,,4066766305120,196473880482,6, 49.5 , 90.0 ,USD,0, $39.85 
Footwear,Mens,Adult,Originals,Slides,IF3917,adiFOM SUPERNOVA WONWHI/WONWHI/WONWHI,,,4066766305168,196473884114,7, 49.5 , 90.0 ,USD,0, $39.85 
Footwear,Mens,Adult,Originals,Slides,IF3917,adiFOM SUPERNOVA WONWHI/WONWHI/WONWHI,,,4066766305182,196473884138,8, 49.5 , 90.0 ,USD,0, $39.85 
Footwear,Mens,Adult,Originals,Slides,IF3917,adiFOM SUPERNOVA WONWHI/WONWHI/WONWHI,,,4066766305137,196473880499,9, 49.5 , 90.0 ,USD,0, $39.85 
Footwear,Mens,Adult,Originals,Slides,IF3917,adiFOM SUPERNOVA WONWHI/WONWHI/WONWHI,,,4066766305205,196473884169,10, 49.5 , 90.0 ,USD,1, $39.85 
Footwear,Mens,Adult,Originals,Slides,IF3917,adiFOM SUPERNOVA WONWHI/WONWHI/WONWHI,,,4066766305106,196473880468,11, 49.5 , 90.0 ,USD,2, $39.85 
Footwear,Mens,Adult,Originals,Slides,IF3917,adiFOM SUPERNOVA WONWHI/WONWHI/WONWHI,,,4066766305113,196473880475,12, 49.5 , 90.0 ,USD,0, $39.85 
Footwear,Mens,Adult,Originals,Slides,IF3917,adiFOM SUPERNOVA WONWHI/WONWHI/WONWHI,,,4066766305199,196473884152,13, 49.5 , 90.0 ,USD,0, $39.85 
Apparel,Mens,Adult,Basketball,Shorts (1/2),JP2158,CRAZYLITE SHORT TMPWRD,Red,,4067904362159,197615066122,"XS5""", 25.0 , 50.0 ,USD,0, $20.13 
Apparel,Mens,Adult,Basketball,Shorts (1/2),JP2158,CRAZYLITE SHORT TMPWRD,Red,,4067904365990,197615069963,"S 5""", 25.0 , 50.0 ,USD,0, $20.13 
Apparel,Mens,Adult,Basketball,Shorts (1/2),JP2158,CRAZYLITE SHORT TMPWRD,Red,,4067904365877,197615066252,"M 5""", 25.0 , 50.0 ,USD,0, $20.13 
Apparel,Mens,Adult,Basketball,Shorts (1/2),JP2158,CRAZYLITE SHORT TMPWRD,Red,,4067904365860,197615066214,"L 5""", 25.0 , 50.0 ,USD,0, $20.13 
Apparel,Mens,Adult,Basketball,Shorts (1/2),JP2158,CRAZYLITE SHORT TMPWRD,Red,,4067904365853,197615066245,"XL5""", 25.0 , 50.0 ,USD,0, $20.13 
Apparel,Mens,Adult,Basketball,Shorts (1/2),JP2158,CRAZYLITE SHORT TMPWRD,Red,,4067904366003,197615069970,2XL5, 25.0 , 50.0 ,USD,0, $20.13 
Apparel,Mens,Adult,Basketball,Shorts (1/2),JP2158,CRAZYLITE SHORT TMPWRD,Red,,4067904362081,197615062469,"XS7""", 25.0 , 50.0 ,USD,0, $20.13 
Apparel,Mens,Adult,Basketball,Shorts (1/2),JP2158,CRAZYLITE SHORT TMPWRD,Red,,4067904362173,197615066153,"S 7""", 25.0 , 50.0 ,USD,191, $20.13 
Apparel,Mens,Adult,Basketball,Shorts (1/2),JP2158,CRAZYLITE SHORT TMPWRD,Red,,4067904362128,197615062506,"M 7""", 25.0 , 50.0 ,USD,300, $20.13 
Apparel,Mens,Adult,Basketball,Shorts (1/2),JP2158,CRAZYLITE SHORT TMPWRD,Red,,4067904366010,197615069987,"L 7""", 25.0 , 50.0 ,USD,250, $20.13 
Apparel,Mens,Adult,Basketball,Shorts (1/2),JP2158,CRAZYLITE SHORT TMPWRD,Red,,4067904365846,197615066238,"XL7""", 25.0 , 50.0 ,USD,185, $20.13 
Apparel,Mens,Adult,Basketball,Shorts (1/2),JP2158,CRAZYLITE SHORT TMPWRD,Red,,4067904362067,197615062445,2XL7, 25.0 , 50.0 ,USD,102, $20.13 
Apparel,Mens,Adult,Basketball,Shorts (1/2),JP2158,CRAZYLITE SHORT TMPWRD,Red,,4067904365983,197615069994,3XL7, 25.0 , 50.0 ,USD,0, $20.13 
Apparel,Mens,Adult,Basketball,Shorts (1/2),JP2158,CRAZYLITE SHORT TMPWRD,Red,,4067904362203,197615066184,4XL7, 25.0 , 50.0 ,USD,0, $20.13 
Apparel,Mens,Adult,Basketball,Shorts (1/2),JP2158,CRAZYLITE SHORT TMPWRD,Red,,4067904362050,197615062438,"XS9""", 25.0 , 50.0 ,USD,0, $20.13 
Apparel,Mens,Adult,Basketball,Shorts (1/2),JP2158,CRAZYLITE SHORT TMPWRD,Red,,4067904365891,197615066276,"S 9""", 25.0 , 50.0 ,USD,0, $20.13 
Apparel,Mens,Adult,Basketball,Shorts (1/2),JP2158,CRAZYLITE SHORT TMPWRD,Red,,4067904362180,197615066160,"M 9""", 25.0 , 50.0 ,USD,0, $20.13 
Apparel,Mens,Adult,Basketball,Shorts (1/2),JP2158,CRAZYLITE SHORT TMPWRD,Red,,4067904362197,197615066177,"L 9""", 25.0 , 50.0 ,USD,0, $20.13 
Apparel,Mens,Adult,Basketball,Shorts (1/2),JP2158,CRAZYLITE SHORT TMPWRD,Red,,4067904362166,197615066139,"XL9""", 25.0 , 50.0 ,USD,0, $20.13 
Apparel,Mens,Adult,Basketball,Shorts (1/2),JP2158,CRAZYLITE SHORT TMPWRD,Red,,4067904362074,197615062452,2XL9, 25.0 , 50.0 ,USD,0, $20.13 
Apparel,Mens,Adult,Basketball,Shorts (1/2),JP2158,CRAZYLITE SHORT TMPWRD,Red,,4067904362005,197615062391,3XL9, 25.0 , 50.0 ,USD,0, $20.13 
Apparel,Mens,Adult,Basketball,Shorts (1/2),JP2158,CRAZYLITE SHORT TMPWRD,Red,,4067904366027,197615070006,4XL9, 25.0 , 50.0 ,USD,0, $20.13 
Apparel,Mens,Adult,Basketball,Shorts (1/2),JP2158,CRAZYLITE SHORT TMPWRD,Red,,4067904365938,197615066313,XS11, 25.0 , 50.0 ,USD,0, $20.13 
Apparel,Mens,Adult,Basketball,Shorts (1/2),JP2158,CRAZYLITE SHORT TMPWRD,Red,,4067904362227,197615066207,"S11""", 25.0 , 50.0 ,USD,0, $20.13 
Apparel,Mens,Adult,Basketball,Shorts (1/2),JP2158,CRAZYLITE SHORT TMPWRD,Red,,4067904369677,197615070068,"M11""", 25.0 , 50.0 ,USD,0, $20.13 
Apparel,Mens,Adult,Basketball,Shorts (1/2),JP2158,CRAZYLITE SHORT TMPWRD,Red,,4067904362135,197615062513,"L11""", 25.0 , 50.0 ,USD,0, $20.13 
Apparel,Mens,Adult,Basketball,Shorts (1/2),JP2158,CRAZYLITE SHORT TMPWRD,Red,,4067904362098,197615062476,XL11, 25.0 , 50.0 ,USD,0, $20.13 
Apparel,Mens,Adult,Basketball,Shorts (1/2),JP2158,CRAZYLITE SHORT TMPWRD,Red,,4067904362104,197615062483,2X11, 25.0 , 50.0 ,USD,0, $20.13 
Apparel,Mens,Adult,Basketball,Shorts (1/2),IX1850,PRO BLOCK SHORT BLACK/BLACK,Black,,4066758710994,196467702431,"XS5""", 20.0 , 40.0 ,USD,0, $16.10 
Apparel,Mens,Adult,Basketball,Shorts (1/2),IX1850,PRO BLOCK SHORT BLACK/BLACK,Black,,4066758707208,196467698659,"S 5""", 20.0 , 40.0 ,USD,0, $16.10 
Apparel,Mens,Adult,Basketball,Shorts (1/2),IX1850,PRO BLOCK SHORT BLACK/BLACK,Black,,4066758703385,196467694835,"M 5""", 20.0 , 40.0 ,USD,0, $16.10 
Apparel,Mens,Adult,Basketball,Shorts (1/2),IX1850,PRO BLOCK SHORT BLACK/BLACK,Black,,4066758711052,196467702509,"L 5""", 20.0 , 40.0 ,USD,0, $16.10 
Apparel,Mens,Adult,Basketball,Shorts (1/2),IX1850,PRO BLOCK SHORT BLACK/BLACK,Black,,4066758703453,196467694903,"XL5""", 20.0 , 40.0 ,USD,0, $16.10 
Apparel,Mens,Adult,Basketball,Shorts (1/2),IX1850,PRO BLOCK SHORT BLACK/BLACK,Black,,4066758707239,196467698680,2XL5, 20.0 , 40.0 ,USD,0, $16.10 
Apparel,Mens,Adult,Basketball,Shorts (1/2),IX1850,PRO BLOCK SHORT BLACK/BLACK,Black,,4066758703446,196467694897,"XS7""", 20.0 , 40.0 ,USD,0, $16.10 
Apparel,Mens,Adult,Basketball,Shorts (1/2),IX1850,PRO BLOCK SHORT BLACK/BLACK,Black,,4066758711076,196467702523,"S 7""", 20.0 , 40.0 ,USD,0, $16.10 
Apparel,Mens,Adult,Basketball,Shorts (1/2),IX1850,PRO BLOCK SHORT BLACK/BLACK,Black,,4066758707253,196467698703,"M 7""", 20.0 , 40.0 ,USD,0, $16.10 
Apparel,Mens,Adult,Basketball,Shorts (1/2),IX1850,PRO BLOCK SHORT BLACK/BLACK,Black,,4066758707123,196467694972,"L 7""", 20.0 , 40.0 ,USD,0, $16.10 
Apparel,Mens,Adult,Basketball,Shorts (1/2),IX1850,PRO BLOCK SHORT BLACK/BLACK,Black,,4066758707147,196467698628,"XL7""", 20.0 , 40.0 ,USD,0, $16.10 
Apparel,Mens,Adult,Basketball,Shorts (1/2),IX1850,PRO BLOCK SHORT BLACK/BLACK,Black,,4066758703408,196467694859,2XL7, 20.0 , 40.0 ,USD,0, $16.10 
Apparel,Mens,Adult,Basketball,Shorts (1/2),IX1850,PRO BLOCK SHORT BLACK/BLACK,Black,,4066758707079,196467694934,3XL7, 20.0 , 40.0 ,USD,0, $16.10 
Apparel,Mens,Adult,Basketball,Shorts (1/2),IX1850,PRO BLOCK SHORT BLACK/BLACK,Black,,4066758703439,196467694880,4XL7, 20.0 , 40.0 ,USD,0, $16.10 
Apparel,Mens,Adult,Basketball,Shorts (1/2),IX1850,PRO BLOCK SHORT BLACK/BLACK,Black,,4066758707222,196467698673,"XS9""", 20.0 , 40.0 ,USD,0, $16.10 
Apparel,Mens,Adult,Basketball,Shorts (1/2),IX1850,PRO BLOCK SHORT BLACK/BLACK,Black,,4066758707154,196467698598,"S 9""", 20.0 , 40.0 ,USD,0, $16.10 
Apparel,Mens,Adult,Basketball,Shorts (1/2),IX1850,PRO BLOCK SHORT BLACK/BLACK,Black,,4066758703347,196467694798,"M 9""", 20.0 , 40.0 ,USD,0, $16.10 
Apparel,Mens,Adult,Basketball,Shorts (1/2),IX1850,PRO BLOCK SHORT BLACK/BLACK,Black,,4066758707116,196467694965,"L 9""", 20.0 , 40.0 ,USD,0, $16.10 
Apparel,Mens,Adult,Basketball,Shorts (1/2),IX1850,PRO BLOCK SHORT BLACK/BLACK,Black,,4066758707130,196467694989,"XL9""", 20.0 , 40.0 ,USD,0, $16.10 
Apparel,Mens,Adult,Basketball,Shorts (1/2),IX1850,PRO BLOCK SHORT BLACK/BLACK,Black,,4066758703422,196467694873,2XL9, 20.0 , 40.0 ,USD,0, $16.10 
Apparel,Mens,Adult,Basketball,Shorts (1/2),IX1850,PRO BLOCK SHORT BLACK/BLACK,Black,,4066758707093,196467694910,3XL9, 20.0 , 40.0 ,USD,0, $16.10 
Apparel,Mens,Adult,Basketball,Shorts (1/2),IX1850,PRO BLOCK SHORT BLACK/BLACK,Black,,4066758707062,196467694927,4XL9, 20.0 , 40.0 ,USD,0, $16.10 
Apparel,Mens,Adult,Basketball,Shorts (1/2),IX1850,PRO BLOCK SHORT BLACK/BLACK,Black,,4066758707109,196467694958,XS11, 20.0 , 40.0 ,USD,0, $16.10 
Apparel,Mens,Adult,Basketball,Shorts (1/2),IX1850,PRO BLOCK SHORT BLACK/BLACK,Black,,4066758707185,196467698635,"S11""", 20.0 , 40.0 ,USD,264, $16.10 
Apparel,Mens,Adult,Basketball,Shorts (1/2),IX1850,PRO BLOCK SHORT BLACK/BLACK,Black,,4066758703361,196467694811,"M11""", 20.0 , 40.0 ,USD,193, $16.10 
Apparel,Mens,Adult,Basketball,Shorts (1/2),IX1850,PRO BLOCK SHORT BLACK/BLACK,Black,,4066758707086,196467694941,"L11""", 20.0 , 40.0 ,USD,82, $16.10 
Apparel,Mens,Adult,Basketball,Shorts (1/2),IX1850,PRO BLOCK SHORT BLACK/BLACK,Black,,4066758703354,196467694804,XL11, 20.0 , 40.0 ,USD,82, $16.10 
Apparel,Mens,Adult,Basketball,Shorts (1/2),IX1850,PRO BLOCK SHORT BLACK/BLACK,Black,,4066758707277,196467698727,2X11, 20.0 , 40.0 ,USD,0, $16.10 
Apparel,Mens,Adult,Tennis,Polo Shirt(Short Sl),JP0418,CLUB 3STR POLO LUCLEM,,,4067905908561,196475551588,XS, 25.0 , 50.0 ,USD,0, $20.13 
Apparel,Mens,Adult,Tennis,Polo Shirt(Short Sl),JP0418,CLUB 3STR POLO LUCLEM,,,4067905908530,196475551557,S, 25.0 , 50.0 ,USD,2, $20.13 
Apparel,Mens,Adult,Tennis,Polo Shirt(Short Sl),JP0418,CLUB 3STR POLO LUCLEM,,,4067905912209,196475551632,M, 25.0 , 50.0 ,USD,8, $20.13 
Apparel,Mens,Adult,Tennis,Polo Shirt(Short Sl),JP0418,CLUB 3STR POLO LUCLEM,,,4067905912186,196475551618,L, 25.0 , 50.0 ,USD,14, $20.13 
Apparel,Mens,Adult,Tennis,Polo Shirt(Short Sl),JP0418,CLUB 3STR POLO LUCLEM,,,4067905908431,196475551458,XL, 25.0 , 50.0 ,USD,11, $20.13 
Apparel,Mens,Adult,Tennis,Polo Shirt(Short Sl),JP0418,CLUB 3STR POLO LUCLEM,,,4067905912216,196475551601,2XL, 25.0 , 50.0 ,USD,6, $20.13 
Apparel,Mens,Adult,Soccer,Jersey (Short Sl.),GN5727,SQUAD 21 JSY SS TMLGGR/WHITE,,,4064045177895,191985782552,XS, 17.5 , 35.0 ,USD,0, $14.09 
Apparel,Mens,Adult,Soccer,Jersey (Short Sl.),GN5727,SQUAD 21 JSY SS TMLGGR/WHITE,,,4064045177956,191985786246,S, 17.5 , 35.0 ,USD,49, $14.09 
Apparel,Mens,Adult,Soccer,Jersey (Short Sl.),GN5727,SQUAD 21 JSY SS TMLGGR/WHITE,,,4064045177994,191985786253,M, 17.5 , 35.0 ,USD,14, $14.09 
Apparel,Mens,Adult,Soccer,Jersey (Short Sl.),GN5727,SQUAD 21 JSY SS TMLGGR/WHITE,,,4064045178007,191985786260,L, 17.5 , 35.0 ,USD,15, $14.09 
Apparel,Mens,Adult,Soccer,Jersey (Short Sl.),GN5727,SQUAD 21 JSY SS TMLGGR/WHITE,,,4064045177918,191985782576,XL, 17.5 , 35.0 ,USD,0, $14.09 
Apparel,Mens,Adult,Soccer,Jersey (Short Sl.),GN5727,SQUAD 21 JSY SS TMLGGR/WHITE,,,4064045178014,191985786277,2XL, 17.5 , 35.0 ,USD,0, $14.09 
Apparel,Womens,Adult,Hiking,Jacket (Filled Thin),IT3223,W XPR LF JKT BLACK,Black,,4067894697323,196479687290,XS, 95.0 , 190.0 ,USD,22, $76.48 
Apparel,Womens,Adult,Hiking,Jacket (Filled Thin),IT3223,W XPR LF JKT BLACK,Black,,4067894697316,196479687283,S, 95.0 , 190.0 ,USD,57, $76.48 
Apparel,Womens,Adult,Hiking,Jacket (Filled Thin),IT3223,W XPR LF JKT BLACK,Black,,4067894697354,196479687337,M, 95.0 , 190.0 ,USD,53, $76.48 
Apparel,Womens,Adult,Hiking,Jacket (Filled Thin),IT3223,W XPR LF JKT BLACK,Black,,4067894697279,196479683650,L, 95.0 , 190.0 ,USD,53, $76.48 
Apparel,Womens,Adult,Hiking,Jacket (Filled Thin),IT3223,W XPR LF JKT BLACK,Black,,4067894697248,196479683636,XL, 95.0 , 190.0 ,USD,28, $76.48 
Apparel,Mens,Adult,Not Sports Specific,Hooded Sweat,HL2273,M FEELCOZY HD ROYBLU/WHITE,Blue,,4066747983262,195746954783,XS, 25.0 , 50.0 ,USD,0, $20.13 
Apparel,Mens,Adult,Not Sports Specific,Hooded Sweat,HL2273,M FEELCOZY HD ROYBLU/WHITE,Blue,,4066747983156,195746952277,S, 25.0 , 50.0 ,USD,0, $20.13 
Apparel,Mens,Adult,Not Sports Specific,Hooded Sweat,HL2273,M FEELCOZY HD ROYBLU/WHITE,Blue,,4066747983125,195746952246,M, 25.0 , 50.0 ,USD,0, $20.13 
Apparel,Mens,Adult,Not Sports Specific,Hooded Sweat,HL2273,M FEELCOZY HD ROYBLU/WHITE,Blue,,4066747986683,195746954820,L, 25.0 , 50.0 ,USD,0, $20.13 
Apparel,Mens,Adult,Not Sports Specific,Hooded Sweat,HL2273,M FEELCOZY HD ROYBLU/WHITE,Blue,,4066747983064,195746942414,XL, 25.0 , 50.0 ,USD,0, $20.13 
Apparel,Mens,Adult,Not Sports Specific,Hooded Sweat,HL2273,M FEELCOZY HD ROYBLU/WHITE,Blue,,4066747983132,195746952253,2XL, 25.0 , 50.0 ,USD,1, $20.13 
Apparel,Mens,Adult,Not Sports Specific,Hooded Sweat,HL2273,M FEELCOZY HD ROYBLU/WHITE,Blue,,4066747983088,195746952208,3XL, 25.0 , 50.0 ,USD,0, $20.13 
Apparel,Mens,Adult,Not Sports Specific,Hooded Sweat,HL2273,M FEELCOZY HD ROYBLU/WHITE,Blue,,4066747986676,195746954851,4XL, 25.0 , 50.0 ,USD,0, $20.13 
Apparel,Mens,Adult,Not Sports Specific,Hooded Sweat,HL2273,M FEELCOZY HD ROYBLU/WHITE,Blue,,4066747986652,195746954837,MT, 25.0 , 50.0 ,USD,0, $20.13 
Apparel,Mens,Adult,Not Sports Specific,Hooded Sweat,HL2273,M FEELCOZY HD ROYBLU/WHITE,Blue,,4066747983163,195746952284,LT, 25.0 , 50.0 ,USD,0, $20.13 
Apparel,Mens,Adult,Not Sports Specific,Hooded Sweat,HL2273,M FEELCOZY HD ROYBLU/WHITE,Blue,,4066747983057,195746942407,XLT, 25.0 , 50.0 ,USD,0, $20.13 
Apparel,Mens,Adult,Not Sports Specific,Hooded Sweat,HL2273,M FEELCOZY HD ROYBLU/WHITE,Blue,,4066747983118,195746952239,2XLT, 25.0 , 50.0 ,USD,0, $20.13 
Apparel,Mens,Adult,Not Sports Specific,Hooded Sweat,HL2273,M FEELCOZY HD ROYBLU/WHITE,Blue,,4066747983149,195746952260,3XLT, 25.0 , 50.0 ,USD,0, $20.13 
Apparel,Mens,Adult,Not Sports Specific,Hooded Sweat,HL2273,M FEELCOZY HD ROYBLU/WHITE,Blue,,4066747983170,195746952291,4XLT, 25.0 , 50.0 ,USD,0, $20.13 
Footwear,Unisex,Infant,Originals,Shoes - Low (No-Fb),JI4335,CAMPUS 00s CF EL I CBLACK/FTWWHT/GUM2,Black,,4067897777343,197609727183,4K, 27.5 , 55.0 ,USD,41, $22.14 
Footwear,Unisex,Infant,Originals,Shoes - Low (No-Fb),JI4335,CAMPUS 00s CF EL I CBLACK/FTWWHT/GUM2,Black,,4067897781029,197609727275,5K, 27.5 , 55.0 ,USD,27, $22.14 
Footwear,Unisex,Infant,Originals,Shoes - Low (No-Fb),JI4335,CAMPUS 00s CF EL I CBLACK/FTWWHT/GUM2,Black,,4067897777381,197609727220,5-K, 27.5 , 55.0 ,USD,1, $22.14 
Footwear,Unisex,Infant,Originals,Shoes - Low (No-Fb),JI4335,CAMPUS 00s CF EL I CBLACK/FTWWHT/GUM2,Black,,4067897777398,197609727237,6K, 27.5 , 55.0 ,USD,19, $22.14 
Footwear,Unisex,Infant,Originals,Shoes - Low (No-Fb),JI4335,CAMPUS 00s CF EL I CBLACK/FTWWHT/GUM2,Black,,4067897777350,197609727190,6-K, 27.5 , 55.0 ,USD,2, $22.14 
Footwear,Unisex,Infant,Originals,Shoes - Low (No-Fb),JI4335,CAMPUS 00s CF EL I CBLACK/FTWWHT/GUM2,Black,,4067897777367,197609727206,7K, 27.5 , 55.0 ,USD,1, $22.14 
Footwear,Unisex,Infant,Originals,Shoes - Low (No-Fb),JI4335,CAMPUS 00s CF EL I CBLACK/FTWWHT/GUM2,Black,,4067897777329,197609727169,7-K, 27.5 , 55.0 ,USD,1, $22.14 
Footwear,Unisex,Infant,Originals,Shoes - Low (No-Fb),JI4335,CAMPUS 00s CF EL I CBLACK/FTWWHT/GUM2,Black,,4067897781043,197609727268,8K, 27.5 , 55.0 ,USD,0, $22.14 
Footwear,Unisex,Infant,Originals,Shoes - Low (No-Fb),JI4335,CAMPUS 00s CF EL I CBLACK/FTWWHT/GUM2,Black,,4067897777411,197609727251,8-K, 27.5 , 55.0 ,USD,1, $22.14 
Footwear,Unisex,Infant,Originals,Shoes - Low (No-Fb),JI4335,CAMPUS 00s CF EL I CBLACK/FTWWHT/GUM2,Black,,4067897777404,197609727244,9K, 27.5 , 55.0 ,USD,0, $22.14 
Footwear,Unisex,Infant,Originals,Shoes - Low (No-Fb),JI4335,CAMPUS 00s CF EL I CBLACK/FTWWHT/GUM2,Black,,4067897777336,197609727176,9-K, 27.5 , 55.0 ,USD,1, $22.14 
Footwear,Unisex,Infant,Originals,Shoes - Low (No-Fb),JI4335,CAMPUS 00s CF EL I CBLACK/FTWWHT/GUM2,Black,,4067897777374,197609727213,10K, 27.5 , 55.0 ,USD,7, $22.14 
Apparel,Unisex,Junior,Originals,Track Top,JD1622,FIREBIRD TOP SEPISP,,,4067902574554,196476225006,XS, 25.0 , 50.0 ,USD,0, $20.13 
Apparel,Unisex,Junior,Originals,Track Top,JD1622,FIREBIRD TOP SEPISP,,,4067902574523,196476224979,S, 25.0 , 50.0 ,USD,18, $20.13 
Apparel,Unisex,Junior,Originals,Track Top,JD1622,FIREBIRD TOP SEPISP,,,4067902574639,196476225082,M, 25.0 , 50.0 ,USD,51, $20.13 
Apparel,Unisex,Junior,Originals,Track Top,JD1622,FIREBIRD TOP SEPISP,,,4067902574622,196476225075,L, 25.0 , 50.0 ,USD,86, $20.13 
Apparel,Unisex,Junior,Originals,Track Top,JD1622,FIREBIRD TOP SEPISP,,,4067902574592,196476225044,XL, 25.0 , 50.0 ,USD,39, $20.13 
Apparel,Womens,Adult,Training,Tights (1/2),JI5546,TF SHO L SILGRN,,,4067891440236,197611739761,2XS3, 12.5 , 25.0 ,USD,0, $10.06 
Apparel,Womens,Adult,Training,Tights (1/2),JI5546,TF SHO L SILGRN,,,4067891440311,197611743713,"XS3""", 12.5 , 25.0 ,USD,0, $10.06 
Apparel,Womens,Adult,Training,Tights (1/2),JI5546,TF SHO L SILGRN,,,4067891447785,197611747551,"S 3""", 12.5 , 25.0 ,USD,3, $10.06 
Apparel,Womens,Adult,Training,Tights (1/2),JI5546,TF SHO L SILGRN,,,4067891444159,197611747544,"M 3""", 12.5 , 25.0 ,USD,13, $10.06 
Apparel,Womens,Adult,Training,Tights (1/2),JI5546,TF SHO L SILGRN,,,4067891447815,197611747599,"L 3""", 12.5 , 25.0 ,USD,21, $10.06 
Apparel,Womens,Adult,Training,Tights (1/2),JI5546,TF SHO L SILGRN,,,4067891447808,197611747575,"XL3""", 12.5 , 25.0 ,USD,4, $10.06 
Apparel,Womens,Adult,Training,Tights (1/2),JI5546,TF SHO L SILGRN,,,4067891440267,197611743638,2XL3, 12.5 , 25.0 ,USD,0, $10.06 
Apparel,Womens,Adult,Training,Tights (1/2),JI5546,TF SHO L SILGRN,,,4067891444135,197611747506,2XS4, 12.5 , 25.0 ,USD,0, $10.06 
Apparel,Womens,Adult,Training,Tights (1/2),JI5546,TF SHO L SILGRN,,,4067891444036,197611743805,"XS4""", 12.5 , 25.0 ,USD,0, $10.06 
Apparel,Womens,Adult,Training,Tights (1/2),JI5546,TF SHO L SILGRN,,,4067891440250,197611743621,"S 4""", 12.5 , 25.0 ,USD,6, $10.06 
Apparel,Womens,Adult,Training,Tights (1/2),JI5546,TF SHO L SILGRN,,,4067891447792,197611747568,"M 4""", 12.5 , 25.0 ,USD,0, $10.06 
Apparel,Womens,Adult,Training,Tights (1/2),JI5546,TF SHO L SILGRN,,,4067891443961,197611743737,"L 4""", 12.5 , 25.0 ,USD,9, $10.06 
Apparel,Womens,Adult,Training,Tights (1/2),JI5546,TF SHO L SILGRN,,,4067891443947,197611743706,"XL4""", 12.5 , 25.0 ,USD,3, $10.06 
Apparel,Womens,Adult,Training,Tights (1/2),JI5546,TF SHO L SILGRN,,,4067891443954,197611743720,2XL4, 12.5 , 25.0 ,USD,0, $10.06 
Apparel,Womens,Adult,Training,Tights (1/2),JI5546,TF SHO L SILGRN,,,4067891444074,197611743843,2XS5, 12.5 , 25.0 ,USD,0, $10.06 
Apparel,Womens,Adult,Training,Tights (1/2),JI5546,TF SHO L SILGRN,,,4067891444043,197611743812,"XS5""", 12.5 , 25.0 ,USD,0, $10.06 
Apparel,Womens,Adult,Training,Tights (1/2),JI5546,TF SHO L SILGRN,,,4067891443978,197611743751,"S 5""", 12.5 , 25.0 ,USD,0, $10.06 
Apparel,Womens,Adult,Training,Tights (1/2),JI5546,TF SHO L SILGRN,,,4067891440298,197611743669,"M 5""", 12.5 , 25.0 ,USD,0, $10.06 
Apparel,Womens,Adult,Training,Tights (1/2),JI5546,TF SHO L SILGRN,,,4067891440281,197611743652,"L 5""", 12.5 , 25.0 ,USD,0, $10.06 
Apparel,Womens,Adult,Training,Tights (1/2),JI5546,TF SHO L SILGRN,,,4067891443992,197611743775,"XL5""", 12.5 , 25.0 ,USD,2, $10.06 
Apparel,Womens,Adult,Training,Tights (1/2),JI5546,TF SHO L SILGRN,,,4067891444081,197611747452,2XL5, 12.5 , 25.0 ,USD,0, $10.06 
Footwear,Womens,Adult,Trail Running,Shoes - Low (No-Fb),JR5246,TERREX AGRAVIC SPEED W PURTEA/GREONE/SEFLAQ,,,4067903222423,197614911119,5, 88.0 , 160.0 ,USD,0, $70.84 
Footwear,Womens,Adult,Trail Running,Shoes - Low (No-Fb),JR5246,TERREX AGRAVIC SPEED W PURTEA/GREONE/SEFLAQ,,,4067903222447,197614911133,5-, 88.0 , 160.0 ,USD,3, $70.84 
Footwear,Womens,Adult,Trail Running,Shoes - Low (No-Fb),JR5246,TERREX AGRAVIC SPEED W PURTEA/GREONE/SEFLAQ,,,4067903222362,197614907457,6, 88.0 , 160.0 ,USD,43, $70.84 
Footwear,Womens,Adult,Trail Running,Shoes - Low (No-Fb),JR5246,TERREX AGRAVIC SPEED W PURTEA/GREONE/SEFLAQ,,,4067903222416,197614911096,6-, 88.0 , 160.0 ,USD,52, $70.84 
Footwear,Womens,Adult,Trail Running,Shoes - Low (No-Fb),JR5246,TERREX AGRAVIC SPEED W PURTEA/GREONE/SEFLAQ,,,4067903222355,197614907440,7, 88.0 , 160.0 ,USD,71, $70.84 
Footwear,Womens,Adult,Trail Running,Shoes - Low (No-Fb),JR5246,TERREX AGRAVIC SPEED W PURTEA/GREONE/SEFLAQ,,,4067903222409,197614911089,7-, 88.0 , 160.0 ,USD,80, $70.84 
Footwear,Womens,Adult,Trail Running,Shoes - Low (No-Fb),JR5246,TERREX AGRAVIC SPEED W PURTEA/GREONE/SEFLAQ,,,4067903222461,197614911157,8, 88.0 , 160.0 ,USD,96, $70.84 
Footwear,Womens,Adult,Trail Running,Shoes - Low (No-Fb),JR5246,TERREX AGRAVIC SPEED W PURTEA/GREONE/SEFLAQ,,,4067903222379,197614907464,8-, 88.0 , 160.0 ,USD,86, $70.84 
Footwear,Womens,Adult,Trail Running,Shoes - Low (No-Fb),JR5246,TERREX AGRAVIC SPEED W PURTEA/GREONE/SEFLAQ,,,4067903222348,197614907433,9, 88.0 , 160.0 ,USD,63, $70.84 
Footwear,Womens,Adult,Trail Running,Shoes - Low (No-Fb),JR5246,TERREX AGRAVIC SPEED W PURTEA/GREONE/SEFLAQ,,,4067903222386,197614911102,9-, 88.0 , 160.0 ,USD,24, $70.84 
Footwear,Womens,Adult,Trail Running,Shoes - Low (No-Fb),JR5246,TERREX AGRAVIC SPEED W PURTEA/GREONE/SEFLAQ,,,4067903222454,197614911140,10, 88.0 , 160.0 ,USD,51, $70.84 
Footwear,Womens,Adult,Trail Running,Shoes - Low (No-Fb),JR5246,TERREX AGRAVIC SPEED W PURTEA/GREONE/SEFLAQ,,,4067903222430,197614911126,10-, 88.0 , 160.0 ,USD,0, $70.84 
Footwear,Womens,Adult,Trail Running,Shoes - Low (No-Fb),JR5246,TERREX AGRAVIC SPEED W PURTEA/GREONE/SEFLAQ,,,4067903222393,197614911072,11, 88.0 , 160.0 ,USD,14, $70.84 
Apparel,Mens,Adult,Not Sports Specific,Shorts (1/2),JF1113,M SL CHELSEA OLISTR/BLACK,,,4067905221165,197612290773,2XSS, 17.5 , 35.0 ,USD,0, $14.09 
Apparel,Mens,Adult,Not Sports Specific,Shorts (1/2),JF1113,M SL CHELSEA OLISTR/BLACK,,,4067905221226,197612294436,XS/S, 17.5 , 35.0 ,USD,0, $14.09 
Apparel,Mens,Adult,Not Sports Specific,Shorts (1/2),JF1113,M SL CHELSEA OLISTR/BLACK,,,4067905221219,197612294429,S/S, 17.5 , 35.0 ,USD,0, $14.09 
Apparel,Mens,Adult,Not Sports Specific,Shorts (1/2),JF1113,M SL CHELSEA OLISTR/BLACK,,,4067905221158,197612290766,M/S, 17.5 , 35.0 ,USD,0, $14.09 
Apparel,Mens,Adult,Not Sports Specific,Shorts (1/2),JF1113,M SL CHELSEA OLISTR/BLACK,,,4067905221202,197612294412,L/S, 17.5 , 35.0 ,USD,0, $14.09 
Apparel,Mens,Adult,Not Sports Specific,Shorts (1/2),JF1113,M SL CHELSEA OLISTR/BLACK,,,4067905221172,197612290780,XL/S, 17.5 , 35.0 ,USD,0, $14.09 
Apparel,Mens,Adult,Not Sports Specific,Shorts (1/2),JF1113,M SL CHELSEA OLISTR/BLACK,,,4067905221233,197612294443,2XLS, 17.5 , 35.0 ,USD,2, $14.09 
Apparel,Mens,Adult,Not Sports Specific,Shorts (1/2),JF1113,M SL CHELSEA OLISTR/BLACK,,,4067905221967,197612294467,3XLS, 17.5 , 35.0 ,USD,0, $14.09 
Apparel,Mens,Adult,Not Sports Specific,Shorts (1/2),JF1113,M SL CHELSEA OLISTR/BLACK,,,4067905221189,197612294399,4XLS, 17.5 , 35.0 ,USD,0, $14.09 
Apparel,Mens,Adult,Not Sports Specific,Shorts (1/2),JF1113,M SL CHELSEA OLISTR/BLACK,,,4067905316809,196476022797,2XS, 17.5 , 35.0 ,USD,0, $14.09 
Apparel,Mens,Adult,Not Sports Specific,Shorts (1/2),JF1113,M SL CHELSEA OLISTR/BLACK,,,4067901399929,196477495965,XS, 17.5 , 35.0 ,USD,0, $14.09 
Apparel,Mens,Adult,Not Sports Specific,Shorts (1/2),JF1113,M SL CHELSEA OLISTR/BLACK,,,4067901399936,196477495972,S, 17.5 , 35.0 ,USD,0, $14.09 
Apparel,Mens,Adult,Not Sports Specific,Shorts (1/2),JF1113,M SL CHELSEA OLISTR/BLACK,,,4067901399899,196477472409,M, 17.5 , 35.0 ,USD,0, $14.09 
Apparel,Mens,Adult,Not Sports Specific,Shorts (1/2),JF1113,M SL CHELSEA OLISTR/BLACK,,,4067901399912,196477495958,L, 17.5 , 35.0 ,USD,2, $14.09 
Apparel,Mens,Adult,Not Sports Specific,Shorts (1/2),JF1113,M SL CHELSEA OLISTR/BLACK,,,4067901399943,196477495989,XL, 17.5 , 35.0 ,USD,3, $14.09 
Apparel,Mens,Adult,Not Sports Specific,Shorts (1/2),JF1113,M SL CHELSEA OLISTR/BLACK,,,4067901399905,196477472416,2XL, 17.5 , 35.0 ,USD,4, $14.09 
Apparel,Mens,Adult,Not Sports Specific,Shorts (1/2),JF1113,M SL CHELSEA OLISTR/BLACK,,,4067905316786,196476022780,3XL, 17.5 , 35.0 ,USD,0, $14.09 
Apparel,Mens,Adult,Not Sports Specific,Shorts (1/2),JF1113,M SL CHELSEA OLISTR/BLACK,,,4067905320707,196476024302,4XL, 17.5 , 35.0 ,USD,0, $14.09 
Apparel,Mens,Adult,Not Sports Specific,Shorts (1/2),JF1113,M SL CHELSEA OLISTR/BLACK,,,4067905320622,196476023503,ST, 17.5 , 35.0 ,USD,0, $14.09 
Apparel,Mens,Adult,Not Sports Specific,Shorts (1/2),JF1113,M SL CHELSEA OLISTR/BLACK,,,4067905320660,196476023541,MT, 17.5 , 35.0 ,USD,0, $14.09 
Apparel,Mens,Adult,Not Sports Specific,Shorts (1/2),JF1113,M SL CHELSEA OLISTR/BLACK,,,4067905316922,196476023404,LT, 17.5 , 35.0 ,USD,0, $14.09 
Apparel,Mens,Adult,Not Sports Specific,Shorts (1/2),JF1113,M SL CHELSEA OLISTR/BLACK,,,4067905316755,196476022728,XLT, 17.5 , 35.0 ,USD,1, $14.09 
Apparel,Mens,Adult,Not Sports Specific,Shorts (1/2),JF1113,M SL CHELSEA OLISTR/BLACK,,,4067905316823,196476022810,2XLT, 17.5 , 35.0 ,USD,2, $14.09 
Apparel,Mens,Adult,Not Sports Specific,Shorts (1/2),JF1113,M SL CHELSEA OLISTR/BLACK,,,4067905313068,196476022667,3XLT, 17.5 , 35.0 ,USD,0, $14.09 
Apparel,Mens,Adult,Not Sports Specific,Shorts (1/2),JF1113,M SL CHELSEA OLISTR/BLACK,,,4067905316915,196476023398,4XLT, 17.5 , 35.0 ,USD,0, $14.09 
Apparel,Mens,Adult,Not Sports Specific,Shorts (1/2),JF1113,M SL CHELSEA OLISTR/BLACK,,,4068807566088,197622729218,5XLT, 17.5 , 35.0 ,USD,0, $14.09 
Apparel,Mens,Adult,Not Sports Specific,Shorts (1/2),JF1113,M SL CHELSEA OLISTR/BLACK,,,4068814104501,198319049510,MT2, 17.5 , 35.0 ,USD,0, $14.09 
Apparel,Mens,Adult,Not Sports Specific,Shorts (1/2),JF1113,M SL CHELSEA OLISTR/BLACK,,,4068814104402,198319045819,LT2, 17.5 , 35.0 ,USD,0, $14.09 
Apparel,Mens,Adult,Not Sports Specific,Shorts (1/2),JF1113,M SL CHELSEA OLISTR/BLACK,,,4068814104457,198319045864,XLT2, 17.5 , 35.0 ,USD,0, $14.09 
Apparel,Mens,Adult,Not Sports Specific,Shorts (1/2),JF1113,M SL CHELSEA OLISTR/BLACK,,,4068814104495,198319045901,2XT2, 17.5 , 35.0 ,USD,0, $14.09 
Apparel,Mens,Adult,Not Sports Specific,Shorts (1/2),JF1113,M SL CHELSEA OLISTR/BLACK,,,4068814104396,198319045802,3XT2, 17.5 , 35.0 ,USD,0, $14.09 
Apparel,Mens,Adult,Not Sports Specific,Shorts (1/2),JF1113,M SL CHELSEA OLISTR/BLACK,,,4068814104426,198319045833,4XT2, 17.5 , 35.0 ,USD,0, $14.09 
Apparel,Mens,Adult,Not Sports Specific,Shorts (1/2),JF1113,M SL CHELSEA OLISTR/BLACK,,,4068814104440,198319045857,LT3, 17.5 , 35.0 ,USD,0, $14.09 
Apparel,Mens,Adult,Not Sports Specific,Shorts (1/2),JF1113,M SL CHELSEA OLISTR/BLACK,,,4068814104464,198319045871,XLT3, 17.5 , 35.0 ,USD,0, $14.09 
Apparel,Mens,Adult,Not Sports Specific,Shorts (1/2),JF1113,M SL CHELSEA OLISTR/BLACK,,,4068814104488,198319045895,2XT3, 17.5 , 35.0 ,USD,0, $14.09 
Apparel,Mens,Adult,Not Sports Specific,Shorts (1/2),JF1113,M SL CHELSEA OLISTR/BLACK,,,4068814104389,198319045796,3XT3, 17.5 , 35.0 ,USD,0, $14.09 
Apparel,Mens,Adult,Not Sports Specific,Shorts (1/2),JF1113,M SL CHELSEA OLISTR/BLACK,,,4068814104419,198319045826,4XT3, 17.5 , 35.0 ,USD,0, $14.09 
Footwear,Womens,Adult,Trail Running,Shoes - Low (No-Fb),JR3743,TERREX AGRAVIC SPEED W GRETWO/SEFLAQ/FTWWHT,,,4067907815485,197620184996,5, 88.0 , 160.0 ,USD,5, $70.84 
Footwear,Womens,Adult,Trail Running,Shoes - Low (No-Fb),JR3743,TERREX AGRAVIC SPEED W GRETWO/SEFLAQ/FTWWHT,,,4067907815416,197620184934,5-, 88.0 , 160.0 ,USD,10, $70.84 
Footwear,Womens,Adult,Trail Running,Shoes - Low (No-Fb),JR3743,TERREX AGRAVIC SPEED W GRETWO/SEFLAQ/FTWWHT,,,4067907815508,197620185016,6, 88.0 , 160.0 ,USD,21, $70.84 
Footwear,Womens,Adult,Trail Running,Shoes - Low (No-Fb),JR3743,TERREX AGRAVIC SPEED W GRETWO/SEFLAQ/FTWWHT,,,4067907815409,197620184927,6-, 88.0 , 160.0 ,USD,23, $70.84 
Footwear,Womens,Adult,Trail Running,Shoes - Low (No-Fb),JR3743,TERREX AGRAVIC SPEED W GRETWO/SEFLAQ/FTWWHT,,,4067907815461,197620184972,7, 88.0 , 160.0 ,USD,30, $70.84 
Footwear,Womens,Adult,Trail Running,Shoes - Low (No-Fb),JR3743,TERREX AGRAVIC SPEED W GRETWO/SEFLAQ/FTWWHT,,,4067907815423,197620184941,7-, 88.0 , 160.0 ,USD,39, $70.84 
Footwear,Womens,Adult,Trail Running,Shoes - Low (No-Fb),JR3743,TERREX AGRAVIC SPEED W GRETWO/SEFLAQ/FTWWHT,,,4067907815454,197620184965,8, 88.0 , 160.0 ,USD,46, $70.84 
Footwear,Womens,Adult,Trail Running,Shoes - Low (No-Fb),JR3743,TERREX AGRAVIC SPEED W GRETWO/SEFLAQ/FTWWHT,,,4067907815447,197620184958,8-, 88.0 , 160.0 ,USD,42, $70.84 
Footwear,Womens,Adult,Trail Running,Shoes - Low (No-Fb),JR3743,TERREX AGRAVIC SPEED W GRETWO/SEFLAQ/FTWWHT,,,4067907815515,197620185023,9, 88.0 , 160.0 ,USD,32, $70.84 
Footwear,Womens,Adult,Trail Running,Shoes - Low (No-Fb),JR3743,TERREX AGRAVIC SPEED W GRETWO/SEFLAQ/FTWWHT,,,4067907815478,197620184989,9-, 88.0 , 160.0 ,USD,25, $70.84 
Footwear,Womens,Adult,Trail Running,Shoes - Low (No-Fb),JR3743,TERREX AGRAVIC SPEED W GRETWO/SEFLAQ/FTWWHT,,,4067907815430,197620184910,10, 88.0 , 160.0 ,USD,21, $70.84 
Footwear,Womens,Adult,Trail Running,Shoes - Low (No-Fb),JR3743,TERREX AGRAVIC SPEED W GRETWO/SEFLAQ/FTWWHT,,,4067907815492,197620185009,10-, 88.0 , 160.0 ,USD,4, $70.84 
Footwear,Womens,Adult,Trail Running,Shoes - Low (No-Fb),JR3743,TERREX AGRAVIC SPEED W GRETWO/SEFLAQ/FTWWHT,,,4067907815522,197620185030,11, 88.0 , 160.0 ,USD,12, $70.84 
Footwear,Unisex,Kids,Originals,Shoes - Low (No-Fb),JR3864,CAMPUS 00s C EARSTR/FTWWHT/GUM3,,,4067907393747,197621888831,10-K, 35.0 , 70.0 ,USD,0, $28.18 
Footwear,Unisex,Kids,Originals,Shoes - Low (No-Fb),JR3864,CAMPUS 00s C EARSTR/FTWWHT/GUM3,,,4067907393167,197621885137,11K, 35.0 , 70.0 ,USD,131, $28.18 
Footwear,Unisex,Kids,Originals,Shoes - Low (No-Fb),JR3864,CAMPUS 00s C EARSTR/FTWWHT/GUM3,,,4067907393716,197621888800,11-K, 35.0 , 70.0 ,USD,0, $28.18 
Footwear,Unisex,Kids,Originals,Shoes - Low (No-Fb),JR3864,CAMPUS 00s C EARSTR/FTWWHT/GUM3,,,4067907393143,197621885113,12K, 35.0 , 70.0 ,USD,101, $28.18 
Footwear,Unisex,Kids,Originals,Shoes - Low (No-Fb),JR3864,CAMPUS 00s C EARSTR/FTWWHT/GUM3,,,4067907393198,197621885168,12-K, 35.0 , 70.0 ,USD,0, $28.18 
Footwear,Unisex,Kids,Originals,Shoes - Low (No-Fb),JR3864,CAMPUS 00s C EARSTR/FTWWHT/GUM3,,,4067907393228,197621885199,13K, 35.0 , 70.0 ,USD,104, $28.18 
Footwear,Unisex,Kids,Originals,Shoes - Low (No-Fb),JR3864,CAMPUS 00s C EARSTR/FTWWHT/GUM3,,,4067907393211,197621885182,13-K, 35.0 , 70.0 ,USD,1, $28.18 
Footwear,Unisex,Kids,Originals,Shoes - Low (No-Fb),JR3864,CAMPUS 00s C EARSTR/FTWWHT/GUM3,,,4067907393174,197621885144,1, 35.0 , 70.0 ,USD,300+, $28.18 
Footwear,Unisex,Kids,Originals,Shoes - Low (No-Fb),JR3864,CAMPUS 00s C EARSTR/FTWWHT/GUM3,,,4067907393204,197621885175,1-, 35.0 , 70.0 ,USD,1, $28.18 
Footwear,Unisex,Kids,Originals,Shoes - Low (No-Fb),JR3864,CAMPUS 00s C EARSTR/FTWWHT/GUM3,,,4067907393181,197621885151,2, 35.0 , 70.0 ,USD,300+, $28.18 
Footwear,Unisex,Kids,Originals,Shoes - Low (No-Fb),JR3864,CAMPUS 00s C EARSTR/FTWWHT/GUM3,,,4067907393150,197621885120,2-, 35.0 , 70.0 ,USD,0, $28.18 
Footwear,Unisex,Kids,Originals,Shoes - Low (No-Fb),JR3864,CAMPUS 00s C EARSTR/FTWWHT/GUM3,,,4067907393136,197621885106,3, 35.0 , 70.0 ,USD,279, $28.18 
Footwear,Unisex,Adult,Soccer,Soccer Shoe-Indoor,JH8831,F50 FREESTYLE MESSI FLAAQU/LUCPNK/LUCCYA,,,4067904366904,197615055928,6-, 55.0 , 100.0 ,USD,2, $44.28 
Footwear,Unisex,Adult,Soccer,Soccer Shoe-Indoor,JH8831,F50 FREESTYLE MESSI FLAAQU/LUCPNK/LUCCYA,,,4067904366973,197615055997,7, 55.0 , 100.0 ,USD,2, $44.28 
Footwear,Unisex,Adult,Soccer,Soccer Shoe-Indoor,JH8831,F50 FREESTYLE MESSI FLAAQU/LUCPNK/LUCCYA,,,4067904366836,197615055850,7-, 55.0 , 100.0 ,USD,2, $44.28 
Footwear,Unisex,Adult,Soccer,Soccer Shoe-Indoor,JH8831,F50 FREESTYLE MESSI FLAAQU/LUCPNK/LUCCYA,,,4067904366850,197615055874,8, 55.0 , 100.0 ,USD,0, $44.28 
Footwear,Unisex,Adult,Soccer,Soccer Shoe-Indoor,JH8831,F50 FREESTYLE MESSI FLAAQU/LUCPNK/LUCCYA,,,4067904366928,197615055942,8-, 55.0 , 100.0 ,USD,6, $44.28 
Footwear,Unisex,Adult,Soccer,Soccer Shoe-Indoor,JH8831,F50 FREESTYLE MESSI FLAAQU/LUCPNK/LUCCYA,,,4067904366881,197615055904,9, 55.0 , 100.0 ,USD,0, $44.28 
Footwear,Unisex,Adult,Soccer,Soccer Shoe-Indoor,JH8831,F50 FREESTYLE MESSI FLAAQU/LUCPNK/LUCCYA,,,4067904366959,197615055973,9-, 55.0 , 100.0 ,USD,2, $44.28 
Footwear,Unisex,Adult,Soccer,Soccer Shoe-Indoor,JH8831,F50 FREESTYLE MESSI FLAAQU/LUCPNK/LUCCYA,,,4067904366843,197615055867,10, 55.0 , 100.0 ,USD,1, $44.28 
Footwear,Unisex,Adult,Soccer,Soccer Shoe-Indoor,JH8831,F50 FREESTYLE MESSI FLAAQU/LUCPNK/LUCCYA,,,4067904366898,197615055911,10-, 55.0 , 100.0 ,USD,2, $44.28 
Footwear,Unisex,Adult,Soccer,Soccer Shoe-Indoor,JH8831,F50 FREESTYLE MESSI FLAAQU/LUCPNK/LUCCYA,,,4067904366966,197615055980,11, 55.0 , 100.0 ,USD,2, $44.28 
Footwear,Unisex,Adult,Soccer,Soccer Shoe-Indoor,JH8831,F50 FREESTYLE MESSI FLAAQU/LUCPNK/LUCCYA,,,4067904366935,197615055959,11-, 55.0 , 100.0 ,USD,0, $44.28 
Footwear,Unisex,Adult,Soccer,Soccer Shoe-Indoor,JH8831,F50 FREESTYLE MESSI FLAAQU/LUCPNK/LUCCYA,,,4067904366867,197615055881,12, 55.0 , 100.0 ,USD,2, $44.28 
Footwear,Unisex,Adult,Soccer,Soccer Shoe-Indoor,JH8831,F50 FREESTYLE MESSI FLAAQU/LUCPNK/LUCCYA,,,4067904366874,197615055898,12-, 55.0 , 100.0 ,USD,1, $44.28 
Footwear,Unisex,Adult,Soccer,Soccer Shoe-Indoor,JH8831,F50 FREESTYLE MESSI FLAAQU/LUCPNK/LUCCYA,,,4067904366911,197615055935,13, 55.0 , 100.0 ,USD,2, $44.28 
Footwear,Unisex,Adult,Soccer,Soccer Shoe-Indoor,JH8831,F50 FREESTYLE MESSI FLAAQU/LUCPNK/LUCCYA,,,4067904366942,197615055966,13-, 55.0 , 100.0 ,USD,0, $44.28 
Apparel,Womens,Adult,Tennis,Tank,JE7099,Y-TANK WHITE,White,,4067906008536,197612083856,2XS, 30.0 , 60.0 ,USD,1, $24.15 
Apparel,Womens,Adult,Tennis,Tank,JE7099,Y-TANK WHITE,White,,4067906004798,197612083719,XS, 30.0 , 60.0 ,USD,27, $24.15 
Apparel,Womens,Adult,Tennis,Tank,JE7099,Y-TANK WHITE,White,,4067906008475,197612083788,S, 30.0 , 60.0 ,USD,78, $24.15 
Apparel,Womens,Adult,Tennis,Tank,JE7099,Y-TANK WHITE,White,,4067906008468,197612083771,M, 30.0 , 60.0 ,USD,112, $24.15 
Apparel,Womens,Adult,Tennis,Tank,JE7099,Y-TANK WHITE,White,,4067906008529,197612083849,L, 30.0 , 60.0 ,USD,76, $24.15 
Apparel,Womens,Adult,Tennis,Tank,JE7099,Y-TANK WHITE,White,,4067906008437,197612083757,XL, 30.0 , 60.0 ,USD,45, $24.15 
Apparel,Womens,Adult,Tennis,Tank,JE7099,Y-TANK WHITE,White,,4067906008482,197612083801,2XL, 30.0 , 60.0 ,USD,5, $24.15 
Footwear,Unisex,Junior,Running,Shoes - Low (No-Fb),JQ2960,UltraRun 5 J GREONE/FTWWHT/LUCLEM,,,4068801929001,197621645878,3-, 30.0 , 60.0 ,USD,0, $24.15 
Footwear,Unisex,Junior,Running,Shoes - Low (No-Fb),JQ2960,UltraRun 5 J GREONE/FTWWHT/LUCLEM,,,4068801929018,197621645885,4, 30.0 , 60.0 ,USD,0, $24.15 
Footwear,Unisex,Junior,Running,Shoes - Low (No-Fb),JQ2960,UltraRun 5 J GREONE/FTWWHT/LUCLEM,,,4068801928974,197621645854,4-, 30.0 , 60.0 ,USD,0, $24.15 
Footwear,Unisex,Junior,Running,Shoes - Low (No-Fb),JQ2960,UltraRun 5 J GREONE/FTWWHT/LUCLEM,,,4068801929032,197621645908,5, 30.0 , 60.0 ,USD,0, $24.15 
Footwear,Unisex,Junior,Running,Shoes - Low (No-Fb),JQ2960,UltraRun 5 J GREONE/FTWWHT/LUCLEM,,,4068801928967,197621645847,5-, 30.0 , 60.0 ,USD,1, $24.15 
Footwear,Unisex,Junior,Running,Shoes - Low (No-Fb),JQ2960,UltraRun 5 J GREONE/FTWWHT/LUCLEM,,,4068801928998,197621645861,6, 30.0 , 60.0 ,USD,0, $24.15 
Footwear,Unisex,Junior,Running,Shoes - Low (No-Fb),JQ2960,UltraRun 5 J GREONE/FTWWHT/LUCLEM,,,4068801929049,197621645915,6-, 30.0 , 60.0 ,USD,0, $24.15 
Footwear,Unisex,Junior,Running,Shoes - Low (No-Fb),JQ2960,UltraRun 5 J GREONE/FTWWHT/LUCLEM,,,4068801929025,197621645892,7, 30.0 , 60.0 ,USD,0, $24.15 
Footwear,Unisex,Adult,Running,Shoes - Low (No-Fb),GX6603,4D FUTURECRAFT LINGRN/ZEROMT/CARBON,,,4065426706444,195740056391,4, 121.0 , 220.0 ,USD,0, $97.41 
Footwear,Unisex,Adult,Running,Shoes - Low (No-Fb),GX6603,4D FUTURECRAFT LINGRN/ZEROMT/CARBON,,,4065426706383,195740056339,4-, 121.0 , 220.0 ,USD,0, $97.41 
Footwear,Unisex,Adult,Running,Shoes - Low (No-Fb),GX6603,4D FUTURECRAFT LINGRN/ZEROMT/CARBON,,,4065426710090,195740056414,5, 121.0 , 220.0 ,USD,0, $97.41 
Footwear,Unisex,Adult,Running,Shoes - Low (No-Fb),GX6603,4D FUTURECRAFT LINGRN/ZEROMT/CARBON,,,4065426706413,195740056360,5-, 121.0 , 220.0 ,USD,6, $97.41 
Footwear,Unisex,Adult,Running,Shoes - Low (No-Fb),GX6603,4D FUTURECRAFT LINGRN/ZEROMT/CARBON,,,4065426706451,195740056407,6, 121.0 , 220.0 ,USD,0, $97.41 
Footwear,Unisex,Adult,Running,Shoes - Low (No-Fb),GX6603,4D FUTURECRAFT LINGRN/ZEROMT/CARBON,,,4065426710076,195740056438,6-, 121.0 , 220.0 ,USD,0, $97.41 
Footwear,Unisex,Adult,Running,Shoes - Low (No-Fb),GX6603,4D FUTURECRAFT LINGRN/ZEROMT/CARBON,,,4065426706345,195740056292,7, 121.0 , 220.0 ,USD,6, $97.41 
Footwear,Unisex,Adult,Running,Shoes - Low (No-Fb),GX6603,4D FUTURECRAFT LINGRN/ZEROMT/CARBON,,,4065426706369,195740056315,7-, 121.0 , 220.0 ,USD,0, $97.41 
Footwear,Unisex,Adult,Running,Shoes - Low (No-Fb),GX6603,4D FUTURECRAFT LINGRN/ZEROMT/CARBON,,,4065426706321,195740056278,8, 121.0 , 220.0 ,USD,0, $97.41 
Footwear,Unisex,Adult,Running,Shoes - Low (No-Fb),GX6603,4D FUTURECRAFT LINGRN/ZEROMT/CARBON,,,4065426706420,195740056377,8-, 121.0 , 220.0 ,USD,0, $97.41 
Footwear,Unisex,Adult,Running,Shoes - Low (No-Fb),GX6603,4D FUTURECRAFT LINGRN/ZEROMT/CARBON,,,4065426706406,195740056353,9, 121.0 , 220.0 ,USD,0, $97.41 
Footwear,Unisex,Adult,Running,Shoes - Low (No-Fb),GX6603,4D FUTURECRAFT LINGRN/ZEROMT/CARBON,,,4065426710106,195740056452,9-, 121.0 , 220.0 ,USD,0, $97.41 
Footwear,Unisex,Adult,Running,Shoes - Low (No-Fb),GX6603,4D FUTURECRAFT LINGRN/ZEROMT/CARBON,,,4065426706352,195740056308,10, 121.0 , 220.0 ,USD,0, $97.41 
Footwear,Unisex,Adult,Running,Shoes - Low (No-Fb),GX6603,4D FUTURECRAFT LINGRN/ZEROMT/CARBON,,,4065426710083,195740056445,10-, 121.0 , 220.0 ,USD,0, $97.41 
Footwear,Unisex,Adult,Running,Shoes - Low (No-Fb),GX6603,4D FUTURECRAFT LINGRN/ZEROMT/CARBON,,,4065426710069,195740056421,11, 121.0 , 220.0 ,USD,0, $97.41 
Footwear,Unisex,Adult,Running,Shoes - Low (No-Fb),GX6603,4D FUTURECRAFT LINGRN/ZEROMT/CARBON,,,4065426706390,195740056346,11-, 121.0 , 220.0 ,USD,0, $97.41 
Footwear,Unisex,Adult,Running,Shoes - Low (No-Fb),GX6603,4D FUTURECRAFT LINGRN/ZEROMT/CARBON,,,4065426706437,195740056384,12, 121.0 , 220.0 ,USD,0, $97.41 
Footwear,Unisex,Adult,Running,Shoes - Low (No-Fb),GX6603,4D FUTURECRAFT LINGRN/ZEROMT/CARBON,,,4065426706376,195740056322,12-, 121.0 , 220.0 ,USD,0, $97.41 
Footwear,Unisex,Adult,Running,Shoes - Low (No-Fb),GX6603,4D FUTURECRAFT LINGRN/ZEROMT/CARBON,,,4065426706307,195740056247,13, 121.0 , 220.0 ,USD,0, $97.41 
Footwear,Unisex,Adult,Running,Shoes - Low (No-Fb),GX6603,4D FUTURECRAFT LINGRN/ZEROMT/CARBON,,,4065426706314,195740056261,14, 121.0 , 220.0 ,USD,0, $97.41 
Apparel,Mens,Adult,Soccer,Jersey (Short Sl.),IU1391,MUFC A JSY AU NINDIG,Blue,,4067896581705,197610564029,XS, 75.0 , 150.0 ,USD,0, $60.38 
Apparel,Mens,Adult,Soccer,Jersey (Short Sl.),IU1391,MUFC A JSY AU NINDIG,Blue,,4067896581675,197610563992,S, 75.0 , 150.0 ,USD,22, $60.38 
Apparel,Mens,Adult,Soccer,Jersey (Short Sl.),IU1391,MUFC A JSY AU NINDIG,Blue,,4067896581699,197610564012,M, 75.0 , 150.0 ,USD,15, $60.38 
Apparel,Mens,Adult,Soccer,Jersey (Short Sl.),IU1391,MUFC A JSY AU NINDIG,Blue,,4067896581729,197610564043,L, 75.0 , 150.0 ,USD,5, $60.38 
Apparel,Mens,Adult,Soccer,Jersey (Short Sl.),IU1391,MUFC A JSY AU NINDIG,Blue,,4067896581750,197610564074,XL, 75.0 , 150.0 ,USD,4, $60.38 
Apparel,Mens,Adult,Soccer,Jersey (Short Sl.),IU1391,MUFC A JSY AU NINDIG,Blue,,4067896581682,197610564005,2XL, 75.0 , 150.0 ,USD,3, $60.38 
Footwear,Womens,Adult,Hiking,Shoes - Mid (No-Fb),JH7807,SKYCHASER AX5 MID GTX CLIMA W EARSTR/TRABRN/PURTEA,,,4067903105368,197614720858,5, 88.0 , 160.0 ,USD,26, $70.84 
Footwear,Womens,Adult,Hiking,Shoes - Mid (No-Fb),JH7807,SKYCHASER AX5 MID GTX CLIMA W EARSTR/TRABRN/PURTEA,,,4067903101636,197614717117,5-, 88.0 , 160.0 ,USD,7, $70.84 
Footwear,Womens,Adult,Hiking,Shoes - Mid (No-Fb),JH7807,SKYCHASER AX5 MID GTX CLIMA W EARSTR/TRABRN/PURTEA,,,4067903101735,197614720810,6, 88.0 , 160.0 ,USD,25, $70.84 
Footwear,Womens,Adult,Hiking,Shoes - Mid (No-Fb),JH7807,SKYCHASER AX5 MID GTX CLIMA W EARSTR/TRABRN/PURTEA,,,4067903101704,197614720773,6-, 88.0 , 160.0 ,USD,27, $70.84 
Footwear,Womens,Adult,Hiking,Shoes - Mid (No-Fb),JH7807,SKYCHASER AX5 MID GTX CLIMA W EARSTR/TRABRN/PURTEA,,,4067903105399,197614720841,7, 88.0 , 160.0 ,USD,43, $70.84 
Footwear,Womens,Adult,Hiking,Shoes - Mid (No-Fb),JH7807,SKYCHASER AX5 MID GTX CLIMA W EARSTR/TRABRN/PURTEA,,,4067903101698,197614720766,7-, 88.0 , 160.0 ,USD,47, $70.84 
Footwear,Womens,Adult,Hiking,Shoes - Mid (No-Fb),JH7807,SKYCHASER AX5 MID GTX CLIMA W EARSTR/TRABRN/PURTEA,,,4067903101759,197614720834,8, 88.0 , 160.0 ,USD,44, $70.84 
Footwear,Womens,Adult,Hiking,Shoes - Mid (No-Fb),JH7807,SKYCHASER AX5 MID GTX CLIMA W EARSTR/TRABRN/PURTEA,,,4067903101643,197614717124,8-, 88.0 , 160.0 ,USD,32, $70.84 
Footwear,Womens,Adult,Hiking,Shoes - Mid (No-Fb),JH7807,SKYCHASER AX5 MID GTX CLIMA W EARSTR/TRABRN/PURTEA,,,4067903101674,197614720780,9, 88.0 , 160.0 ,USD,31, $70.84 
Footwear,Womens,Adult,Hiking,Shoes - Mid (No-Fb),JH7807,SKYCHASER AX5 MID GTX CLIMA W EARSTR/TRABRN/PURTEA,,,4067903101711,197614720797,9-, 88.0 , 160.0 ,USD,8, $70.84 
Footwear,Womens,Adult,Hiking,Shoes - Mid (No-Fb),JH7807,SKYCHASER AX5 MID GTX CLIMA W EARSTR/TRABRN/PURTEA,,,4067903101728,197614720803,10, 88.0 , 160.0 ,USD,8, $70.84 
Footwear,Womens,Adult,Hiking,Shoes - Mid (No-Fb),JH7807,SKYCHASER AX5 MID GTX CLIMA W EARSTR/TRABRN/PURTEA,,,4067903101650,197614717131,10-, 88.0 , 160.0 ,USD,4, $70.84 
Footwear,Womens,Adult,Hiking,Shoes - Mid (No-Fb),JH7807,SKYCHASER AX5 MID GTX CLIMA W EARSTR/TRABRN/PURTEA,,,4067903101742,197614720827,11, 88.0 , 160.0 ,USD,5, $70.84 
Footwear,Womens,Adult,Hiking,Shoes - Mid (No-Fb),JH7807,SKYCHASER AX5 MID GTX CLIMA W EARSTR/TRABRN/PURTEA,,,4067903101667,197614717148,11-, 88.0 , 160.0 ,USD,1, $70.84 
Footwear,Womens,Adult,Hiking,Shoes - Mid (No-Fb),JH7807,SKYCHASER AX5 MID GTX CLIMA W EARSTR/TRABRN/PURTEA,,,4067903101681,197614720759,12, 88.0 , 160.0 ,USD,0, $70.84 
Accessories,Unisex,Adult,Soccer,Goalk Gloves(W/O Fs),JH3820,PRED GL LGE WHITE/LUCLEM/LUCPNK,White,,4067905508471,197612342908,5, 40.0 , 80.0 ,USD,0, $32.20 
Accessories,Unisex,Adult,Soccer,Goalk Gloves(W/O Fs),JH3820,PRED GL LGE WHITE/LUCLEM/LUCPNK,White,,4067905511464,197612343011,5-, 40.0 , 80.0 ,USD,0, $32.20 
Accessories,Unisex,Adult,Soccer,Goalk Gloves(W/O Fs),JH3820,PRED GL LGE WHITE/LUCLEM/LUCPNK,White,,4067905508518,197612342946,6, 40.0 , 80.0 ,USD,0, $32.20 
Accessories,Unisex,Adult,Soccer,Goalk Gloves(W/O Fs),JH3820,PRED GL LGE WHITE/LUCLEM/LUCPNK,White,,4067905511402,197612342953,6-, 40.0 , 80.0 ,USD,0, $32.20 
Accessories,Unisex,Adult,Soccer,Goalk Gloves(W/O Fs),JH3820,PRED GL LGE WHITE/LUCLEM/LUCPNK,White,,4067905508488,197612342915,7, 40.0 , 80.0 ,USD,1, $32.20 
Accessories,Unisex,Adult,Soccer,Goalk Gloves(W/O Fs),JH3820,PRED GL LGE WHITE/LUCLEM/LUCPNK,White,,4067905511471,197612343028,7-, 40.0 , 80.0 ,USD,0, $32.20 
Accessories,Unisex,Adult,Soccer,Goalk Gloves(W/O Fs),JH3820,PRED GL LGE WHITE/LUCLEM/LUCPNK,White,,4067905508495,197612342922,8, 40.0 , 80.0 ,USD,0, $32.20 
Accessories,Unisex,Adult,Soccer,Goalk Gloves(W/O Fs),JH3820,PRED GL LGE WHITE/LUCLEM/LUCPNK,White,,4067905508464,197612342892,8-, 40.0 , 80.0 ,USD,1, $32.20 
Accessories,Unisex,Adult,Soccer,Goalk Gloves(W/O Fs),JH3820,PRED GL LGE WHITE/LUCLEM/LUCPNK,White,,4067905511433,197612342984,9, 40.0 , 80.0 ,USD,0, $32.20 
Accessories,Unisex,Adult,Soccer,Goalk Gloves(W/O Fs),JH3820,PRED GL LGE WHITE/LUCLEM/LUCPNK,White,,4067905508501,197612342939,9-, 40.0 , 80.0 ,USD,1, $32.20 
Accessories,Unisex,Adult,Soccer,Goalk Gloves(W/O Fs),JH3820,PRED GL LGE WHITE/LUCLEM/LUCPNK,White,,4067905511457,197612343004,10, 40.0 , 80.0 ,USD,1, $32.20 
Accessories,Unisex,Adult,Soccer,Goalk Gloves(W/O Fs),JH3820,PRED GL LGE WHITE/LUCLEM/LUCPNK,White,,4067905511419,197612342960,10-, 40.0 , 80.0 ,USD,1, $32.20 
Accessories,Unisex,Adult,Soccer,Goalk Gloves(W/O Fs),JH3820,PRED GL LGE WHITE/LUCLEM/LUCPNK,White,,4067905511440,197612342991,11, 40.0 , 80.0 ,USD,0, $32.20 
Accessories,Unisex,Adult,Soccer,Goalk Gloves(W/O Fs),JH3820,PRED GL LGE WHITE/LUCLEM/LUCPNK,White,,4067905511426,197612342977,11-, 40.0 , 80.0 ,USD,0, $32.20 
Accessories,Unisex,Adult,Soccer,Goalk Gloves(W/O Fs),JH3820,PRED GL LGE WHITE/LUCLEM/LUCPNK,White,,4067905508457,197612342885,12, 40.0 , 80.0 ,USD,1, $32.20 
Apparel,Womens,Adult,Hiking,Jacket (Filled Thin),JL9806,W XPR LF HO JKT PRETEA,,,4068811584290,197626604047,XS, 100.0 , 200.0 ,USD,13, $80.50 
Apparel,Womens,Adult,Hiking,Jacket (Filled Thin),JL9806,W XPR LF HO JKT PRETEA,,,4068811584283,197626604030,S, 100.0 , 200.0 ,USD,32, $80.50 
Apparel,Womens,Adult,Hiking,Jacket (Filled Thin),JL9806,W XPR LF HO JKT PRETEA,,,4068811584344,197626607697,M, 100.0 , 200.0 ,USD,27, $80.50 
Apparel,Womens,Adult,Hiking,Jacket (Filled Thin),JL9806,W XPR LF HO JKT PRETEA,,,4068811584269,197626604016,L, 100.0 , 200.0 ,USD,24, $80.50 
Apparel,Womens,Adult,Hiking,Jacket (Filled Thin),JL9806,W XPR LF HO JKT PRETEA,,,4068811584313,197626604061,XL, 100.0 , 200.0 ,USD,5, $80.50 
Apparel,Womens,Adult,Hiking,Jacket (Filled Thin),JL9806,W XPR LF HO JKT PRETEA,,,4068811580636,197626603989,2XL, 100.0 , 200.0 ,USD,5, $80.50 
Footwear,Womens,Adult,Originals,Shoes - Low (No-Fb),JS2908,HANDBALL SPEZIAL W SECOGR/CLEMIN/GUM1,,,4067904504054,197615703270,5, 60.5 , 110.0 ,USD,0, $48.70 
Footwear,Womens,Adult,Originals,Shoes - Low (No-Fb),JS2908,HANDBALL SPEZIAL W SECOGR/CLEMIN/GUM1,,,4067904507789,197615707001,5-, 60.5 , 110.0 ,USD,0, $48.70 
Footwear,Womens,Adult,Originals,Shoes - Low (No-Fb),JS2908,HANDBALL SPEZIAL W SECOGR/CLEMIN/GUM1,,,4067904504047,197615703263,6, 60.5 , 110.0 ,USD,0, $48.70 
Footwear,Womens,Adult,Originals,Shoes - Low (No-Fb),JS2908,HANDBALL SPEZIAL W SECOGR/CLEMIN/GUM1,,,4067904507727,197615706936,6-, 60.5 , 110.0 ,USD,0, $48.70 
Footwear,Womens,Adult,Originals,Shoes - Low (No-Fb),JS2908,HANDBALL SPEZIAL W SECOGR/CLEMIN/GUM1,,,4067904504061,197615703287,7, 60.5 , 110.0 ,USD,6, $48.70 
Footwear,Womens,Adult,Originals,Shoes - Low (No-Fb),JS2908,HANDBALL SPEZIAL W SECOGR/CLEMIN/GUM1,,,4067904507796,197615707018,7-, 60.5 , 110.0 ,USD,0, $48.70 
Footwear,Womens,Adult,Originals,Shoes - Low (No-Fb),JS2908,HANDBALL SPEZIAL W SECOGR/CLEMIN/GUM1,,,4067904507802,197615707025,8, 60.5 , 110.0 ,USD,1, $48.70 
Footwear,Womens,Adult,Originals,Shoes - Low (No-Fb),JS2908,HANDBALL SPEZIAL W SECOGR/CLEMIN/GUM1,,,4067904507819,197615707032,8-, 60.5 , 110.0 ,USD,0, $48.70 
Footwear,Womens,Adult,Originals,Shoes - Low (No-Fb),JS2908,HANDBALL SPEZIAL W SECOGR/CLEMIN/GUM1,,,4067904507734,197615706943,9, 60.5 , 110.0 ,USD,2, $48.70 
Footwear,Womens,Adult,Originals,Shoes - Low (No-Fb),JS2908,HANDBALL SPEZIAL W SECOGR/CLEMIN/GUM1,,,4067904507772,197615706998,9-, 60.5 , 110.0 ,USD,0, $48.70 
Footwear,Womens,Adult,Originals,Shoes - Low (No-Fb),JS2908,HANDBALL SPEZIAL W SECOGR/CLEMIN/GUM1,,,4067904507680,197615703300,10, 60.5 , 110.0 ,USD,0, $48.70 
Footwear,Womens,Adult,Originals,Shoes - Low (No-Fb),JS2908,HANDBALL SPEZIAL W SECOGR/CLEMIN/GUM1,,,4067904507833,197615707056,10-, 60.5 , 110.0 ,USD,0, $48.70 
Footwear,Womens,Adult,Originals,Shoes - Low (No-Fb),JS2908,HANDBALL SPEZIAL W SECOGR/CLEMIN/GUM1,,,4067904507758,197615706974,11, 60.5 , 110.0 ,USD,0, $48.70 
Footwear,Womens,Adult,Originals,Shoes - Low (No-Fb),JS2908,HANDBALL SPEZIAL W SECOGR/CLEMIN/GUM1,,,4067904507710,197615706967,11-, 60.5 , 110.0 ,USD,0, $48.70 
Footwear,Womens,Adult,Originals,Shoes - Low (No-Fb),JS2908,HANDBALL SPEZIAL W SECOGR/CLEMIN/GUM1,,,4067904507673,197615703294,12, 60.5 , 110.0 ,USD,0, $48.70 
Footwear,Womens,Adult,Originals,Shoes - Low (No-Fb),JS2908,HANDBALL SPEZIAL W SECOGR/CLEMIN/GUM1,,,4067904507703,197615703324,12-, 60.5 , 110.0 ,USD,0, $48.70 
Footwear,Womens,Adult,Originals,Shoes - Low (No-Fb),JS2908,HANDBALL SPEZIAL W SECOGR/CLEMIN/GUM1,,,4067904507826,197615707049,13, 60.5 , 110.0 ,USD,0, $48.70 
Footwear,Womens,Adult,Originals,Shoes - Low (No-Fb),JS2908,HANDBALL SPEZIAL W SECOGR/CLEMIN/GUM1,,,4067904507697,197615703317,13-, 60.5 , 110.0 ,USD,0, $48.70 
Footwear,Womens,Adult,Originals,Shoes - Low (No-Fb),JS2908,HANDBALL SPEZIAL W SECOGR/CLEMIN/GUM1,,,4067904504023,197615703249,14, 60.5 , 110.0 ,USD,0, $48.70 
Footwear,Womens,Adult,Originals,Shoes - Low (No-Fb),JS2908,HANDBALL SPEZIAL W SECOGR/CLEMIN/GUM1,,,4067904507741,197615706950,14-, 60.5 , 110.0 ,USD,0, $48.70 
Footwear,Womens,Adult,Originals,Shoes - Low (No-Fb),JS2908,HANDBALL SPEZIAL W SECOGR/CLEMIN/GUM1,,,4067904507765,197615706981,15, 60.5 , 110.0 ,USD,0, $48.70 
Apparel,Womens,Adult,Hiking,Pants (1/1),JM9848,W MT LITEFLEX P PREPUR,,,4068811054052,197626801262,XS/P, 42.5 , 85.0 ,USD,0, $34.21 
Apparel,Womens,Adult,Hiking,Pants (1/1),JM9848,W MT LITEFLEX P PREPUR,,,4068811057817,197626805024,S/P, 42.5 , 85.0 ,USD,0, $34.21 
Apparel,Womens,Adult,Hiking,Pants (1/1),JM9848,W MT LITEFLEX P PREPUR,,,4068811057787,197626804997,M/P, 42.5 , 85.0 ,USD,0, $34.21 
Apparel,Womens,Adult,Hiking,Pants (1/1),JM9848,W MT LITEFLEX P PREPUR,,,4068811057770,197626804980,L/P, 42.5 , 85.0 ,USD,0, $34.21 
Apparel,Womens,Adult,Hiking,Pants (1/1),JM9848,W MT LITEFLEX P PREPUR,,,4068811057701,197626801316,XL/P, 42.5 , 85.0 ,USD,0, $34.21 
Apparel,Womens,Adult,Hiking,Pants (1/1),JM9848,W MT LITEFLEX P PREPUR,,,4068811057824,197626805031,XS, 42.5 , 85.0 ,USD,3, $34.21 
Apparel,Womens,Adult,Hiking,Pants (1/1),JM9848,W MT LITEFLEX P PREPUR,,,4068811054045,197626801255,S, 42.5 , 85.0 ,USD,14, $34.21 
Apparel,Womens,Adult,Hiking,Pants (1/1),JM9848,W MT LITEFLEX P PREPUR,,,4068811057688,197626801293,M, 42.5 , 85.0 ,USD,15, $34.21 
Apparel,Womens,Adult,Hiking,Pants (1/1),JM9848,W MT LITEFLEX P PREPUR,,,4068811054007,197626801217,L, 42.5 , 85.0 ,USD,2, $34.21 
Apparel,Womens,Adult,Hiking,Pants (1/1),JM9848,W MT LITEFLEX P PREPUR,,,4068811057794,197626805000,XL, 42.5 , 85.0 ,USD,0, $34.21 
Apparel,Womens,Adult,Hiking,Pants (1/1),JM9848,W MT LITEFLEX P PREPUR,,,4068811057718,197626801323,ST, 42.5 , 85.0 ,USD,0, $34.21 
Apparel,Womens,Adult,Hiking,Pants (1/1),JM9848,W MT LITEFLEX P PREPUR,,,4068811054076,197626801286,MT, 42.5 , 85.0 ,USD,0, $34.21 
Apparel,Womens,Adult,Hiking,Pants (1/1),JM9848,W MT LITEFLEX P PREPUR,,,4068811054069,197626801279,LT, 42.5 , 85.0 ,USD,0, $34.21 
Apparel,Womens,Adult,Hiking,Pants (1/1),JM9848,W MT LITEFLEX P PREPUR,,,4068811057749,197626801354,XLT, 42.5 , 85.0 ,USD,0, $34.21 
Apparel,Mens,Adult,Originals,Pants (1/1),JD1988,CARGO PANT LEGTEA,,,4067898810100,197611599273,XS, 37.5 , 75.0 ,USD,0, $30.19 
Apparel,Mens,Adult,Originals,Pants (1/1),JD1988,CARGO PANT LEGTEA,,,4067898810094,197611599266,S, 37.5 , 75.0 ,USD,61, $30.19 
Apparel,Mens,Adult,Originals,Pants (1/1),JD1988,CARGO PANT LEGTEA,,,4067898810124,197611599297,M, 37.5 , 75.0 ,USD,74, $30.19 
Apparel,Mens,Adult,Originals,Pants (1/1),JD1988,CARGO PANT LEGTEA,,,4067898810025,197611599198,L, 37.5 , 75.0 ,USD,73, $30.19 
Apparel,Mens,Adult,Originals,Pants (1/1),JD1988,CARGO PANT LEGTEA,,,4067898810087,197611599259,XL, 37.5 , 75.0 ,USD,42, $30.19 
Apparel,Mens,Adult,Originals,Pants (1/1),JD1988,CARGO PANT LEGTEA,,,4067898810018,197611599181,2XL, 37.5 , 75.0 ,USD,12, $30.19 
Apparel,Mens,Adult,Originals,Pants (1/1),JD1988,CARGO PANT LEGTEA,,,4067898810186,197611675946,3XL, 37.5 , 75.0 ,USD,0, $30.19 
Apparel,Mens,Adult,Originals,Pants (1/1),JD1988,CARGO PANT LEGTEA,,,4067898810070,197611599242,4XL, 37.5 , 75.0 ,USD,0, $30.19 
Apparel,Mens,Adult,Not Sports Specific,Shorts (1/2),JF1117,M SL CHELSEA BLACK/WHITE,Black,,4067905221110,197612290728,2XSS, 17.5 , 35.0 ,USD,0, $14.09 
Apparel,Mens,Adult,Not Sports Specific,Shorts (1/2),JF1117,M SL CHELSEA BLACK/WHITE,Black,,4067905221073,197612290681,XS/S, 17.5 , 35.0 ,USD,0, $14.09 
Apparel,Mens,Adult,Not Sports Specific,Shorts (1/2),JF1117,M SL CHELSEA BLACK/WHITE,Black,,4067905221028,197612290636,S/S, 17.5 , 35.0 ,USD,0, $14.09 
Apparel,Mens,Adult,Not Sports Specific,Shorts (1/2),JF1117,M SL CHELSEA BLACK/WHITE,Black,,4067905221103,197612290711,M/S, 17.5 , 35.0 ,USD,0, $14.09 
Apparel,Mens,Adult,Not Sports Specific,Shorts (1/2),JF1117,M SL CHELSEA BLACK/WHITE,Black,,4067905221042,197612290643,L/S, 17.5 , 35.0 ,USD,0, $14.09 
Apparel,Mens,Adult,Not Sports Specific,Shorts (1/2),JF1117,M SL CHELSEA BLACK/WHITE,Black,,4067905221141,197612290759,XL/S, 17.5 , 35.0 ,USD,0, $14.09 
Apparel,Mens,Adult,Not Sports Specific,Shorts (1/2),JF1117,M SL CHELSEA BLACK/WHITE,Black,,4067905221059,197612290667,2XLS, 17.5 , 35.0 ,USD,0, $14.09 
Apparel,Mens,Adult,Not Sports Specific,Shorts (1/2),JF1117,M SL CHELSEA BLACK/WHITE,Black,,4067905221097,197612290704,3XLS, 17.5 , 35.0 ,USD,0, $14.09 
Apparel,Mens,Adult,Not Sports Specific,Shorts (1/2),JF1117,M SL CHELSEA BLACK/WHITE,Black,,4067905221134,197612290742,4XLS, 17.5 , 35.0 ,USD,0, $14.09 
Apparel,Mens,Adult,Not Sports Specific,Shorts (1/2),JF1117,M SL CHELSEA BLACK/WHITE,Black,,4067905309177,196476021899,2XS, 17.5 , 35.0 ,USD,0, $14.09 
Apparel,Mens,Adult,Not Sports Specific,Shorts (1/2),JF1117,M SL CHELSEA BLACK/WHITE,Black,,4067901392326,196477469157,XS, 17.5 , 35.0 ,USD,0, $14.09 
Apparel,Mens,Adult,Not Sports Specific,Shorts (1/2),JF1117,M SL CHELSEA BLACK/WHITE,Black,,4067901392302,196477469140,S, 17.5 , 35.0 ,USD,0, $14.09 
Apparel,Mens,Adult,Not Sports Specific,Shorts (1/2),JF1117,M SL CHELSEA BLACK/WHITE,Black,,4067901392289,196477469126,M, 17.5 , 35.0 ,USD,1, $14.09 
Apparel,Mens,Adult,Not Sports Specific,Shorts (1/2),JF1117,M SL CHELSEA BLACK/WHITE,Black,,4067901392340,196477469171,L, 17.5 , 35.0 ,USD,3, $14.09 
Apparel,Mens,Adult,Not Sports Specific,Shorts (1/2),JF1117,M SL CHELSEA BLACK/WHITE,Black,,4067901392296,196477469133,XL, 17.5 , 35.0 ,USD,65, $14.09 
Apparel,Mens,Adult,Not Sports Specific,Shorts (1/2),JF1117,M SL CHELSEA BLACK/WHITE,Black,,4067901392333,196477469164,2XL, 17.5 , 35.0 ,USD,4, $14.09 
Apparel,Mens,Adult,Not Sports Specific,Shorts (1/2),JF1117,M SL CHELSEA BLACK/WHITE,Black,,4067905312931,196476022056,3XL, 17.5 , 35.0 ,USD,0, $14.09 
Apparel,Mens,Adult,Not Sports Specific,Shorts (1/2),JF1117,M SL CHELSEA BLACK/WHITE,Black,,4067905312993,196476022117,4XL, 17.5 , 35.0 ,USD,1, $14.09 
Apparel,Mens,Adult,Not Sports Specific,Shorts (1/2),JF1117,M SL CHELSEA BLACK/WHITE,Black,,4067905312979,196476022087,ST, 17.5 , 35.0 ,USD,0, $14.09 
Apparel,Mens,Adult,Not Sports Specific,Shorts (1/2),JF1117,M SL CHELSEA BLACK/WHITE,Black,,4067905313006,196476022605,MT, 17.5 , 35.0 ,USD,0, $14.09 
Apparel,Mens,Adult,Not Sports Specific,Shorts (1/2),JF1117,M SL CHELSEA BLACK/WHITE,Black,,4067905309252,196476021974,LT, 17.5 , 35.0 ,USD,0, $14.09 
Apparel,Mens,Adult,Not Sports Specific,Shorts (1/2),JF1117,M SL CHELSEA BLACK/WHITE,Black,,4067905309122,196476021356,XLT, 17.5 , 35.0 ,USD,0, $14.09 
Apparel,Mens,Adult,Not Sports Specific,Shorts (1/2),JF1117,M SL CHELSEA BLACK/WHITE,Black,,4067905309207,196476021929,2XLT, 17.5 , 35.0 ,USD,0, $14.09 
Apparel,Mens,Adult,Not Sports Specific,Shorts (1/2),JF1117,M SL CHELSEA BLACK/WHITE,Black,,4067905309245,196476021967,3XLT, 17.5 , 35.0 ,USD,0, $14.09 
Apparel,Mens,Adult,Not Sports Specific,Shorts (1/2),JF1117,M SL CHELSEA BLACK/WHITE,Black,,4067905313051,196476022650,4XLT, 17.5 , 35.0 ,USD,0, $14.09 
Apparel,Mens,Adult,Not Sports Specific,Shorts (1/2),JF1117,M SL CHELSEA BLACK/WHITE,Black,,4068807566071,197622729201,5XLT, 17.5 , 35.0 ,USD,0, $14.09 
Apparel,Mens,Adult,Not Sports Specific,Shorts (1/2),JF1117,M SL CHELSEA BLACK/WHITE,Black,,4068814107144,198319053357,MT2, 17.5 , 35.0 ,USD,0, $14.09 
Apparel,Mens,Adult,Not Sports Specific,Shorts (1/2),JF1117,M SL CHELSEA BLACK/WHITE,Black,,4068814107045,198319049657,LT2, 17.5 , 35.0 ,USD,0, $14.09 
Apparel,Mens,Adult,Not Sports Specific,Shorts (1/2),JF1117,M SL CHELSEA BLACK/WHITE,Black,,4068814107090,198319049701,XLT2, 17.5 , 35.0 ,USD,0, $14.09 
Apparel,Mens,Adult,Not Sports Specific,Shorts (1/2),JF1117,M SL CHELSEA BLACK/WHITE,Black,,4068814107137,198319049749,2XT2, 17.5 , 35.0 ,USD,0, $14.09 
Apparel,Mens,Adult,Not Sports Specific,Shorts (1/2),JF1117,M SL CHELSEA BLACK/WHITE,Black,,4068814107168,198319053371,3XT2, 17.5 , 35.0 ,USD,0, $14.09 
Apparel,Mens,Adult,Not Sports Specific,Shorts (1/2),JF1117,M SL CHELSEA BLACK/WHITE,Black,,4068814107069,198319049671,4XT2, 17.5 , 35.0 ,USD,0, $14.09 
Apparel,Mens,Adult,Not Sports Specific,Shorts (1/2),JF1117,M SL CHELSEA BLACK/WHITE,Black,,4068814107083,198319049695,LT3, 17.5 , 35.0 ,USD,0, $14.09 
Apparel,Mens,Adult,Not Sports Specific,Shorts (1/2),JF1117,M SL CHELSEA BLACK/WHITE,Black,,4068814107106,198319049718,XLT3, 17.5 , 35.0 ,USD,0, $14.09 
Apparel,Mens,Adult,Not Sports Specific,Shorts (1/2),JF1117,M SL CHELSEA BLACK/WHITE,Black,,4068814107120,198319049732,2XT3, 17.5 , 35.0 ,USD,0, $14.09 
Apparel,Mens,Adult,Not Sports Specific,Shorts (1/2),JF1117,M SL CHELSEA BLACK/WHITE,Black,,4068814107151,198319053364,3XT3, 17.5 , 35.0 ,USD,0, $14.09 
Apparel,Mens,Adult,Not Sports Specific,Shorts (1/2),JF1117,M SL CHELSEA BLACK/WHITE,Black,,4068814107052,198319049664,4XT3, 17.5 , 35.0 ,USD,0, $14.09 
Footwear,Mens,Adult,Tennis,Shoes - Low (No-Fb),JQ0695,Courtflash Pickleball M FTWWHT/CBLACK/CGREEN,White,,4068801243039,197621766214,6-, 44.0 , 80.0 ,USD,0, $35.42 
Footwear,Mens,Adult,Tennis,Shoes - Low (No-Fb),JQ0695,Courtflash Pickleball M FTWWHT/CBLACK/CGREEN,White,,4068801246733,197621766313,7, 44.0 , 80.0 ,USD,0, $35.42 
Footwear,Mens,Adult,Tennis,Shoes - Low (No-Fb),JQ0695,Courtflash Pickleball M FTWWHT/CBLACK/CGREEN,White,,4068801246696,197621766276,7-, 44.0 , 80.0 ,USD,0, $35.42 
Footwear,Mens,Adult,Tennis,Shoes - Low (No-Fb),JQ0695,Courtflash Pickleball M FTWWHT/CBLACK/CGREEN,White,,4068801246771,197621766351,8, 44.0 , 80.0 ,USD,0, $35.42 
Footwear,Mens,Adult,Tennis,Shoes - Low (No-Fb),JQ0695,Courtflash Pickleball M FTWWHT/CBLACK/CGREEN,White,,4068801246641,197621766238,8-, 44.0 , 80.0 ,USD,0, $35.42 
Footwear,Mens,Adult,Tennis,Shoes - Low (No-Fb),JQ0695,Courtflash Pickleball M FTWWHT/CBLACK/CGREEN,White,,4068801246757,197621766337,9, 44.0 , 80.0 ,USD,0, $35.42 
Footwear,Mens,Adult,Tennis,Shoes - Low (No-Fb),JQ0695,Courtflash Pickleball M FTWWHT/CBLACK/CGREEN,White,,4068801246719,197621766290,9-, 44.0 , 80.0 ,USD,0, $35.42 
Footwear,Mens,Adult,Tennis,Shoes - Low (No-Fb),JQ0695,Courtflash Pickleball M FTWWHT/CBLACK/CGREEN,White,,4068801246702,197621766283,10, 44.0 , 80.0 ,USD,0, $35.42 
Footwear,Mens,Adult,Tennis,Shoes - Low (No-Fb),JQ0695,Courtflash Pickleball M FTWWHT/CBLACK/CGREEN,White,,4068801246764,197621766344,10-, 44.0 , 80.0 ,USD,0, $35.42 
Footwear,Mens,Adult,Tennis,Shoes - Low (No-Fb),JQ0695,Courtflash Pickleball M FTWWHT/CBLACK/CGREEN,White,,4068801246658,197621766245,11, 44.0 , 80.0 ,USD,0, $35.42 
Footwear,Mens,Adult,Tennis,Shoes - Low (No-Fb),JQ0695,Courtflash Pickleball M FTWWHT/CBLACK/CGREEN,White,,4068801246665,197621766252,11-, 44.0 , 80.0 ,USD,0, $35.42 
Footwear,Mens,Adult,Tennis,Shoes - Low (No-Fb),JQ0695,Courtflash Pickleball M FTWWHT/CBLACK/CGREEN,White,,4068801246740,197621766320,12, 44.0 , 80.0 ,USD,12, $35.42 
Footwear,Mens,Adult,Tennis,Shoes - Low (No-Fb),JQ0695,Courtflash Pickleball M FTWWHT/CBLACK/CGREEN,White,,4068801246726,197621766306,12-, 44.0 , 80.0 ,USD,0, $35.42 
Footwear,Mens,Adult,Tennis,Shoes - Low (No-Fb),JQ0695,Courtflash Pickleball M FTWWHT/CBLACK/CGREEN,White,,4068801246672,197621766221,13, 44.0 , 80.0 ,USD,17, $35.42 
Footwear,Mens,Adult,Tennis,Shoes - Low (No-Fb),JQ0695,Courtflash Pickleball M FTWWHT/CBLACK/CGREEN,White,,4068801246689,197621766269,13-, 44.0 , 80.0 ,USD,0, $35.42 
Apparel,Mens,Adult,Soccer,Jersey (Short Sl.),CD8382,ENTRADA 18 JSY LGTGRE/WHITE,,,4058031592823,191021339009,XS, 11.0 , 22.0 ,USD,0, $8.86 
Apparel,Mens,Adult,Soccer,Jersey (Short Sl.),CD8382,ENTRADA 18 JSY LGTGRE/WHITE,,,4058031592779,191021338118,S, 11.0 , 22.0 ,USD,45, $8.86 
Apparel,Mens,Adult,Soccer,Jersey (Short Sl.),CD8382,ENTRADA 18 JSY LGTGRE/WHITE,,,4058031592847,191021339023,M, 11.0 , 22.0 ,USD,28, $8.86 
Apparel,Mens,Adult,Soccer,Jersey (Short Sl.),CD8382,ENTRADA 18 JSY LGTGRE/WHITE,,,4058031592830,191021339016,L, 11.0 , 22.0 ,USD,18, $8.86 
Apparel,Mens,Adult,Soccer,Jersey (Short Sl.),CD8382,ENTRADA 18 JSY LGTGRE/WHITE,,,4058031592793,191021338972,XL, 11.0 , 22.0 ,USD,9, $8.86 
Apparel,Mens,Adult,Soccer,Jersey (Short Sl.),CD8382,ENTRADA 18 JSY LGTGRE/WHITE,,,4058031592694,191021338033,2XL, 11.0 , 22.0 ,USD,0, $8.86 
Accessories,Unisex,Adult,Soccer,Ball (Machine-Stitch,HT9027,MLS TRN WHITE/BLUE/RED,White,,4065432752329,195744040839,3, 15.0 , 30.0 ,USD,0, $12.08 
Accessories,Unisex,Adult,Soccer,Ball (Machine-Stitch,HT9027,MLS TRN WHITE/BLUE/RED,White,,4065432752305,195744040808,4, 15.0 , 30.0 ,USD,0, $12.08 
Accessories,Unisex,Adult,Soccer,Ball (Machine-Stitch,HT9027,MLS TRN WHITE/BLUE/RED,White,,4065432752312,195744040815,5, 15.0 , 30.0 ,USD,300+, $12.08 
Apparel,Mens,Adult,Hiking,Polarfleece-Full Zip,JV6507,XPR SO FL H J MYSGRN/AURIVY,Green,,4068811014537,197626666489,XS, 65.0 , 130.0 ,USD,0, $52.33 
Apparel,Mens,Adult,Hiking,Polarfleece-Full Zip,JV6507,XPR SO FL H J MYSGRN/AURIVY,Green,,4068811014551,197626666502,S, 65.0 , 130.0 ,USD,12, $52.33 
Apparel,Mens,Adult,Hiking,Polarfleece-Full Zip,JV6507,XPR SO FL H J MYSGRN/AURIVY,Green,,4068811014568,197626666526,M, 65.0 , 130.0 ,USD,22, $52.33 
Apparel,Mens,Adult,Hiking,Polarfleece-Full Zip,JV6507,XPR SO FL H J MYSGRN/AURIVY,Green,,4068811014544,197626666496,L, 65.0 , 130.0 ,USD,29, $52.33 
Apparel,Mens,Adult,Hiking,Polarfleece-Full Zip,JV6507,XPR SO FL H J MYSGRN/AURIVY,Green,,4068811014582,197626666540,XL, 65.0 , 130.0 ,USD,18, $52.33 
Apparel,Mens,Adult,Hiking,Polarfleece-Full Zip,JV6507,XPR SO FL H J MYSGRN/AURIVY,Green,,4068811014575,197626666533,2XL, 65.0 , 130.0 ,USD,8, $52.33 
Apparel,Mens,Adult,Hiking,Polarfleece-Full Zip,JV6507,XPR SO FL H J MYSGRN/AURIVY,Green,,4068811014599,197626666557,3XL, 65.0 , 130.0 ,USD,0, $52.33 
Apparel,Womens,Adult,Soccer,Jersey (Short Sl.),HA3541,CON22 MD JSY W BLACK/WHITE,Black,,4065424396913,195733320102,2XS, 27.5 , 55.0 ,USD,0, $22.14 
Apparel,Womens,Adult,Soccer,Jersey (Short Sl.),HA3541,CON22 MD JSY W BLACK/WHITE,Black,,4065424393240,195733316426,XS, 27.5 , 55.0 ,USD,0, $22.14 
Apparel,Womens,Adult,Soccer,Jersey (Short Sl.),HA3541,CON22 MD JSY W BLACK/WHITE,Black,,4065424396951,195733320133,S, 27.5 , 55.0 ,USD,18, $22.14 
Apparel,Womens,Adult,Soccer,Jersey (Short Sl.),HA3541,CON22 MD JSY W BLACK/WHITE,Black,,4065424393288,195733316464,M, 27.5 , 55.0 ,USD,27, $22.14 
Apparel,Womens,Adult,Soccer,Jersey (Short Sl.),HA3541,CON22 MD JSY W BLACK/WHITE,Black,,4065424393257,195733316433,L, 27.5 , 55.0 ,USD,41, $22.14 
Apparel,Womens,Adult,Soccer,Jersey (Short Sl.),HA3541,CON22 MD JSY W BLACK/WHITE,Black,,4065424396944,195733320126,XL, 27.5 , 55.0 ,USD,0, $22.14 
Apparel,Womens,Adult,Soccer,Jersey (Short Sl.),HA3541,CON22 MD JSY W BLACK/WHITE,Black,,4065424396920,195733320089,2XL, 27.5 , 55.0 ,USD,0, $22.14 
Apparel,Womens,Adult,Soccer,Jersey (Short Sl.),HA3542,CON22 MD JSY W TENABL/WHITE,,,4065424407152,195733295370,2XS, 27.5 , 55.0 ,USD,0, $22.14 
Apparel,Womens,Adult,Soccer,Jersey (Short Sl.),HA3542,CON22 MD JSY W TENABL/WHITE,,,4065424410817,195733295455,XS, 27.5 , 55.0 ,USD,10, $22.14 
Apparel,Womens,Adult,Soccer,Jersey (Short Sl.),HA3542,CON22 MD JSY W TENABL/WHITE,,,4065424410831,195733295479,S, 27.5 , 55.0 ,USD,9, $22.14 
Apparel,Womens,Adult,Soccer,Jersey (Short Sl.),HA3542,CON22 MD JSY W TENABL/WHITE,,,4065424410848,195733295448,M, 27.5 , 55.0 ,USD,2, $22.14 
Apparel,Womens,Adult,Soccer,Jersey (Short Sl.),HA3542,CON22 MD JSY W TENABL/WHITE,,,4065424410886,195733295516,L, 27.5 , 55.0 ,USD,13, $22.14 
Apparel,Womens,Adult,Soccer,Jersey (Short Sl.),HA3542,CON22 MD JSY W TENABL/WHITE,,,4065424407190,195733295424,XL, 27.5 , 55.0 ,USD,4, $22.14 
Apparel,Womens,Adult,Soccer,Jersey (Short Sl.),HA3542,CON22 MD JSY W TENABL/WHITE,,,4065424410855,195733295486,2XL, 27.5 , 55.0 ,USD,0, $22.14 
Apparel,Womens,Adult,Trail Running,Windbreaker,JX6596,W MT P WIND J SEFLAQ/PURTEA,,,4068811726126,197626776638,XS, 50.0 , 100.0 ,USD,17, $40.25 
Apparel,Womens,Adult,Trail Running,Windbreaker,JX6596,W MT P WIND J SEFLAQ/PURTEA,,,4068811722425,197626776539,S, 50.0 , 100.0 ,USD,39, $40.25 
Apparel,Womens,Adult,Trail Running,Windbreaker,JX6596,W MT P WIND J SEFLAQ/PURTEA,,,4068811722432,197626776546,M, 50.0 , 100.0 ,USD,50, $40.25 
Apparel,Womens,Adult,Trail Running,Windbreaker,JX6596,W MT P WIND J SEFLAQ/PURTEA,,,4068811726096,197626776607,L, 50.0 , 100.0 ,USD,38, $40.25 
Apparel,Womens,Adult,Trail Running,Windbreaker,JX6596,W MT P WIND J SEFLAQ/PURTEA,,,4068811726089,197626776591,XL, 50.0 , 100.0 ,USD,28, $40.25 
Apparel,Womens,Adult,Trail Running,Windbreaker,JX6596,W MT P WIND J SEFLAQ/PURTEA,,,4068811726119,197626776621,2XL, 50.0 , 100.0 ,USD,5, $40.25 
Apparel,Womens,Adult,Trail Running,Windbreaker,JX6596,W MT P WIND J SEFLAQ/PURTEA,,,4068811722470,197626776584,3XL, 50.0 , 100.0 ,USD,2, $40.25 
Footwear,Unisex,Kids,Tennis,Shoes - Low (No-Fb),JQ8820,Courtflash K CF C FTWWHT/CBLACK/LUCLEM,White,,4067907956959,197620185764,10-K, 27.5 , 50.0 ,USD,0, $22.14 
Footwear,Unisex,Kids,Tennis,Shoes - Low (No-Fb),JQ8820,Courtflash K CF C FTWWHT/CBLACK/LUCLEM,White,,4067907957000,197620189410,11K, 27.5 , 50.0 ,USD,1, $22.14 
Footwear,Unisex,Kids,Tennis,Shoes - Low (No-Fb),JQ8820,Courtflash K CF C FTWWHT/CBLACK/LUCLEM,White,,4067907956836,197620185641,11-K, 27.5 , 50.0 ,USD,1, $22.14 
Footwear,Unisex,Kids,Tennis,Shoes - Low (No-Fb),JQ8820,Courtflash K CF C FTWWHT/CBLACK/LUCLEM,White,,4067907956911,197620185726,12K, 27.5 , 50.0 ,USD,0, $22.14 
Footwear,Unisex,Kids,Tennis,Shoes - Low (No-Fb),JQ8820,Courtflash K CF C FTWWHT/CBLACK/LUCLEM,White,,4067907956850,197620185665,12-K, 27.5 , 50.0 ,USD,0, $22.14 
Footwear,Unisex,Kids,Tennis,Shoes - Low (No-Fb),JQ8820,Courtflash K CF C FTWWHT/CBLACK/LUCLEM,White,,4067907956973,197620189380,13K, 27.5 , 50.0 ,USD,5, $22.14 
Footwear,Unisex,Kids,Tennis,Shoes - Low (No-Fb),JQ8820,Courtflash K CF C FTWWHT/CBLACK/LUCLEM,White,,4067907956997,197620189403,13-K, 27.5 , 50.0 ,USD,0, $22.14 
Footwear,Unisex,Kids,Tennis,Shoes - Low (No-Fb),JQ8820,Courtflash K CF C FTWWHT/CBLACK/LUCLEM,White,,4067907956928,197620185733,1, 27.5 , 50.0 ,USD,1, $22.14 
Footwear,Unisex,Kids,Tennis,Shoes - Low (No-Fb),JQ8820,Courtflash K CF C FTWWHT/CBLACK/LUCLEM,White,,4067907957529,197620189427,1-, 27.5 , 50.0 ,USD,0, $22.14 
Footwear,Unisex,Kids,Tennis,Shoes - Low (No-Fb),JQ8820,Courtflash K CF C FTWWHT/CBLACK/LUCLEM,White,,4067907956874,197620185689,2, 27.5 , 50.0 ,USD,2, $22.14 
Footwear,Unisex,Kids,Tennis,Shoes - Low (No-Fb),JQ8820,Courtflash K CF C FTWWHT/CBLACK/LUCLEM,White,,4067907956942,197620185757,2-, 27.5 , 50.0 ,USD,0, $22.14 
Footwear,Unisex,Kids,Tennis,Shoes - Low (No-Fb),JQ8820,Courtflash K CF C FTWWHT/CBLACK/LUCLEM,White,,4067907956966,197620189373,3, 27.5 , 50.0 ,USD,3, $22.14 
Footwear,Unisex,Kids,Tennis,Shoes - Low (No-Fb),JQ8820,Courtflash K CF C FTWWHT/CBLACK/LUCLEM,White,,4067907956980,197620189397,3-, 27.5 , 50.0 ,USD,5, $22.14 
Apparel,Womens,Junior,Originals,Tracksuit Pants,IY9788,SST TP OPEN HEM LEGTEA,,,4067895520873,197607975371,XS, 20.0 , 40.0 ,USD,0, $16.10 
Apparel,Womens,Junior,Originals,Tracksuit Pants,IY9788,SST TP OPEN HEM LEGTEA,,,4067895520866,197607975364,S, 20.0 , 40.0 ,USD,37, $16.10 
Apparel,Womens,Junior,Originals,Tracksuit Pants,IY9788,SST TP OPEN HEM LEGTEA,,,4067895520910,197607975418,M, 20.0 , 40.0 ,USD,124, $16.10 
Apparel,Womens,Junior,Originals,Tracksuit Pants,IY9788,SST TP OPEN HEM LEGTEA,,,4067895520934,197607975432,L, 20.0 , 40.0 ,USD,142, $16.10 
Apparel,Womens,Junior,Originals,Tracksuit Pants,IY9788,SST TP OPEN HEM LEGTEA,,,4067895520835,197607975333,XL, 20.0 , 40.0 ,USD,29, $16.10 
Footwear,Womens,Adult,Running,Shoes - Low (No-Fb),HP7650,4DFWD 2 W WONQUA/ZEROMT/LUCFUC,,,4066748615964,195747937327,5, 110.0 , 200.0 ,USD,0, $88.55 
Footwear,Womens,Adult,Running,Shoes - Low (No-Fb),HP7650,4DFWD 2 W WONQUA/ZEROMT/LUCFUC,,,4066748615995,195747937341,5-, 110.0 , 200.0 ,USD,0, $88.55 
Footwear,Womens,Adult,Running,Shoes - Low (No-Fb),HP7650,4DFWD 2 W WONQUA/ZEROMT/LUCFUC,,,4066748616015,195747937365,6, 110.0 , 200.0 ,USD,2, $88.55 
Footwear,Womens,Adult,Running,Shoes - Low (No-Fb),HP7650,4DFWD 2 W WONQUA/ZEROMT/LUCFUC,,,4066748616053,195747937402,6-, 110.0 , 200.0 ,USD,4, $88.55 
Footwear,Womens,Adult,Running,Shoes - Low (No-Fb),HP7650,4DFWD 2 W WONQUA/ZEROMT/LUCFUC,,,4066748612345,195747937297,7, 110.0 , 200.0 ,USD,6, $88.55 
Footwear,Womens,Adult,Running,Shoes - Low (No-Fb),HP7650,4DFWD 2 W WONQUA/ZEROMT/LUCFUC,,,4066748612321,195747937273,7-, 110.0 , 200.0 ,USD,2, $88.55 
Footwear,Womens,Adult,Running,Shoes - Low (No-Fb),HP7650,4DFWD 2 W WONQUA/ZEROMT/LUCFUC,,,4066748616039,195747937389,8, 110.0 , 200.0 ,USD,0, $88.55 
Footwear,Womens,Adult,Running,Shoes - Low (No-Fb),HP7650,4DFWD 2 W WONQUA/ZEROMT/LUCFUC,,,4066748615971,195747937334,8-, 110.0 , 200.0 ,USD,0, $88.55 
Footwear,Womens,Adult,Running,Shoes - Low (No-Fb),HP7650,4DFWD 2 W WONQUA/ZEROMT/LUCFUC,,,4066748616008,195747937358,9, 110.0 , 200.0 ,USD,0, $88.55 
Footwear,Womens,Adult,Running,Shoes - Low (No-Fb),HP7650,4DFWD 2 W WONQUA/ZEROMT/LUCFUC,,,4066748612338,195747937280,9-, 110.0 , 200.0 ,USD,0, $88.55 
Footwear,Womens,Adult,Running,Shoes - Low (No-Fb),HP7650,4DFWD 2 W WONQUA/ZEROMT/LUCFUC,,,4066748616046,195747937396,10, 110.0 , 200.0 ,USD,1, $88.55 
Footwear,Womens,Adult,Running,Shoes - Low (No-Fb),HP7650,4DFWD 2 W WONQUA/ZEROMT/LUCFUC,,,4066748612314,195747937266,10-, 110.0 , 200.0 ,USD,0, $88.55 
Footwear,Womens,Adult,Running,Shoes - Low (No-Fb),HP7650,4DFWD 2 W WONQUA/ZEROMT/LUCFUC,,,4066748615957,195747937310,11, 110.0 , 200.0 ,USD,0, $88.55 
Footwear,Womens,Adult,Running,Shoes - Low (No-Fb),HP7650,4DFWD 2 W WONQUA/ZEROMT/LUCFUC,,,4066748616022,195747937372,11-, 110.0 , 200.0 ,USD,0, $88.55 
Footwear,Womens,Adult,Running,Shoes - Low (No-Fb),HP7650,4DFWD 2 W WONQUA/ZEROMT/LUCFUC,,,4066748615988,195747937303,12, 110.0 , 200.0 ,USD,0, $88.55 
Footwear,Womens,Adult,Trail Running,Shoes - Low (No-Fb),JI4288,TERREX TRACEFINDER 2 W DSHGRY/SEIMOR/CHSOGR,,,4067898318156,197611297971,5, 38.5 , 70.0 ,USD,0, $30.99 
Footwear,Womens,Adult,Trail Running,Shoes - Low (No-Fb),JI4288,TERREX TRACEFINDER 2 W DSHGRY/SEIMOR/CHSOGR,,,4067898318064,197611297407,5-, 38.5 , 70.0 ,USD,0, $30.99 
Footwear,Womens,Adult,Trail Running,Shoes - Low (No-Fb),JI4288,TERREX TRACEFINDER 2 W DSHGRY/SEIMOR/CHSOGR,,,4067898318118,197611297926,6, 38.5 , 70.0 ,USD,5, $30.99 
Footwear,Womens,Adult,Trail Running,Shoes - Low (No-Fb),JI4288,TERREX TRACEFINDER 2 W DSHGRY/SEIMOR/CHSOGR,,,4067898318071,197611297414,6-, 38.5 , 70.0 ,USD,4, $30.99 
Footwear,Womens,Adult,Trail Running,Shoes - Low (No-Fb),JI4288,TERREX TRACEFINDER 2 W DSHGRY/SEIMOR/CHSOGR,,,4067898318163,197611297988,7, 38.5 , 70.0 ,USD,7, $30.99 
Footwear,Womens,Adult,Trail Running,Shoes - Low (No-Fb),JI4288,TERREX TRACEFINDER 2 W DSHGRY/SEIMOR/CHSOGR,,,4067898318170,197611297995,7-, 38.5 , 70.0 ,USD,0, $30.99 
Footwear,Womens,Adult,Trail Running,Shoes - Low (No-Fb),JI4288,TERREX TRACEFINDER 2 W DSHGRY/SEIMOR/CHSOGR,,,4067898318095,197611297438,8, 38.5 , 70.0 ,USD,0, $30.99 
Footwear,Womens,Adult,Trail Running,Shoes - Low (No-Fb),JI4288,TERREX TRACEFINDER 2 W DSHGRY/SEIMOR/CHSOGR,,,4067898318125,197611297933,8-, 38.5 , 70.0 ,USD,0, $30.99 
Footwear,Womens,Adult,Trail Running,Shoes - Low (No-Fb),JI4288,TERREX TRACEFINDER 2 W DSHGRY/SEIMOR/CHSOGR,,,4067898318088,197611297421,9, 38.5 , 70.0 ,USD,0, $30.99 
Footwear,Womens,Adult,Trail Running,Shoes - Low (No-Fb),JI4288,TERREX TRACEFINDER 2 W DSHGRY/SEIMOR/CHSOGR,,,4067898318057,197611297391,9-, 38.5 , 70.0 ,USD,0, $30.99 
Footwear,Womens,Adult,Trail Running,Shoes - Low (No-Fb),JI4288,TERREX TRACEFINDER 2 W DSHGRY/SEIMOR/CHSOGR,,,4067898318101,197611297957,10, 38.5 , 70.0 ,USD,2, $30.99 
Footwear,Womens,Adult,Trail Running,Shoes - Low (No-Fb),JI4288,TERREX TRACEFINDER 2 W DSHGRY/SEIMOR/CHSOGR,,,4067898318149,197611297964,10-, 38.5 , 70.0 ,USD,0, $30.99 
Footwear,Womens,Adult,Trail Running,Shoes - Low (No-Fb),JI4288,TERREX TRACEFINDER 2 W DSHGRY/SEIMOR/CHSOGR,,,4067898318132,197611297940,11, 38.5 , 70.0 ,USD,5, $30.99 
Apparel,Mens,Adult,Hiking,Polarfleece-Full Zip,JM3115,MT ESS FZ FL CARDBO,Beige,,4068808184175,197622050411,XS, 27.5 , 55.0 ,USD,1, $22.14 
Apparel,Mens,Adult,Hiking,Polarfleece-Full Zip,JM3115,MT ESS FZ FL CARDBO,Beige,,4068808184083,197622046735,S, 27.5 , 55.0 ,USD,11, $22.14 
Apparel,Mens,Adult,Hiking,Polarfleece-Full Zip,JM3115,MT ESS FZ FL CARDBO,Beige,,4068808184106,197622046759,M, 27.5 , 55.0 ,USD,12, $22.14 
Apparel,Mens,Adult,Hiking,Polarfleece-Full Zip,JM3115,MT ESS FZ FL CARDBO,Beige,,4068808180467,197622046704,L, 27.5 , 55.0 ,USD,16, $22.14 
Apparel,Mens,Adult,Hiking,Polarfleece-Full Zip,JM3115,MT ESS FZ FL CARDBO,Beige,,4068808184205,197622050442,XL, 27.5 , 55.0 ,USD,10, $22.14 
Apparel,Mens,Adult,Hiking,Polarfleece-Full Zip,JM3115,MT ESS FZ FL CARDBO,Beige,,4068808180429,197622046667,2XL, 27.5 , 55.0 ,USD,3, $22.14 
Apparel,Mens,Adult,Hiking,Polarfleece-Full Zip,JM3115,MT ESS FZ FL CARDBO,Beige,,4068808184199,197622050435,3XL, 27.5 , 55.0 ,USD,8, $22.14 
Apparel,Mens,Adult,Hiking,Polarfleece-Full Zip,JM3115,MT ESS FZ FL CARDBO,Beige,,4068808184090,197622046742,4XL, 27.5 , 55.0 ,USD,3, $22.14 
Apparel,Womens,Adult,Soccer,Jersey (Short Sl.),HA3540,CON22 MD JSY W WHITE/WHITE,White,,4065424418660,195733306885,2XS, 27.5 , 55.0 ,USD,0, $22.14 
Apparel,Womens,Adult,Soccer,Jersey (Short Sl.),HA3540,CON22 MD JSY W WHITE/WHITE,White,,4065424418622,195733303259,XS, 27.5 , 55.0 ,USD,12, $22.14 
Apparel,Womens,Adult,Soccer,Jersey (Short Sl.),HA3540,CON22 MD JSY W WHITE/WHITE,White,,4065424418578,195733303204,S, 27.5 , 55.0 ,USD,48, $22.14 
Apparel,Womens,Adult,Soccer,Jersey (Short Sl.),HA3540,CON22 MD JSY W WHITE/WHITE,White,,4065424418592,195733303228,M, 27.5 , 55.0 ,USD,31, $22.14 
Apparel,Womens,Adult,Soccer,Jersey (Short Sl.),HA3540,CON22 MD JSY W WHITE/WHITE,White,,4065424418646,195733306908,L, 27.5 , 55.0 ,USD,3, $22.14 
Apparel,Womens,Adult,Soccer,Jersey (Short Sl.),HA3540,CON22 MD JSY W WHITE/WHITE,White,,4065424418561,195733303198,XL, 27.5 , 55.0 ,USD,4, $22.14 
Apparel,Womens,Adult,Soccer,Jersey (Short Sl.),HA3540,CON22 MD JSY W WHITE/WHITE,White,,4065424418554,195733303181,2XL, 27.5 , 55.0 ,USD,0, $22.14 
Apparel,Mens,Junior,Soccer,Jersey (Short Sl.),GN5736,CAMPEON21 JSY Y TMLGGR,,,4064045277007,191985827796,2XS, 20.0 , 40.0 ,USD,0, $16.10 
Apparel,Mens,Junior,Soccer,Jersey (Short Sl.),GN5736,CAMPEON21 JSY Y TMLGGR,,,4064045277069,191985827857,XS, 20.0 , 40.0 ,USD,9, $16.10 
Apparel,Mens,Junior,Soccer,Jersey (Short Sl.),GN5736,CAMPEON21 JSY Y TMLGGR,,,4064045273344,191985827765,S, 20.0 , 40.0 ,USD,0, $16.10 
Apparel,Mens,Junior,Soccer,Jersey (Short Sl.),GN5736,CAMPEON21 JSY Y TMLGGR,,,4064045273313,191985824108,M, 20.0 , 40.0 ,USD,0, $16.10 
Apparel,Mens,Junior,Soccer,Jersey (Short Sl.),GN5736,CAMPEON21 JSY Y TMLGGR,,,4064045273320,191985824115,L, 20.0 , 40.0 ,USD,18, $16.10 
Apparel,Mens,Junior,Soccer,Jersey (Short Sl.),GN5736,CAMPEON21 JSY Y TMLGGR,,,4064045273306,191985824092,XL, 20.0 , 40.0 ,USD,30, $16.10 
Footwear,Unisex,Adult,Baseball,Shoes - Low (No-Fb),IH5207,Ultraboost DNA 1.0 Cleat BSB TALC/CWHITE/CGRANI,,,4067904574828,197615693175,4, 93.5 , 170.0 ,USD,0, $75.27 
Footwear,Unisex,Adult,Baseball,Shoes - Low (No-Fb),IH5207,Ultraboost DNA 1.0 Cleat BSB TALC/CWHITE/CGRANI,,,4067904574699,197615693045,4-, 93.5 , 170.0 ,USD,0, $75.27 
Footwear,Unisex,Adult,Baseball,Shoes - Low (No-Fb),IH5207,Ultraboost DNA 1.0 Cleat BSB TALC/CWHITE/CGRANI,,,4067904574682,197615693038,5, 93.5 , 170.0 ,USD,0, $75.27 
Footwear,Unisex,Adult,Baseball,Shoes - Low (No-Fb),IH5207,Ultraboost DNA 1.0 Cleat BSB TALC/CWHITE/CGRANI,,,4067904574644,197615689390,5-, 93.5 , 170.0 ,USD,0, $75.27 
Footwear,Unisex,Adult,Baseball,Shoes - Low (No-Fb),IH5207,Ultraboost DNA 1.0 Cleat BSB TALC/CWHITE/CGRANI,,,4067904574750,197615693106,6, 93.5 , 170.0 ,USD,0, $75.27 
Footwear,Unisex,Adult,Baseball,Shoes - Low (No-Fb),IH5207,Ultraboost DNA 1.0 Cleat BSB TALC/CWHITE/CGRANI,,,4067904574712,197615693069,6-, 93.5 , 170.0 ,USD,0, $75.27 
Footwear,Unisex,Adult,Baseball,Shoes - Low (No-Fb),IH5207,Ultraboost DNA 1.0 Cleat BSB TALC/CWHITE/CGRANI,,,4067904574651,197615689406,7, 93.5 , 170.0 ,USD,0, $75.27 
Footwear,Unisex,Adult,Baseball,Shoes - Low (No-Fb),IH5207,Ultraboost DNA 1.0 Cleat BSB TALC/CWHITE/CGRANI,,,4067904574781,197615693137,7-, 93.5 , 170.0 ,USD,0, $75.27 
Footwear,Unisex,Adult,Baseball,Shoes - Low (No-Fb),IH5207,Ultraboost DNA 1.0 Cleat BSB TALC/CWHITE/CGRANI,,,4067904574798,197615693144,8, 93.5 , 170.0 ,USD,0, $75.27 
Footwear,Unisex,Adult,Baseball,Shoes - Low (No-Fb),IH5207,Ultraboost DNA 1.0 Cleat BSB TALC/CWHITE/CGRANI,,,4067904574736,197615693083,8-, 93.5 , 170.0 ,USD,2, $75.27 
Footwear,Unisex,Adult,Baseball,Shoes - Low (No-Fb),IH5207,Ultraboost DNA 1.0 Cleat BSB TALC/CWHITE/CGRANI,,,4067904571025,197615689376,9, 93.5 , 170.0 ,USD,0, $75.27 
Footwear,Unisex,Adult,Baseball,Shoes - Low (No-Fb),IH5207,Ultraboost DNA 1.0 Cleat BSB TALC/CWHITE/CGRANI,,,4067904574767,197615693113,9-, 93.5 , 170.0 ,USD,1, $75.27 
Footwear,Unisex,Adult,Baseball,Shoes - Low (No-Fb),IH5207,Ultraboost DNA 1.0 Cleat BSB TALC/CWHITE/CGRANI,,,4067904574668,197615693021,10, 93.5 , 170.0 ,USD,13, $75.27 
Footwear,Unisex,Adult,Baseball,Shoes - Low (No-Fb),IH5207,Ultraboost DNA 1.0 Cleat BSB TALC/CWHITE/CGRANI,,,4067904574774,197615693120,10-, 93.5 , 170.0 ,USD,6, $75.27 
Footwear,Unisex,Adult,Baseball,Shoes - Low (No-Fb),IH5207,Ultraboost DNA 1.0 Cleat BSB TALC/CWHITE/CGRANI,,,4067904574637,197615689383,11, 93.5 , 170.0 ,USD,0, $75.27 
Footwear,Unisex,Adult,Baseball,Shoes - Low (No-Fb),IH5207,Ultraboost DNA 1.0 Cleat BSB TALC/CWHITE/CGRANI,,,4067904574811,197615693168,11-, 93.5 , 170.0 ,USD,3, $75.27 
Footwear,Unisex,Adult,Baseball,Shoes - Low (No-Fb),IH5207,Ultraboost DNA 1.0 Cleat BSB TALC/CWHITE/CGRANI,,,4067904574729,197615693076,12, 93.5 , 170.0 ,USD,26, $75.27 
Footwear,Unisex,Adult,Baseball,Shoes - Low (No-Fb),IH5207,Ultraboost DNA 1.0 Cleat BSB TALC/CWHITE/CGRANI,,,4067904574804,197615693151,12-, 93.5 , 170.0 ,USD,2, $75.27 
Footwear,Unisex,Adult,Baseball,Shoes - Low (No-Fb),IH5207,Ultraboost DNA 1.0 Cleat BSB TALC/CWHITE/CGRANI,,,4067904574675,197615693014,13, 93.5 , 170.0 ,USD,1, $75.27 
Footwear,Unisex,Adult,Baseball,Shoes - Low (No-Fb),IH5207,Ultraboost DNA 1.0 Cleat BSB TALC/CWHITE/CGRANI,,,4067904574705,197615693052,13-, 93.5 , 170.0 ,USD,7, $75.27 
Footwear,Unisex,Adult,Baseball,Shoes - Low (No-Fb),IH5207,Ultraboost DNA 1.0 Cleat BSB TALC/CWHITE/CGRANI,,,4067904574743,197615693090,14, 93.5 , 170.0 ,USD,2, $75.27 
Apparel,Mens,Junior,Soccer,Jersey (Short Sl.),GN5739,SQUAD 21 JSY Y BLACK/WHITE,Black,,4064045163140,194818044438,2XS, 15.0 , 30.0 ,USD,1, $12.08 
Apparel,Mens,Junior,Soccer,Jersey (Short Sl.),GN5739,SQUAD 21 JSY Y BLACK/WHITE,Black,,4064045166844,194818048139,XS, 15.0 , 30.0 ,USD,3, $12.08 
Apparel,Mens,Junior,Soccer,Jersey (Short Sl.),GN5739,SQUAD 21 JSY Y BLACK/WHITE,Black,,4064045166899,194818048184,S, 15.0 , 30.0 ,USD,16, $12.08 
Apparel,Mens,Junior,Soccer,Jersey (Short Sl.),GN5739,SQUAD 21 JSY Y BLACK/WHITE,Black,,4064045163164,194818044452,M, 15.0 , 30.0 ,USD,300+, $12.08 
Apparel,Mens,Junior,Soccer,Jersey (Short Sl.),GN5739,SQUAD 21 JSY Y BLACK/WHITE,Black,,4064045166882,194818048177,L, 15.0 , 30.0 ,USD,300+, $12.08 
Apparel,Mens,Junior,Soccer,Jersey (Short Sl.),GN5739,SQUAD 21 JSY Y BLACK/WHITE,Black,,4064045166813,194818048108,XL, 15.0 , 30.0 ,USD,0, $12.08 
Apparel,Mens,Adult,Hiking,Pants (1/1),JM3131,MT ESS PANTS SHANAV,,,4068801870471,197621651961,XS/S, 32.5 , 65.0 ,USD,1, $26.16 
Apparel,Mens,Adult,Hiking,Pants (1/1),JM3131,MT ESS PANTS SHANAV,,,4068801870396,197621648268,S/S, 32.5 , 65.0 ,USD,1, $26.16 
Apparel,Mens,Adult,Hiking,Pants (1/1),JM3131,MT ESS PANTS SHANAV,,,4068801870563,197621652029,M/S, 32.5 , 65.0 ,USD,2, $26.16 
Apparel,Mens,Adult,Hiking,Pants (1/1),JM3131,MT ESS PANTS SHANAV,,,4068801866771,197621648237,L/S, 32.5 , 65.0 ,USD,1, $26.16 
Apparel,Mens,Adult,Hiking,Pants (1/1),JM3131,MT ESS PANTS SHANAV,,,4068801870587,197621652043,XL/S, 32.5 , 65.0 ,USD,1, $26.16 
Apparel,Mens,Adult,Hiking,Pants (1/1),JM3131,MT ESS PANTS SHANAV,,,4068801870495,197621651947,XS, 32.5 , 65.0 ,USD,1, $26.16 
Apparel,Mens,Adult,Hiking,Pants (1/1),JM3131,MT ESS PANTS SHANAV,,,4068801870501,197621651954,S, 32.5 , 65.0 ,USD,9, $26.16 
Apparel,Mens,Adult,Hiking,Pants (1/1),JM3131,MT ESS PANTS SHANAV,,,4068801870488,197621651930,M, 32.5 , 65.0 ,USD,15, $26.16 
Apparel,Mens,Adult,Hiking,Pants (1/1),JM3131,MT ESS PANTS SHANAV,,,4068801866757,197621648213,L, 32.5 , 65.0 ,USD,14, $26.16 
Apparel,Mens,Adult,Hiking,Pants (1/1),JM3131,MT ESS PANTS SHANAV,,,4068801870464,197621648329,XL, 32.5 , 65.0 ,USD,9, $26.16 
Apparel,Mens,Adult,Hiking,Pants (1/1),JM3131,MT ESS PANTS SHANAV,,,4068817444550,198319029260,2XL, 32.5 , 65.0 ,USD,0, $26.16 
Apparel,Mens,Adult,Hiking,Pants (1/1),JM3131,MT ESS PANTS SHANAV,,,4068801870549,197621652005,ST, 32.5 , 65.0 ,USD,0, $26.16 
Apparel,Mens,Adult,Hiking,Pants (1/1),JM3131,MT ESS PANTS SHANAV,,,4068801870426,197621648282,MT, 32.5 , 65.0 ,USD,0, $26.16 
Apparel,Mens,Adult,Hiking,Pants (1/1),JM3131,MT ESS PANTS SHANAV,,,4068801870440,197621648305,LT, 32.5 , 65.0 ,USD,0, $26.16 
Apparel,Mens,Adult,Hiking,Pants (1/1),JM3131,MT ESS PANTS SHANAV,,,4068801870594,197621652050,XLT, 32.5 , 65.0 ,USD,0, $26.16 
Apparel,Unisex,Infant,Originals,Tracksuit,IX5150,CREW SET BLACK,Black,,4067894242189,196479799344,3M, 25.0 , 50.0 ,USD,0, $20.13 
Apparel,Unisex,Infant,Originals,Tracksuit,IX5150,CREW SET BLACK,Black,,4067894242134,196479799283,6M, 25.0 , 50.0 ,USD,0, $20.13 
Apparel,Unisex,Infant,Originals,Tracksuit,IX5150,CREW SET BLACK,Black,,4067894242080,196479799238,9M, 25.0 , 50.0 ,USD,0, $20.13 
Apparel,Unisex,Infant,Originals,Tracksuit,IX5150,CREW SET BLACK,Black,,4067894242097,196479799245,12M, 25.0 , 50.0 ,USD,0, $20.13 
Apparel,Unisex,Infant,Originals,Tracksuit,IX5150,CREW SET BLACK,Black,,4067894242103,196479799252,18M, 25.0 , 50.0 ,USD,0, $20.13 
Apparel,Unisex,Infant,Originals,Tracksuit,IX5150,CREW SET BLACK,Black,,4067894242073,196479799221,2T, 25.0 , 50.0 ,USD,0, $20.13 
Apparel,Unisex,Infant,Originals,Tracksuit,IX5150,CREW SET BLACK,Black,,4067894242066,196479799214,3T, 25.0 , 50.0 ,USD,30, $20.13 
Apparel,Unisex,Infant,Originals,Tracksuit,IX5150,CREW SET BLACK,Black,,4067894242059,196479799207,4T, 25.0 , 50.0 ,USD,0, $20.13 
Apparel,Womens,Adult,Soccer,Jersey (Short Sl.),GN5734,CAMPEON 21 JSYW TMPWRD/WHITE,Red,,4064045162655,191985993392,2XS, 22.5 , 45.0 ,USD,0, $18.11 
Apparel,Womens,Adult,Soccer,Jersey (Short Sl.),GN5734,CAMPEON 21 JSYW TMPWRD/WHITE,Red,,4064045162709,191985993446,XS, 22.5 , 45.0 ,USD,5, $18.11 
Apparel,Womens,Adult,Soccer,Jersey (Short Sl.),GN5734,CAMPEON 21 JSYW TMPWRD/WHITE,Red,,4064045162693,191985993439,S, 22.5 , 45.0 ,USD,31, $18.11 
Apparel,Womens,Adult,Soccer,Jersey (Short Sl.),GN5734,CAMPEON 21 JSYW TMPWRD/WHITE,Red,,4064045166349,191985993453,M, 22.5 , 45.0 ,USD,25, $18.11 
Apparel,Womens,Adult,Soccer,Jersey (Short Sl.),GN5734,CAMPEON 21 JSYW TMPWRD/WHITE,Red,,4064045162662,191985993408,L, 22.5 , 45.0 ,USD,13, $18.11 
Apparel,Womens,Adult,Soccer,Jersey (Short Sl.),GN5734,CAMPEON 21 JSYW TMPWRD/WHITE,Red,,4064045162631,191985993378,XL, 22.5 , 45.0 ,USD,3, $18.11 
Apparel,Womens,Adult,Soccer,Jersey (Short Sl.),GN5734,CAMPEON 21 JSYW TMPWRD/WHITE,Red,,4064045166332,191985993484,2XL, 22.5 , 45.0 ,USD,0, $18.11 
Apparel,Mens,Adult,Hiking,Jacket (Filled Thin),JL9790,MT INS JKT SHANAV,,,4068811810634,197626830385,XS, 70.0 , 140.0 ,USD,0, $56.35 
Apparel,Mens,Adult,Hiking,Jacket (Filled Thin),JL9790,MT INS JKT SHANAV,,,4068811810641,197626830392,S, 70.0 , 140.0 ,USD,9, $56.35 
Apparel,Mens,Adult,Hiking,Jacket (Filled Thin),JL9790,MT INS JKT SHANAV,,,4068811810733,197626834321,M, 70.0 , 140.0 ,USD,28, $56.35 
Apparel,Mens,Adult,Hiking,Jacket (Filled Thin),JL9790,MT INS JKT SHANAV,,,4068811810672,197626834260,L, 70.0 , 140.0 ,USD,28, $56.35 
Apparel,Mens,Adult,Hiking,Jacket (Filled Thin),JL9790,MT INS JKT SHANAV,,,4068811810757,197626834345,XL, 70.0 , 140.0 ,USD,17, $56.35 
Apparel,Mens,Adult,Hiking,Jacket (Filled Thin),JL9790,MT INS JKT SHANAV,,,4068811810726,197626834314,2XL, 70.0 , 140.0 ,USD,9, $56.35 
Apparel,Mens,Adult,Hiking,Jacket (Filled Thin),JL9790,MT INS JKT SHANAV,,,4068811810702,197626834291,3XL, 70.0 , 140.0 ,USD,0, $56.35 
Apparel,Womens,Adult,Soccer,Jersey (Short Sl.),GN6703,CAMPEON 21 JSYW TMLGBL/WHITE,Blue,,4064045197152,191985805442,2XS, 22.5 , 45.0 ,USD,0, $18.11 
Apparel,Womens,Adult,Soccer,Jersey (Short Sl.),GN6703,CAMPEON 21 JSYW TMLGBL/WHITE,Blue,,4064045197213,191985805473,XS, 22.5 , 45.0 ,USD,0, $18.11 
Apparel,Womens,Adult,Soccer,Jersey (Short Sl.),GN6703,CAMPEON 21 JSYW TMLGBL/WHITE,Blue,,4064045197176,191985805428,S, 22.5 , 45.0 ,USD,21, $18.11 
Apparel,Womens,Adult,Soccer,Jersey (Short Sl.),GN6703,CAMPEON 21 JSYW TMLGBL/WHITE,Blue,,4064045197268,191985805527,M, 22.5 , 45.0 ,USD,27, $18.11 
Apparel,Womens,Adult,Soccer,Jersey (Short Sl.),GN6703,CAMPEON 21 JSYW TMLGBL/WHITE,Blue,,4064045197183,191985805435,L, 22.5 , 45.0 ,USD,22, $18.11 
Apparel,Womens,Adult,Soccer,Jersey (Short Sl.),GN6703,CAMPEON 21 JSYW TMLGBL/WHITE,Blue,,4064045197206,191985805466,XL, 22.5 , 45.0 ,USD,0, $18.11 
Apparel,Womens,Adult,Soccer,Jersey (Short Sl.),GN6703,CAMPEON 21 JSYW TMLGBL/WHITE,Blue,,4064045197244,191985805503,2XL, 22.5 , 45.0 ,USD,0, $18.11 
Footwear,Mens,Adult,Tennis,Shoes - Low (No-Fb),IE1376,adizero Ubersonic 5 M FTWWHT/CBLACK/SILVMT,White,,4067892321619,197615644979,6-, 82.5 , 150.0 ,USD,5, $66.41 
Footwear,Mens,Adult,Tennis,Shoes - Low (No-Fb),IE1376,adizero Ubersonic 5 M FTWWHT/CBLACK/SILVMT,White,,4067892321589,197615644948,7, 82.5 , 150.0 ,USD,6, $66.41 
Footwear,Mens,Adult,Tennis,Shoes - Low (No-Fb),IE1376,adizero Ubersonic 5 M FTWWHT/CBLACK/SILVMT,White,,4067892325334,197615648694,7-, 82.5 , 150.0 ,USD,29, $66.41 
Footwear,Mens,Adult,Tennis,Shoes - Low (No-Fb),IE1376,adizero Ubersonic 5 M FTWWHT/CBLACK/SILVMT,White,,4067892321596,197615644955,8, 82.5 , 150.0 ,USD,99, $66.41 
Footwear,Mens,Adult,Tennis,Shoes - Low (No-Fb),IE1376,adizero Ubersonic 5 M FTWWHT/CBLACK/SILVMT,White,,4067892321602,197615644962,8-, 82.5 , 150.0 ,USD,56, $66.41 
Footwear,Mens,Adult,Tennis,Shoes - Low (No-Fb),IE1376,adizero Ubersonic 5 M FTWWHT/CBLACK/SILVMT,White,,4067892321565,197615644924,9, 82.5 , 150.0 ,USD,87, $66.41 
Footwear,Mens,Adult,Tennis,Shoes - Low (No-Fb),IE1376,adizero Ubersonic 5 M FTWWHT/CBLACK/SILVMT,White,,4067892325303,197615648670,9-, 82.5 , 150.0 ,USD,58, $66.41 
Footwear,Mens,Adult,Tennis,Shoes - Low (No-Fb),IE1376,adizero Ubersonic 5 M FTWWHT/CBLACK/SILVMT,White,,4067892321572,197615644931,10, 82.5 , 150.0 ,USD,73, $66.41 
Footwear,Mens,Adult,Tennis,Shoes - Low (No-Fb),IE1376,adizero Ubersonic 5 M FTWWHT/CBLACK/SILVMT,White,,4067892325310,197615648687,10-, 82.5 , 150.0 ,USD,0, $66.41 
Footwear,Mens,Adult,Tennis,Shoes - Low (No-Fb),IE1376,adizero Ubersonic 5 M FTWWHT/CBLACK/SILVMT,White,,4067892325327,197615648656,11, 82.5 , 150.0 ,USD,84, $66.41 
Footwear,Mens,Adult,Tennis,Shoes - Low (No-Fb),IE1376,adizero Ubersonic 5 M FTWWHT/CBLACK/SILVMT,White,,4067892325297,197615648663,11-, 82.5 , 150.0 ,USD,31, $66.41 
Footwear,Mens,Adult,Tennis,Shoes - Low (No-Fb),IE1376,adizero Ubersonic 5 M FTWWHT/CBLACK/SILVMT,White,,4067892321664,197615648618,12, 82.5 , 150.0 ,USD,56, $66.41 
Footwear,Mens,Adult,Tennis,Shoes - Low (No-Fb),IE1376,adizero Ubersonic 5 M FTWWHT/CBLACK/SILVMT,White,,4067892321688,197615648632,12-, 82.5 , 150.0 ,USD,0, $66.41 
Footwear,Mens,Adult,Tennis,Shoes - Low (No-Fb),IE1376,adizero Ubersonic 5 M FTWWHT/CBLACK/SILVMT,White,,4067892321671,197615648625,13, 82.5 , 150.0 ,USD,60, $66.41 
Footwear,Mens,Adult,Tennis,Shoes - Low (No-Fb),IE1376,adizero Ubersonic 5 M FTWWHT/CBLACK/SILVMT,White,,4067892321657,197615648649,13-, 82.5 , 150.0 ,USD,0, $66.41 
Footwear,Mens,Adult,Tennis,Shoes - Low (No-Fb),IE1376,adizero Ubersonic 5 M FTWWHT/CBLACK/SILVMT,White,,4067892321633,197615644993,14, 82.5 , 150.0 ,USD,19, $66.41 
Footwear,Mens,Adult,Tennis,Shoes - Low (No-Fb),IE1376,adizero Ubersonic 5 M FTWWHT/CBLACK/SILVMT,White,,4067892321640,197615645006,14-, 82.5 , 150.0 ,USD,0, $66.41 
Footwear,Mens,Adult,Tennis,Shoes - Low (No-Fb),IE1376,adizero Ubersonic 5 M FTWWHT/CBLACK/SILVMT,White,,4067892321626,197615644986,16, 82.5 , 150.0 ,USD,0, $66.41 
Footwear,Womens,Adult,Originals,Shoes - Low (No-Fb),JH7756,SUPERSTAR II W CBLACK/FTWWHT/CBLACK,Black,,4067892099839,197615236020,5, 60.5 , 110.0 ,USD,0, $48.70 
Footwear,Womens,Adult,Originals,Shoes - Low (No-Fb),JH7756,SUPERSTAR II W CBLACK/FTWWHT/CBLACK,Black,,4067892099884,197615239670,5-, 60.5 , 110.0 ,USD,0, $48.70 
Footwear,Womens,Adult,Originals,Shoes - Low (No-Fb),JH7756,SUPERSTAR II W CBLACK/FTWWHT/CBLACK,Black,,4067892099822,197615236013,6, 60.5 , 110.0 ,USD,22, $48.70 
Footwear,Womens,Adult,Originals,Shoes - Low (No-Fb),JH7756,SUPERSTAR II W CBLACK/FTWWHT/CBLACK,Black,,4067892099808,197615235993,6-, 60.5 , 110.0 ,USD,39, $48.70 
Footwear,Womens,Adult,Originals,Shoes - Low (No-Fb),JH7756,SUPERSTAR II W CBLACK/FTWWHT/CBLACK,Black,,4067892099846,197615236037,7, 60.5 , 110.0 ,USD,45, $48.70 
Footwear,Womens,Adult,Originals,Shoes - Low (No-Fb),JH7756,SUPERSTAR II W CBLACK/FTWWHT/CBLACK,Black,,4067892099815,197615236006,7-, 60.5 , 110.0 ,USD,39, $48.70 
Footwear,Womens,Adult,Originals,Shoes - Low (No-Fb),JH7756,SUPERSTAR II W CBLACK/FTWWHT/CBLACK,Black,,4067892099792,197615235986,8, 60.5 , 110.0 ,USD,56, $48.70 
Footwear,Womens,Adult,Originals,Shoes - Low (No-Fb),JH7756,SUPERSTAR II W CBLACK/FTWWHT/CBLACK,Black,,4067892099785,197615235979,8-, 60.5 , 110.0 ,USD,43, $48.70 
Footwear,Womens,Adult,Originals,Shoes - Low (No-Fb),JH7756,SUPERSTAR II W CBLACK/FTWWHT/CBLACK,Black,,4067892099860,197615239656,9, 60.5 , 110.0 ,USD,33, $48.70 
Footwear,Womens,Adult,Originals,Shoes - Low (No-Fb),JH7756,SUPERSTAR II W CBLACK/FTWWHT/CBLACK,Black,,4067892099907,197615239694,9-, 60.5 , 110.0 ,USD,20, $48.70 
Footwear,Womens,Adult,Originals,Shoes - Low (No-Fb),JH7756,SUPERSTAR II W CBLACK/FTWWHT/CBLACK,Black,,4067892099891,197615239687,10, 60.5 , 110.0 ,USD,12, $48.70 
Footwear,Womens,Adult,Originals,Shoes - Low (No-Fb),JH7756,SUPERSTAR II W CBLACK/FTWWHT/CBLACK,Black,,4067892099877,197615239663,10-, 60.5 , 110.0 ,USD,0, $48.70 
Footwear,Womens,Adult,Originals,Shoes - Low (No-Fb),JH7756,SUPERSTAR II W CBLACK/FTWWHT/CBLACK,Black,,4067892099914,197615239700,11, 60.5 , 110.0 ,USD,2, $48.70 
Footwear,Mens,Adult,Tennis,Shoes - Low (No-Fb),IG9568,GameCourt 2 M FTWWHT/FTWWHT/MSILVE,White,,4066756237035,196465888007,4, 38.5 , 70.0 ,USD,12, $30.99 
Footwear,Mens,Adult,Tennis,Shoes - Low (No-Fb),IG9568,GameCourt 2 M FTWWHT/FTWWHT/MSILVE,White,,4066756237028,196465887994,4-, 38.5 , 70.0 ,USD,7, $30.99 
Footwear,Mens,Adult,Tennis,Shoes - Low (No-Fb),IG9568,GameCourt 2 M FTWWHT/FTWWHT/MSILVE,White,,4066756236922,196465887895,5, 38.5 , 70.0 ,USD,4, $30.99 
Footwear,Mens,Adult,Tennis,Shoes - Low (No-Fb),IG9568,GameCourt 2 M FTWWHT/FTWWHT/MSILVE,White,,4066756237066,196465888038,5-, 38.5 , 70.0 ,USD,16, $30.99 
Footwear,Mens,Adult,Tennis,Shoes - Low (No-Fb),IG9568,GameCourt 2 M FTWWHT/FTWWHT/MSILVE,White,,4066756236960,196465887932,6, 38.5 , 70.0 ,USD,21, $30.99 
Footwear,Mens,Adult,Tennis,Shoes - Low (No-Fb),IG9568,GameCourt 2 M FTWWHT/FTWWHT/MSILVE,White,,4066756236908,196465887871,6-, 38.5 , 70.0 ,USD,5, $30.99 
Footwear,Mens,Adult,Tennis,Shoes - Low (No-Fb),IG9568,GameCourt 2 M FTWWHT/FTWWHT/MSILVE,White,,4066756237004,196465887970,7, 38.5 , 70.0 ,USD,3, $30.99 
Footwear,Mens,Adult,Tennis,Shoes - Low (No-Fb),IG9568,GameCourt 2 M FTWWHT/FTWWHT/MSILVE,White,,4066756236915,196465887888,7-, 38.5 , 70.0 ,USD,1, $30.99 
Footwear,Mens,Adult,Tennis,Shoes - Low (No-Fb),IG9568,GameCourt 2 M FTWWHT/FTWWHT/MSILVE,White,,4066756237011,196465887987,8, 38.5 , 70.0 ,USD,105, $30.99 
Footwear,Mens,Adult,Tennis,Shoes - Low (No-Fb),IG9568,GameCourt 2 M FTWWHT/FTWWHT/MSILVE,White,,4066756235178,196465884221,8-, 38.5 , 70.0 ,USD,178, $30.99 
Footwear,Mens,Adult,Tennis,Shoes - Low (No-Fb),IG9568,GameCourt 2 M FTWWHT/FTWWHT/MSILVE,White,,4066756237059,196465888021,9, 38.5 , 70.0 ,USD,251, $30.99 
Footwear,Mens,Adult,Tennis,Shoes - Low (No-Fb),IG9568,GameCourt 2 M FTWWHT/FTWWHT/MSILVE,White,,4066756237042,196465888014,9-, 38.5 , 70.0 ,USD,157, $30.99 
Footwear,Mens,Adult,Tennis,Shoes - Low (No-Fb),IG9568,GameCourt 2 M FTWWHT/FTWWHT/MSILVE,White,,4066756236885,196465887864,10, 38.5 , 70.0 ,USD,300+, $30.99 
Footwear,Mens,Adult,Tennis,Shoes - Low (No-Fb),IG9568,GameCourt 2 M FTWWHT/FTWWHT/MSILVE,White,,4066756237080,196465888052,10-, 38.5 , 70.0 ,USD,229, $30.99 
Footwear,Mens,Adult,Tennis,Shoes - Low (No-Fb),IG9568,GameCourt 2 M FTWWHT/FTWWHT/MSILVE,White,,4066756236939,196465887901,11, 38.5 , 70.0 ,USD,247, $30.99 
Footwear,Mens,Adult,Tennis,Shoes - Low (No-Fb),IG9568,GameCourt 2 M FTWWHT/FTWWHT/MSILVE,White,,4066756236892,196465887857,11-, 38.5 , 70.0 ,USD,174, $30.99 
Footwear,Mens,Adult,Tennis,Shoes - Low (No-Fb),IG9568,GameCourt 2 M FTWWHT/FTWWHT/MSILVE,White,,4066756237073,196465888045,12, 38.5 , 70.0 ,USD,181, $30.99 
Footwear,Mens,Adult,Tennis,Shoes - Low (No-Fb),IG9568,GameCourt 2 M FTWWHT/FTWWHT/MSILVE,White,,4066756236977,196465887949,12-, 38.5 , 70.0 ,USD,0, $30.99 
Footwear,Mens,Adult,Tennis,Shoes - Low (No-Fb),IG9568,GameCourt 2 M FTWWHT/FTWWHT/MSILVE,White,,4066756236953,196465887925,13, 38.5 , 70.0 ,USD,160, $30.99 
Footwear,Mens,Adult,Tennis,Shoes - Low (No-Fb),IG9568,GameCourt 2 M FTWWHT/FTWWHT/MSILVE,White,,4066756236984,196465887956,13-, 38.5 , 70.0 ,USD,5, $30.99 
Footwear,Mens,Adult,Tennis,Shoes - Low (No-Fb),IG9568,GameCourt 2 M FTWWHT/FTWWHT/MSILVE,White,,4066756236991,196465887963,14, 38.5 , 70.0 ,USD,82, $30.99 
Footwear,Mens,Adult,Tennis,Shoes - Low (No-Fb),IG9568,GameCourt 2 M FTWWHT/FTWWHT/MSILVE,White,,4066756236878,196465887840,14-, 38.5 , 70.0 ,USD,5, $30.99 
Footwear,Mens,Adult,Tennis,Shoes - Low (No-Fb),IG9568,GameCourt 2 M FTWWHT/FTWWHT/MSILVE,White,,4066756236946,196465887918,15, 38.5 , 70.0 ,USD,0, $30.99 
Footwear,Mens,Adult,Tennis,Shoes - Low (No-Fb),IG9568,GameCourt 2 M FTWWHT/FTWWHT/MSILVE,White,,4066756236861,196465887833,16, 38.5 , 70.0 ,USD,8, $30.99 
Apparel,Womens,Adult,Soccer,Jersey (Short Sl.),GN5730,CAMPEON 21 JSYW BLACK/WHITE,Black,,4064045139619,191985970355,2XS, 22.5 , 45.0 ,USD,0, $18.11 
Apparel,Womens,Adult,Soccer,Jersey (Short Sl.),GN5730,CAMPEON 21 JSYW BLACK/WHITE,Black,,4064045139572,191985970300,XS, 22.5 , 45.0 ,USD,0, $18.11 
Apparel,Womens,Adult,Soccer,Jersey (Short Sl.),GN5730,CAMPEON 21 JSYW BLACK/WHITE,Black,,4064045139503,191985966648,S, 22.5 , 45.0 ,USD,0, $18.11 
Apparel,Womens,Adult,Soccer,Jersey (Short Sl.),GN5730,CAMPEON 21 JSYW BLACK/WHITE,Black,,4064045139626,191985970362,M, 22.5 , 45.0 ,USD,46, $18.11 
Apparel,Womens,Adult,Soccer,Jersey (Short Sl.),GN5730,CAMPEON 21 JSYW BLACK/WHITE,Black,,4064045139534,191985966679,L, 22.5 , 45.0 ,USD,41, $18.11 
Apparel,Womens,Adult,Soccer,Jersey (Short Sl.),GN5730,CAMPEON 21 JSYW BLACK/WHITE,Black,,4064045139596,191985970331,XL, 22.5 , 45.0 ,USD,5, $18.11 
Apparel,Womens,Adult,Soccer,Jersey (Short Sl.),GN5730,CAMPEON 21 JSYW BLACK/WHITE,Black,,4064045139565,191985970294,2XL, 22.5 , 45.0 ,USD,0, $18.11 
Footwear,Mens,Adult,Tennis,Shoes - Low (No-Fb),IG9567,GameCourt 2 M CBLACK/CBLACK/GREFOU,Black,,4066756667399,196464980788,4, 38.5 , 70.0 ,USD,135, $30.99 
Footwear,Mens,Adult,Tennis,Shoes - Low (No-Fb),IG9567,GameCourt 2 M CBLACK/CBLACK/GREFOU,Black,,4066756667412,196464980801,4-, 38.5 , 70.0 ,USD,3, $30.99 
Footwear,Mens,Adult,Tennis,Shoes - Low (No-Fb),IG9567,GameCourt 2 M CBLACK/CBLACK/GREFOU,Black,,4066756667450,196464980849,5, 38.5 , 70.0 ,USD,2, $30.99 
Footwear,Mens,Adult,Tennis,Shoes - Low (No-Fb),IG9567,GameCourt 2 M CBLACK/CBLACK/GREFOU,Black,,4066756667498,196464980887,5-, 38.5 , 70.0 ,USD,4, $30.99 
Footwear,Mens,Adult,Tennis,Shoes - Low (No-Fb),IG9567,GameCourt 2 M CBLACK/CBLACK/GREFOU,Black,,4066756667436,196464980825,6, 38.5 , 70.0 ,USD,69, $30.99 
Footwear,Mens,Adult,Tennis,Shoes - Low (No-Fb),IG9567,GameCourt 2 M CBLACK/CBLACK/GREFOU,Black,,4066756671143,196464980900,6-, 38.5 , 70.0 ,USD,0, $30.99 
Footwear,Mens,Adult,Tennis,Shoes - Low (No-Fb),IG9567,GameCourt 2 M CBLACK/CBLACK/GREFOU,Black,,4066756667504,196464980894,7, 38.5 , 70.0 ,USD,0, $30.99 
Footwear,Mens,Adult,Tennis,Shoes - Low (No-Fb),IG9567,GameCourt 2 M CBLACK/CBLACK/GREFOU,Black,,4066756667320,196464977542,7-, 38.5 , 70.0 ,USD,0, $30.99 
Footwear,Mens,Adult,Tennis,Shoes - Low (No-Fb),IG9567,GameCourt 2 M CBLACK/CBLACK/GREFOU,Black,,4066756671129,196464980924,8, 38.5 , 70.0 ,USD,0, $30.99 
Footwear,Mens,Adult,Tennis,Shoes - Low (No-Fb),IG9567,GameCourt 2 M CBLACK/CBLACK/GREFOU,Black,,4066756667474,196464980863,8-, 38.5 , 70.0 ,USD,0, $30.99 
Footwear,Mens,Adult,Tennis,Shoes - Low (No-Fb),IG9567,GameCourt 2 M CBLACK/CBLACK/GREFOU,Black,,4066756667443,196464980832,9, 38.5 , 70.0 ,USD,0, $30.99 
Footwear,Mens,Adult,Tennis,Shoes - Low (No-Fb),IG9567,GameCourt 2 M CBLACK/CBLACK/GREFOU,Black,,4066756671136,196464980931,9-, 38.5 , 70.0 ,USD,18, $30.99 
Footwear,Mens,Adult,Tennis,Shoes - Low (No-Fb),IG9567,GameCourt 2 M CBLACK/CBLACK/GREFOU,Black,,4066756667344,196464977566,10, 38.5 , 70.0 ,USD,10, $30.99 
Footwear,Mens,Adult,Tennis,Shoes - Low (No-Fb),IG9567,GameCourt 2 M CBLACK/CBLACK/GREFOU,Black,,4066756667467,196464980856,10-, 38.5 , 70.0 ,USD,122, $30.99 
Footwear,Mens,Adult,Tennis,Shoes - Low (No-Fb),IG9567,GameCourt 2 M CBLACK/CBLACK/GREFOU,Black,,4066756667481,196464980870,11, 38.5 , 70.0 ,USD,0, $30.99 
Footwear,Mens,Adult,Tennis,Shoes - Low (No-Fb),IG9567,GameCourt 2 M CBLACK/CBLACK/GREFOU,Black,,4066756671112,196464980917,11-, 38.5 , 70.0 ,USD,70, $30.99 
Footwear,Mens,Adult,Tennis,Shoes - Low (No-Fb),IG9567,GameCourt 2 M CBLACK/CBLACK/GREFOU,Black,,4066756667313,196464977535,12, 38.5 , 70.0 ,USD,0, $30.99 
Footwear,Mens,Adult,Tennis,Shoes - Low (No-Fb),IG9567,GameCourt 2 M CBLACK/CBLACK/GREFOU,Black,,4066756667405,196464980795,12-, 38.5 , 70.0 ,USD,0, $30.99 
Footwear,Mens,Adult,Tennis,Shoes - Low (No-Fb),IG9567,GameCourt 2 M CBLACK/CBLACK/GREFOU,Black,,4066756667368,196464977580,13, 38.5 , 70.0 ,USD,0, $30.99 
Footwear,Mens,Adult,Tennis,Shoes - Low (No-Fb),IG9567,GameCourt 2 M CBLACK/CBLACK/GREFOU,Black,,4066756667351,196464977573,13-, 38.5 , 70.0 ,USD,0, $30.99 
Footwear,Mens,Adult,Tennis,Shoes - Low (No-Fb),IG9567,GameCourt 2 M CBLACK/CBLACK/GREFOU,Black,,4066756667382,196464977603,14, 38.5 , 70.0 ,USD,5, $30.99 
Footwear,Mens,Adult,Tennis,Shoes - Low (No-Fb),IG9567,GameCourt 2 M CBLACK/CBLACK/GREFOU,Black,,4066756667337,196464977559,14-, 38.5 , 70.0 ,USD,0, $30.99 
Footwear,Mens,Adult,Tennis,Shoes - Low (No-Fb),IG9567,GameCourt 2 M CBLACK/CBLACK/GREFOU,Black,,4066756667375,196464977597,15, 38.5 , 70.0 ,USD,0, $30.99 
Footwear,Mens,Adult,Tennis,Shoes - Low (No-Fb),IG9567,GameCourt 2 M CBLACK/CBLACK/GREFOU,Black,,4066756667429,196464980818,16, 38.5 , 70.0 ,USD,0, $30.99 
Apparel,Womens,Adult,Soccer,Tracksuit Pants,HS3540,TIRO23 L PNT W BLACK/WHITE,Black,,4066745726144,195744982092,2XS, 25.0 , 50.0 ,USD,0, $20.13 
Apparel,Womens,Adult,Soccer,Tracksuit Pants,HS3540,TIRO23 L PNT W BLACK/WHITE,Black,,4066745726113,195744978675,XS, 25.0 , 50.0 ,USD,300+, $20.13 
Apparel,Womens,Adult,Soccer,Tracksuit Pants,HS3540,TIRO23 L PNT W BLACK/WHITE,Black,,4066745726120,195744978682,S, 25.0 , 50.0 ,USD,300+, $20.13 
Apparel,Womens,Adult,Soccer,Tracksuit Pants,HS3540,TIRO23 L PNT W BLACK/WHITE,Black,,4066745726212,195744982139,M, 25.0 , 50.0 ,USD,300+, $20.13 
Apparel,Womens,Adult,Soccer,Tracksuit Pants,HS3540,TIRO23 L PNT W BLACK/WHITE,Black,,4066745726281,195744982207,L, 25.0 , 50.0 ,USD,0, $20.13 
Apparel,Womens,Adult,Soccer,Tracksuit Pants,HS3540,TIRO23 L PNT W BLACK/WHITE,Black,,4066745726854,195744982290,XL, 25.0 , 50.0 ,USD,0, $20.13 
Apparel,Womens,Adult,Soccer,Tracksuit Pants,HS3540,TIRO23 L PNT W BLACK/WHITE,Black,,4066745726809,195744982214,2XL, 25.0 , 50.0 ,USD,0, $20.13 
Apparel,Womens,Adult,Soccer,Tracksuit Pants,HS3540,TIRO23 L PNT W BLACK/WHITE,Black,,4066745726137,195744978699,ST, 25.0 , 50.0 ,USD,0, $20.13 
Apparel,Womens,Adult,Soccer,Tracksuit Pants,HS3540,TIRO23 L PNT W BLACK/WHITE,Black,,4066745726816,195744982252,MT, 25.0 , 50.0 ,USD,0, $20.13 
Apparel,Womens,Adult,Soccer,Tracksuit Pants,HS3540,TIRO23 L PNT W BLACK/WHITE,Black,,4066745726823,195744982269,LT, 25.0 , 50.0 ,USD,0, $20.13 
Apparel,Womens,Adult,Soccer,Tracksuit Pants,HS3540,TIRO23 L PNT W BLACK/WHITE,Black,,4066745726243,195744982160,XLT, 25.0 , 50.0 ,USD,1, $20.13 
Apparel,Womens,Adult,Soccer,Tracksuit Pants,HS3540,TIRO23 L PNT W BLACK/WHITE,Black,,4066745726847,195744982283,2XLT, 25.0 , 50.0 ,USD,0, $20.13 
Apparel,Womens,Adult,Soccer,Tracksuit Pants,HS3540,TIRO23 L PNT W BLACK/WHITE,Black,,4066745726830,195744982276,ST2, 25.0 , 50.0 ,USD,0, $20.13 
Apparel,Womens,Adult,Soccer,Tracksuit Pants,HS3540,TIRO23 L PNT W BLACK/WHITE,Black,,4066745726229,195744982146,MT2, 25.0 , 50.0 ,USD,0, $20.13 
Apparel,Womens,Adult,Soccer,Tracksuit Pants,HS3540,TIRO23 L PNT W BLACK/WHITE,Black,,4066745726793,195744982245,LT2, 25.0 , 50.0 ,USD,0, $20.13 
Apparel,Womens,Adult,Not Sports Specific,Sweatsh. (Long Sl.),IY3696,W SL FC SWT IN BLACK/WHITE,Black,,4067898787075,197611557389,1X, 22.5 , 45.0 ,USD,0, $18.11 
Apparel,Womens,Adult,Not Sports Specific,Sweatsh. (Long Sl.),IY3696,W SL FC SWT IN BLACK/WHITE,Black,,4067898787068,197611554708,2X, 22.5 , 45.0 ,USD,0, $18.11 
Apparel,Womens,Adult,Not Sports Specific,Sweatsh. (Long Sl.),IY3696,W SL FC SWT IN BLACK/WHITE,Black,,4067898787044,197611554685,3X, 22.5 , 45.0 ,USD,6, $18.11 
Apparel,Womens,Adult,Not Sports Specific,Sweatsh. (Long Sl.),IY3696,W SL FC SWT IN BLACK/WHITE,Black,,4067898787051,197611554692,4X, 22.5 , 45.0 ,USD,0, $18.11 
Footwear,Womens,Adult,Originals,Shoes - Low (No-Fb),JI2654,HANDBALL SPEZIAL W LUCPNK/FTWWHT/GOLDMT,,,4067892223135,197615384769,5, 60.5 , 110.0 ,USD,2, $48.70 
Footwear,Womens,Adult,Originals,Shoes - Low (No-Fb),JI2654,HANDBALL SPEZIAL W LUCPNK/FTWWHT/GOLDMT,,,4067892220592,197615384615,5-, 60.5 , 110.0 ,USD,2, $48.70 
Footwear,Womens,Adult,Originals,Shoes - Low (No-Fb),JI2654,HANDBALL SPEZIAL W LUCPNK/FTWWHT/GOLDMT,,,4067892220639,197615384660,6, 60.5 , 110.0 ,USD,2, $48.70 
Footwear,Womens,Adult,Originals,Shoes - Low (No-Fb),JI2654,HANDBALL SPEZIAL W LUCPNK/FTWWHT/GOLDMT,,,4067892220653,197615384684,6-, 60.5 , 110.0 ,USD,2, $48.70 
Footwear,Womens,Adult,Originals,Shoes - Low (No-Fb),JI2654,HANDBALL SPEZIAL W LUCPNK/FTWWHT/GOLDMT,,,4067892220530,197615381201,7, 60.5 , 110.0 ,USD,0, $48.70 
Footwear,Womens,Adult,Originals,Shoes - Low (No-Fb),JI2654,HANDBALL SPEZIAL W LUCPNK/FTWWHT/GOLDMT,,,4067892223111,197615384745,7-, 60.5 , 110.0 ,USD,2, $48.70 
Footwear,Womens,Adult,Originals,Shoes - Low (No-Fb),JI2654,HANDBALL SPEZIAL W LUCPNK/FTWWHT/GOLDMT,,,4067892223128,197615384752,8, 60.5 , 110.0 ,USD,1, $48.70 
Footwear,Womens,Adult,Originals,Shoes - Low (No-Fb),JI2654,HANDBALL SPEZIAL W LUCPNK/FTWWHT/GOLDMT,,,4067892220554,197615381225,8-, 60.5 , 110.0 ,USD,0, $48.70 
Footwear,Womens,Adult,Originals,Shoes - Low (No-Fb),JI2654,HANDBALL SPEZIAL W LUCPNK/FTWWHT/GOLDMT,,,4067892223074,197615384714,9, 60.5 , 110.0 ,USD,0, $48.70 
Footwear,Womens,Adult,Originals,Shoes - Low (No-Fb),JI2654,HANDBALL SPEZIAL W LUCPNK/FTWWHT/GOLDMT,,,4067892220585,197615384646,9-, 60.5 , 110.0 ,USD,2, $48.70 
Footwear,Womens,Adult,Originals,Shoes - Low (No-Fb),JI2654,HANDBALL SPEZIAL W LUCPNK/FTWWHT/GOLDMT,,,4067892220561,197615381232,10, 60.5 , 110.0 ,USD,0, $48.70 
Footwear,Womens,Adult,Originals,Shoes - Low (No-Fb),JI2654,HANDBALL SPEZIAL W LUCPNK/FTWWHT/GOLDMT,,,4067892223142,197615384776,10-, 60.5 , 110.0 ,USD,6, $48.70 
Footwear,Womens,Adult,Originals,Shoes - Low (No-Fb),JI2654,HANDBALL SPEZIAL W LUCPNK/FTWWHT/GOLDMT,,,4067892223098,197615384691,11, 60.5 , 110.0 ,USD,6, $48.70 
Footwear,Womens,Adult,Originals,Shoes - Low (No-Fb),JI2654,HANDBALL SPEZIAL W LUCPNK/FTWWHT/GOLDMT,,,4067892223067,197615384707,11-, 60.5 , 110.0 ,USD,6, $48.70 
Footwear,Womens,Adult,Originals,Shoes - Low (No-Fb),JI2654,HANDBALL SPEZIAL W LUCPNK/FTWWHT/GOLDMT,,,4067892220622,197615384653,12, 60.5 , 110.0 ,USD,6, $48.70 
Footwear,Womens,Adult,Originals,Shoes - Low (No-Fb),JI2654,HANDBALL SPEZIAL W LUCPNK/FTWWHT/GOLDMT,,,4067892220646,197615384677,12-, 60.5 , 110.0 ,USD,6, $48.70 
Footwear,Womens,Adult,Originals,Shoes - Low (No-Fb),JI2654,HANDBALL SPEZIAL W LUCPNK/FTWWHT/GOLDMT,,,4067892220608,197615384622,13, 60.5 , 110.0 ,USD,6, $48.70 
Footwear,Womens,Adult,Originals,Shoes - Low (No-Fb),JI2654,HANDBALL SPEZIAL W LUCPNK/FTWWHT/GOLDMT,,,4067892220615,197615384639,13-, 60.5 , 110.0 ,USD,0, $48.70 
Footwear,Womens,Adult,Originals,Shoes - Low (No-Fb),JI2654,HANDBALL SPEZIAL W LUCPNK/FTWWHT/GOLDMT,,,4067892220547,197615381218,14, 60.5 , 110.0 ,USD,0, $48.70 
Footwear,Womens,Adult,Originals,Shoes - Low (No-Fb),JI2654,HANDBALL SPEZIAL W LUCPNK/FTWWHT/GOLDMT,,,4067892223081,197615384721,14-, 60.5 , 110.0 ,USD,0, $48.70 
Footwear,Womens,Adult,Originals,Shoes - Low (No-Fb),JI2654,HANDBALL SPEZIAL W LUCPNK/FTWWHT/GOLDMT,,,4067892223104,197615384738,15, 60.5 , 110.0 ,USD,0, $48.70 
Footwear,Mens,Adult,Running,Shoes - Low (No-Fb),IH7613,SUPERNOVA RISE M FTWWHT/IRONMT/SPARK,White,,4067889092591,196478501917,6-, 77.0 , 140.0 ,USD,0, $61.99 
Footwear,Mens,Adult,Running,Shoes - Low (No-Fb),IH7613,SUPERNOVA RISE M FTWWHT/IRONMT/SPARK,White,,4067889092584,196478501900,7, 77.0 , 140.0 ,USD,0, $61.99 
Footwear,Mens,Adult,Running,Shoes - Low (No-Fb),IH7613,SUPERNOVA RISE M FTWWHT/IRONMT/SPARK,White,,4067889088822,196478498149,7-, 77.0 , 140.0 ,USD,0, $61.99 
Footwear,Mens,Adult,Running,Shoes - Low (No-Fb),IH7613,SUPERNOVA RISE M FTWWHT/IRONMT/SPARK,White,,4067889092454,196478498187,8, 77.0 , 140.0 ,USD,0, $61.99 
Footwear,Mens,Adult,Running,Shoes - Low (No-Fb),IH7613,SUPERNOVA RISE M FTWWHT/IRONMT/SPARK,White,,4067889092553,196478501870,8-, 77.0 , 140.0 ,USD,0, $61.99 
Footwear,Mens,Adult,Running,Shoes - Low (No-Fb),IH7613,SUPERNOVA RISE M FTWWHT/IRONMT/SPARK,White,,4067889092461,196478501825,9, 77.0 , 140.0 ,USD,0, $61.99 
Footwear,Mens,Adult,Running,Shoes - Low (No-Fb),IH7613,SUPERNOVA RISE M FTWWHT/IRONMT/SPARK,White,,4067889092492,196478501801,9-, 77.0 , 140.0 ,USD,2, $61.99 
Footwear,Mens,Adult,Running,Shoes - Low (No-Fb),IH7613,SUPERNOVA RISE M FTWWHT/IRONMT/SPARK,White,,4067889092607,196478501924,10, 77.0 , 140.0 ,USD,0, $61.99 
Footwear,Mens,Adult,Running,Shoes - Low (No-Fb),IH7613,SUPERNOVA RISE M FTWWHT/IRONMT/SPARK,White,,4067889092522,196478501849,10-, 77.0 , 140.0 ,USD,7, $61.99 
Footwear,Mens,Adult,Running,Shoes - Low (No-Fb),IH7613,SUPERNOVA RISE M FTWWHT/IRONMT/SPARK,White,,4067889092447,196478498170,11, 77.0 , 140.0 ,USD,0, $61.99 
Footwear,Mens,Adult,Running,Shoes - Low (No-Fb),IH7613,SUPERNOVA RISE M FTWWHT/IRONMT/SPARK,White,,4067889092508,196478501818,11-, 77.0 , 140.0 ,USD,0, $61.99 
Footwear,Mens,Adult,Running,Shoes - Low (No-Fb),IH7613,SUPERNOVA RISE M FTWWHT/IRONMT/SPARK,White,,4067889088839,196478498156,12, 77.0 , 140.0 ,USD,0, $61.99 
Footwear,Mens,Adult,Running,Shoes - Low (No-Fb),IH7613,SUPERNOVA RISE M FTWWHT/IRONMT/SPARK,White,,4067889092485,196478501795,12-, 77.0 , 140.0 ,USD,0, $61.99 
Footwear,Mens,Adult,Running,Shoes - Low (No-Fb),IH7613,SUPERNOVA RISE M FTWWHT/IRONMT/SPARK,White,,4067889092577,196478501894,13, 77.0 , 140.0 ,USD,0, $61.99 
Footwear,Mens,Adult,Running,Shoes - Low (No-Fb),IH7613,SUPERNOVA RISE M FTWWHT/IRONMT/SPARK,White,,4067889092560,196478501887,14, 77.0 , 140.0 ,USD,0, $61.99 
Footwear,Mens,Adult,Running,Shoes - Low (No-Fb),IH7613,SUPERNOVA RISE M FTWWHT/IRONMT/SPARK,White,,4067889092478,196478498163,15, 77.0 , 140.0 ,USD,0, $61.99 
Footwear,Mens,Adult,Running,Shoes - Low (No-Fb),IH7613,SUPERNOVA RISE M FTWWHT/IRONMT/SPARK,White,,4067889092539,196478501856,16, 77.0 , 140.0 ,USD,0, $61.99 
Footwear,Mens,Adult,Running,Shoes - Low (No-Fb),IH7613,SUPERNOVA RISE M FTWWHT/IRONMT/SPARK,White,,4067889092546,196478501863,17, 77.0 , 140.0 ,USD,0, $61.99 
Footwear,Mens,Adult,Running,Shoes - Low (No-Fb),IH7613,SUPERNOVA RISE M FTWWHT/IRONMT/SPARK,White,,4067889092515,196478501832,18, 77.0 , 140.0 ,USD,0, $61.99 
Apparel,Mens,Junior,Soccer,Jersey (Short Sl.),CF1044,ENTRADA 18 JSYY WHITE/BLACK,White,,4058031570012,191021363684,2XS, 10.0 , 20.0 ,USD,0, $8.05 
Apparel,Mens,Junior,Soccer,Jersey (Short Sl.),CF1044,ENTRADA 18 JSYY WHITE/BLACK,White,,4058031568101,191021363660,XS, 10.0 , 20.0 ,USD,0, $8.05 
Apparel,Mens,Junior,Soccer,Jersey (Short Sl.),CF1044,ENTRADA 18 JSYY WHITE/BLACK,White,,4058031568071,191021363639,S, 10.0 , 20.0 ,USD,43, $8.05 
Apparel,Mens,Junior,Soccer,Jersey (Short Sl.),CF1044,ENTRADA 18 JSYY WHITE/BLACK,White,,4058031568118,191021363677,M, 10.0 , 20.0 ,USD,0, $8.05 
Apparel,Mens,Junior,Soccer,Jersey (Short Sl.),CF1044,ENTRADA 18 JSYY WHITE/BLACK,White,,4058031568095,191021363653,L, 10.0 , 20.0 ,USD,0, $8.05 
Apparel,Mens,Junior,Soccer,Jersey (Short Sl.),CF1044,ENTRADA 18 JSYY WHITE/BLACK,White,,4058031568088,191021363646,XL, 10.0 , 20.0 ,USD,300+, $8.05 
Apparel,Mens,Junior,Soccer,Jersey (Short Sl.),CF1045,ENTRADA 18 JSYY CLBLUE/WHITE,Blue,,4058031530221,191021294513,2XS, 10.0 , 20.0 ,USD,0, $8.05 
Apparel,Mens,Junior,Soccer,Jersey (Short Sl.),CF1045,ENTRADA 18 JSYY CLBLUE/WHITE,Blue,,4058031530245,191021294537,XS, 10.0 , 20.0 ,USD,0, $8.05 
Apparel,Mens,Junior,Soccer,Jersey (Short Sl.),CF1045,ENTRADA 18 JSYY CLBLUE/WHITE,Blue,,4058031530269,191021294551,S, 10.0 , 20.0 ,USD,4, $8.05 
Apparel,Mens,Junior,Soccer,Jersey (Short Sl.),CF1045,ENTRADA 18 JSYY CLBLUE/WHITE,Blue,,4058031530214,191021294506,M, 10.0 , 20.0 ,USD,0, $8.05 
Apparel,Mens,Junior,Soccer,Jersey (Short Sl.),CF1045,ENTRADA 18 JSYY CLBLUE/WHITE,Blue,,4058031530238,191021294520,L, 10.0 , 20.0 ,USD,14, $8.05 
Apparel,Mens,Junior,Soccer,Jersey (Short Sl.),CF1045,ENTRADA 18 JSYY CLBLUE/WHITE,Blue,,4058031530252,191021294544,XL, 10.0 , 20.0 ,USD,20, $8.05 
Apparel,Womens,Adult,Trail Running,Shorts (1/2),JF1255,W XPR SHORTS BLACK,Black,,4067901976410,196476686760,"XS3""", 30.0 , 60.0 ,USD,9, $24.15 
Apparel,Womens,Adult,Trail Running,Shorts (1/2),JF1255,W XPR SHORTS BLACK,Black,,4067901976519,196476686869,"S 3""", 30.0 , 60.0 ,USD,2, $24.15 
Apparel,Womens,Adult,Trail Running,Shorts (1/2),JF1255,W XPR SHORTS BLACK,Black,,4067901945393,196476686722,"M 3""", 30.0 , 60.0 ,USD,0, $24.15 
Apparel,Womens,Adult,Trail Running,Shorts (1/2),JF1255,W XPR SHORTS BLACK,Black,,4067901945331,196476683035,"L 3""", 30.0 , 60.0 ,USD,0, $24.15 
Apparel,Womens,Adult,Trail Running,Shorts (1/2),JF1255,W XPR SHORTS BLACK,Black,,4067901949032,196476686739,"XL3""", 30.0 , 60.0 ,USD,1, $24.15 
Apparel,Womens,Adult,Trail Running,Shorts (1/2),JF1255,W XPR SHORTS BLACK,Black,,4067901976434,196476686784,"XS5""", 30.0 , 60.0 ,USD,33, $24.15 
Apparel,Womens,Adult,Trail Running,Shorts (1/2),JF1255,W XPR SHORTS BLACK,Black,,4067901976526,196476686876,"S 5""", 30.0 , 60.0 ,USD,2, $24.15 
Apparel,Womens,Adult,Trail Running,Shorts (1/2),JF1255,W XPR SHORTS BLACK,Black,,4067901945270,196476682984,"M 5""", 30.0 , 60.0 ,USD,19, $24.15 
Apparel,Womens,Adult,Trail Running,Shorts (1/2),JF1255,W XPR SHORTS BLACK,Black,,4067901976403,196476686753,"L 5""", 30.0 , 60.0 ,USD,6, $24.15 
Apparel,Womens,Adult,Trail Running,Shorts (1/2),JF1255,W XPR SHORTS BLACK,Black,,4067901945416,196476686708,"XL5""", 30.0 , 60.0 ,USD,9, $24.15 
Apparel,Mens,Junior,Soccer,Jersey (Short Sl.),CF1043,ENTRADA 18 JSYY ORANGE/WHITE,Orange,,4058031611999,191021354750,2XS, 10.0 , 20.0 ,USD,0, $8.05 
Apparel,Mens,Junior,Soccer,Jersey (Short Sl.),CF1043,ENTRADA 18 JSYY ORANGE/WHITE,Orange,,4058031612026,191021354781,XS, 10.0 , 20.0 ,USD,4, $8.05 
Apparel,Mens,Junior,Soccer,Jersey (Short Sl.),CF1043,ENTRADA 18 JSYY ORANGE/WHITE,Orange,,4058031612019,191021354774,S, 10.0 , 20.0 ,USD,21, $8.05 
Apparel,Mens,Junior,Soccer,Jersey (Short Sl.),CF1043,ENTRADA 18 JSYY ORANGE/WHITE,Orange,,4058031611982,191021354743,M, 10.0 , 20.0 ,USD,30, $8.05 
Apparel,Mens,Junior,Soccer,Jersey (Short Sl.),CF1043,ENTRADA 18 JSYY ORANGE/WHITE,Orange,,4058031612033,191021354798,L, 10.0 , 20.0 ,USD,35, $8.05 
Apparel,Mens,Junior,Soccer,Jersey (Short Sl.),CF1043,ENTRADA 18 JSYY ORANGE/WHITE,Orange,,4058031612002,191021354767,XL, 10.0 , 20.0 ,USD,14, $8.05 
Footwear,Mens,Adult,Trail Running,Shoes - Low (No-Fb),JR7769,TERREX TRACEFINDER 2 CLIMA CBLACK/CBLACK/SEIMOR,Black,,4067903859414,197613237463,6, 44.0 , 80.0 ,USD,0, $35.42 
Footwear,Mens,Adult,Trail Running,Shoes - Low (No-Fb),JR7769,TERREX TRACEFINDER 2 CLIMA CBLACK/CBLACK/SEIMOR,Black,,4067903859308,197613237357,6-, 44.0 , 80.0 ,USD,0, $35.42 
Footwear,Mens,Adult,Trail Running,Shoes - Low (No-Fb),JR7769,TERREX TRACEFINDER 2 CLIMA CBLACK/CBLACK/SEIMOR,Black,,4067903859292,197613237340,7, 44.0 , 80.0 ,USD,0, $35.42 
Footwear,Mens,Adult,Trail Running,Shoes - Low (No-Fb),JR7769,TERREX TRACEFINDER 2 CLIMA CBLACK/CBLACK/SEIMOR,Black,,4067903859261,197613237302,7-, 44.0 , 80.0 ,USD,0, $35.42 
Footwear,Mens,Adult,Trail Running,Shoes - Low (No-Fb),JR7769,TERREX TRACEFINDER 2 CLIMA CBLACK/CBLACK/SEIMOR,Black,,4067903859377,197613237425,8, 44.0 , 80.0 ,USD,0, $35.42 
Footwear,Mens,Adult,Trail Running,Shoes - Low (No-Fb),JR7769,TERREX TRACEFINDER 2 CLIMA CBLACK/CBLACK/SEIMOR,Black,,4067903859346,197613237395,8-, 44.0 , 80.0 ,USD,0, $35.42 
Footwear,Mens,Adult,Trail Running,Shoes - Low (No-Fb),JR7769,TERREX TRACEFINDER 2 CLIMA CBLACK/CBLACK/SEIMOR,Black,,4067903859391,197613237449,9, 44.0 , 80.0 ,USD,0, $35.42 
Footwear,Mens,Adult,Trail Running,Shoes - Low (No-Fb),JR7769,TERREX TRACEFINDER 2 CLIMA CBLACK/CBLACK/SEIMOR,Black,,4067903859384,197613237432,9-, 44.0 , 80.0 ,USD,0, $35.42 
Footwear,Mens,Adult,Trail Running,Shoes - Low (No-Fb),JR7769,TERREX TRACEFINDER 2 CLIMA CBLACK/CBLACK/SEIMOR,Black,,4067903859315,197613237364,10, 44.0 , 80.0 ,USD,0, $35.42 
Footwear,Mens,Adult,Trail Running,Shoes - Low (No-Fb),JR7769,TERREX TRACEFINDER 2 CLIMA CBLACK/CBLACK/SEIMOR,Black,,4067903859353,197613237401,10-, 44.0 , 80.0 ,USD,0, $35.42 
Footwear,Mens,Adult,Trail Running,Shoes - Low (No-Fb),JR7769,TERREX TRACEFINDER 2 CLIMA CBLACK/CBLACK/SEIMOR,Black,,4067903859278,197613237319,11, 44.0 , 80.0 ,USD,0, $35.42 
Footwear,Mens,Adult,Trail Running,Shoes - Low (No-Fb),JR7769,TERREX TRACEFINDER 2 CLIMA CBLACK/CBLACK/SEIMOR,Black,,4067903859339,197613237388,11-, 44.0 , 80.0 ,USD,8, $35.42 
Footwear,Mens,Adult,Trail Running,Shoes - Low (No-Fb),JR7769,TERREX TRACEFINDER 2 CLIMA CBLACK/CBLACK/SEIMOR,Black,,4067903859285,197613237333,12, 44.0 , 80.0 ,USD,13, $35.42 
Footwear,Mens,Adult,Trail Running,Shoes - Low (No-Fb),JR7769,TERREX TRACEFINDER 2 CLIMA CBLACK/CBLACK/SEIMOR,Black,,4067903859254,197613237296,12-, 44.0 , 80.0 ,USD,0, $35.42 
Footwear,Mens,Adult,Trail Running,Shoes - Low (No-Fb),JR7769,TERREX TRACEFINDER 2 CLIMA CBLACK/CBLACK/SEIMOR,Black,,4067903859407,197613237456,13, 44.0 , 80.0 ,USD,8, $35.42 
Footwear,Mens,Adult,Trail Running,Shoes - Low (No-Fb),JR7769,TERREX TRACEFINDER 2 CLIMA CBLACK/CBLACK/SEIMOR,Black,,4067903859360,197613237418,14, 44.0 , 80.0 ,USD,0, $35.42 
Footwear,Mens,Adult,Trail Running,Shoes - Low (No-Fb),JR7769,TERREX TRACEFINDER 2 CLIMA CBLACK/CBLACK/SEIMOR,Black,,4067903859322,197613237371,15, 44.0 , 80.0 ,USD,0, $35.42 
Footwear,Unisex,Junior,Sportswear,Shoes - Low (No-Fb),JR1421,ULTRADREAM DNA J FTWWHT/FTWWHT/CGREEN,White,,4068805652240,197622291746,3-, 37.5 , 75.0 ,USD,0, $30.19 
Footwear,Unisex,Junior,Sportswear,Shoes - Low (No-Fb),JR1421,ULTRADREAM DNA J FTWWHT/FTWWHT/CGREEN,White,,4068805655883,197622291791,4, 37.5 , 75.0 ,USD,0, $30.19 
Footwear,Unisex,Junior,Sportswear,Shoes - Low (No-Fb),JR1421,ULTRADREAM DNA J FTWWHT/FTWWHT/CGREEN,White,,4068805652271,197622291777,4-, 37.5 , 75.0 ,USD,0, $30.19 
Footwear,Unisex,Junior,Sportswear,Shoes - Low (No-Fb),JR1421,ULTRADREAM DNA J FTWWHT/FTWWHT/CGREEN,White,,4068805652257,197622291753,5, 37.5 , 75.0 ,USD,0, $30.19 
Footwear,Unisex,Junior,Sportswear,Shoes - Low (No-Fb),JR1421,ULTRADREAM DNA J FTWWHT/FTWWHT/CGREEN,White,,4068805655906,197622291814,5-, 37.5 , 75.0 ,USD,0, $30.19 
Footwear,Unisex,Junior,Sportswear,Shoes - Low (No-Fb),JR1421,ULTRADREAM DNA J FTWWHT/FTWWHT/CGREEN,White,,4068805652264,197622291760,6, 37.5 , 75.0 ,USD,0, $30.19 
Footwear,Unisex,Junior,Sportswear,Shoes - Low (No-Fb),JR1421,ULTRADREAM DNA J FTWWHT/FTWWHT/CGREEN,White,,4068805655913,197622291784,6-, 37.5 , 75.0 ,USD,0, $30.19 
Footwear,Unisex,Junior,Sportswear,Shoes - Low (No-Fb),JR1421,ULTRADREAM DNA J FTWWHT/FTWWHT/CGREEN,White,,4068805655890,197622291807,7, 37.5 , 75.0 ,USD,11, $30.19 
Apparel,Mens,Adult,Soccer,Jersey (Short Sl.),GN7487,CAMPEON 21 JSY TMLGBL,Blue,,4064045161757,191985935026,XS, 22.5 , 45.0 ,USD,0, $18.11 
Apparel,Mens,Adult,Soccer,Jersey (Short Sl.),GN7487,CAMPEON 21 JSY TMLGBL,Blue,,4064045158139,191985931400,S, 22.5 , 45.0 ,USD,17, $18.11 
Apparel,Mens,Adult,Soccer,Jersey (Short Sl.),GN7487,CAMPEON 21 JSY TMLGBL,Blue,,4064045161887,191985935156,M, 22.5 , 45.0 ,USD,0, $18.11 
Apparel,Mens,Adult,Soccer,Jersey (Short Sl.),GN7487,CAMPEON 21 JSY TMLGBL,Blue,,4064045158108,191985931370,L, 22.5 , 45.0 ,USD,28, $18.11 
Apparel,Mens,Adult,Soccer,Jersey (Short Sl.),GN7487,CAMPEON 21 JSY TMLGBL,Blue,,4064045161979,191985935248,XL, 22.5 , 45.0 ,USD,0, $18.11 
Apparel,Mens,Adult,Soccer,Jersey (Short Sl.),GN7487,CAMPEON 21 JSY TMLGBL,Blue,,4064045161917,191985935187,2XL, 22.5 , 45.0 ,USD,0, $18.11 
Accessories,Unisex,Adult,Soccer,Ball (Machine-Stitch,JE6460,MESSI CLB FLAAQU/LUCCYA/LUCPNK,,,4068801208885,197621114343,3, 12.5 , 25.0 ,USD,0, $10.06 
Accessories,Unisex,Adult,Soccer,Ball (Machine-Stitch,JE6460,MESSI CLB FLAAQU/LUCCYA/LUCPNK,,,4068801208878,197621114336,4, 12.5 , 25.0 ,USD,1, $10.06 
Accessories,Unisex,Adult,Soccer,Ball (Machine-Stitch,JE6460,MESSI CLB FLAAQU/LUCCYA/LUCPNK,,,4068801208892,197621114350,5, 12.5 , 25.0 ,USD,0, $10.06 
Apparel,Womens,Adult,Soccer,Jersey (Short Sl.),GN5732,CAMPEON 21 JSYW TMLGGR/WHITE,,,4064045270091,194818005231,2XS, 22.5 , 45.0 ,USD,0, $18.11 
Apparel,Womens,Adult,Soccer,Jersey (Short Sl.),GN5732,CAMPEON 21 JSYW TMLGGR/WHITE,,,4064045270046,194818005187,XS, 22.5 , 45.0 ,USD,15, $18.11 
Apparel,Womens,Adult,Soccer,Jersey (Short Sl.),GN5732,CAMPEON 21 JSYW TMLGGR/WHITE,,,4064045270084,194818005224,S, 22.5 , 45.0 ,USD,35, $18.11 
Apparel,Womens,Adult,Soccer,Jersey (Short Sl.),GN5732,CAMPEON 21 JSYW TMLGGR/WHITE,,,4064045270039,194818005170,M, 22.5 , 45.0 ,USD,44, $18.11 
Apparel,Womens,Adult,Soccer,Jersey (Short Sl.),GN5732,CAMPEON 21 JSYW TMLGGR/WHITE,,,4064045270060,194818005200,L, 22.5 , 45.0 ,USD,23, $18.11 
Apparel,Womens,Adult,Soccer,Jersey (Short Sl.),GN5732,CAMPEON 21 JSYW TMLGGR/WHITE,,,4064045270015,194818005163,XL, 22.5 , 45.0 ,USD,6, $18.11 
Apparel,Womens,Adult,Soccer,Jersey (Short Sl.),GN5732,CAMPEON 21 JSYW TMLGGR/WHITE,,,4064045270022,194818005132,2XL, 22.5 , 45.0 ,USD,0, $18.11 
Apparel,Womens,Adult,Soccer,Jersey (Short Sl.),GN5731,CAMPEON 21 JSYW GLOPNK/WHITE,Pink,,4064045304512,191985889732,2XS, 22.5 , 45.0 ,USD,0, $18.11 
Apparel,Womens,Adult,Soccer,Jersey (Short Sl.),GN5731,CAMPEON 21 JSYW GLOPNK/WHITE,Pink,,4064045304536,191985889756,XS, 22.5 , 45.0 ,USD,13, $18.11 
Apparel,Womens,Adult,Soccer,Jersey (Short Sl.),GN5731,CAMPEON 21 JSYW GLOPNK/WHITE,Pink,,4064045304475,191985889695,S, 22.5 , 45.0 ,USD,9, $18.11 
Apparel,Womens,Adult,Soccer,Jersey (Short Sl.),GN5731,CAMPEON 21 JSYW GLOPNK/WHITE,Pink,,4064045304499,191985889718,M, 22.5 , 45.0 ,USD,39, $18.11 
Apparel,Womens,Adult,Soccer,Jersey (Short Sl.),GN5731,CAMPEON 21 JSYW GLOPNK/WHITE,Pink,,4064045304420,191985886045,L, 22.5 , 45.0 ,USD,23, $18.11 
Apparel,Womens,Adult,Soccer,Jersey (Short Sl.),GN5731,CAMPEON 21 JSYW GLOPNK/WHITE,Pink,,4064045304451,191985889664,XL, 22.5 , 45.0 ,USD,6, $18.11 
Apparel,Womens,Adult,Soccer,Jersey (Short Sl.),GN5731,CAMPEON 21 JSYW GLOPNK/WHITE,Pink,,4064045304529,191985889749,2XL, 22.5 , 45.0 ,USD,0, $18.11 
Apparel,Womens,Adult,Hiking,Polarfleece-Full Zip,JV6511,W XPR SO FL H J EARSTR,,,4068811022754,197626593808,XS, 65.0 , 130.0 ,USD,10, $52.33 
Apparel,Womens,Adult,Hiking,Polarfleece-Full Zip,JV6511,W XPR SO FL H J EARSTR,,,4068811022778,197626593822,S, 65.0 , 130.0 ,USD,37, $52.33 
Apparel,Womens,Adult,Hiking,Polarfleece-Full Zip,JV6511,W XPR SO FL H J EARSTR,,,4068811022792,197626593846,M, 65.0 , 130.0 ,USD,50, $52.33 
Apparel,Womens,Adult,Hiking,Polarfleece-Full Zip,JV6511,W XPR SO FL H J EARSTR,,,4068811022785,197626593839,L, 65.0 , 130.0 ,USD,45, $52.33 
Apparel,Womens,Adult,Hiking,Polarfleece-Full Zip,JV6511,W XPR SO FL H J EARSTR,,,4068811022747,197626593792,XL, 65.0 , 130.0 ,USD,26, $52.33 
Apparel,Womens,Adult,Hiking,Polarfleece-Full Zip,JV6511,W XPR SO FL H J EARSTR,,,4068811022761,197626593815,2XL, 65.0 , 130.0 ,USD,9, $52.33 
Footwear,Womens,Adult,Running,Shoes - Low (No-Fb),HP7649,4DFWD 2 W SILVIO/VIOFUS/PULMIN,,,4066748612239,195747933589,5, 110.0 , 200.0 ,USD,0, $88.55 
Footwear,Womens,Adult,Running,Shoes - Low (No-Fb),HP7649,4DFWD 2 W SILVIO/VIOFUS/PULMIN,,,4066748612277,195747937259,5-, 110.0 , 200.0 ,USD,0, $88.55 
Footwear,Womens,Adult,Running,Shoes - Low (No-Fb),HP7649,4DFWD 2 W SILVIO/VIOFUS/PULMIN,,,4066748612192,195747933541,6, 110.0 , 200.0 ,USD,1, $88.55 
Footwear,Womens,Adult,Running,Shoes - Low (No-Fb),HP7649,4DFWD 2 W SILVIO/VIOFUS/PULMIN,,,4066748612260,195747933619,6-, 110.0 , 200.0 ,USD,17, $88.55 
Footwear,Womens,Adult,Running,Shoes - Low (No-Fb),HP7649,4DFWD 2 W SILVIO/VIOFUS/PULMIN,,,4066748612253,195747933602,7, 110.0 , 200.0 ,USD,37, $88.55 
Footwear,Womens,Adult,Running,Shoes - Low (No-Fb),HP7649,4DFWD 2 W SILVIO/VIOFUS/PULMIN,,,4066748612307,195747937242,7-, 110.0 , 200.0 ,USD,32, $88.55 
Footwear,Womens,Adult,Running,Shoes - Low (No-Fb),HP7649,4DFWD 2 W SILVIO/VIOFUS/PULMIN,,,4066748612222,195747933572,8, 110.0 , 200.0 ,USD,7, $88.55 
Footwear,Womens,Adult,Running,Shoes - Low (No-Fb),HP7649,4DFWD 2 W SILVIO/VIOFUS/PULMIN,,,4066748612215,195747933565,8-, 110.0 , 200.0 ,USD,6, $88.55 
Footwear,Womens,Adult,Running,Shoes - Low (No-Fb),HP7649,4DFWD 2 W SILVIO/VIOFUS/PULMIN,,,4066748612185,195747933534,9, 110.0 , 200.0 ,USD,12, $88.55 
Footwear,Womens,Adult,Running,Shoes - Low (No-Fb),HP7649,4DFWD 2 W SILVIO/VIOFUS/PULMIN,,,4066748612178,195747933527,9-, 110.0 , 200.0 ,USD,8, $88.55 
Footwear,Womens,Adult,Running,Shoes - Low (No-Fb),HP7649,4DFWD 2 W SILVIO/VIOFUS/PULMIN,,,4066748612208,195747933558,10, 110.0 , 200.0 ,USD,3, $88.55 
Footwear,Womens,Adult,Running,Shoes - Low (No-Fb),HP7649,4DFWD 2 W SILVIO/VIOFUS/PULMIN,,,4066748612284,195747937228,10-, 110.0 , 200.0 ,USD,0, $88.55 
Footwear,Womens,Adult,Running,Shoes - Low (No-Fb),HP7649,4DFWD 2 W SILVIO/VIOFUS/PULMIN,,,4066748612291,195747937235,11, 110.0 , 200.0 ,USD,0, $88.55 
Footwear,Womens,Adult,Running,Shoes - Low (No-Fb),HP7649,4DFWD 2 W SILVIO/VIOFUS/PULMIN,,,4066748612161,195747933510,11-, 110.0 , 200.0 ,USD,0, $88.55 
Footwear,Womens,Adult,Running,Shoes - Low (No-Fb),HP7649,4DFWD 2 W SILVIO/VIOFUS/PULMIN,,,4066748612246,195747933596,12, 110.0 , 200.0 ,USD,0, $88.55 
Apparel,Mens,Adult,Hiking,Pants (1/1),JL6166,MT LITEFLEX P CARDBO,Beige,,4068811034788,197626781991,XS/S, 42.5 , 85.0 ,USD,0, $34.21 
Apparel,Mens,Adult,Hiking,Pants (1/1),JL6166,MT LITEFLEX P CARDBO,Beige,,4068811034795,197626782004,S/S, 42.5 , 85.0 ,USD,0, $34.21 
Apparel,Mens,Adult,Hiking,Pants (1/1),JL6166,MT LITEFLEX P CARDBO,Beige,,4068811034825,197626782035,M/S, 42.5 , 85.0 ,USD,0, $34.21 
Apparel,Mens,Adult,Hiking,Pants (1/1),JL6166,MT LITEFLEX P CARDBO,Beige,,4068811034726,197626781939,L/S, 42.5 , 85.0 ,USD,0, $34.21 
Apparel,Mens,Adult,Hiking,Pants (1/1),JL6166,MT LITEFLEX P CARDBO,Beige,,4068811034801,197626782011,XL/S, 42.5 , 85.0 ,USD,0, $34.21 
Apparel,Mens,Adult,Hiking,Pants (1/1),JL6166,MT LITEFLEX P CARDBO,Beige,,4068811034689,197626778298,XS, 42.5 , 85.0 ,USD,0, $34.21 
Apparel,Mens,Adult,Hiking,Pants (1/1),JL6166,MT LITEFLEX P CARDBO,Beige,,4068811038496,197626782103,S, 42.5 , 85.0 ,USD,10, $34.21 
Apparel,Mens,Adult,Hiking,Pants (1/1),JL6166,MT LITEFLEX P CARDBO,Beige,,4068811034856,197626782066,M, 42.5 , 85.0 ,USD,18, $34.21 
Apparel,Mens,Adult,Hiking,Pants (1/1),JL6166,MT LITEFLEX P CARDBO,Beige,,4068811034764,197626781977,L, 42.5 , 85.0 ,USD,0, $34.21 
Apparel,Mens,Adult,Hiking,Pants (1/1),JL6166,MT LITEFLEX P CARDBO,Beige,,4068811034719,197626781922,XL, 42.5 , 85.0 ,USD,0, $34.21 
Apparel,Mens,Adult,Hiking,Pants (1/1),JL6166,MT LITEFLEX P CARDBO,Beige,,4068811034672,197626778281,ST, 42.5 , 85.0 ,USD,0, $34.21 
Apparel,Mens,Adult,Hiking,Pants (1/1),JL6166,MT LITEFLEX P CARDBO,Beige,,4068811034665,197626778274,MT, 42.5 , 85.0 ,USD,0, $34.21 
Apparel,Mens,Adult,Hiking,Pants (1/1),JL6166,MT LITEFLEX P CARDBO,Beige,,4068811034870,197626782080,LT, 42.5 , 85.0 ,USD,0, $34.21 
Apparel,Mens,Adult,Hiking,Pants (1/1),JL6166,MT LITEFLEX P CARDBO,Beige,,4068811034832,197626782042,XLT, 42.5 , 85.0 ,USD,0, $34.21 
Apparel,Unisex,Junior,Soccer,Jersey (Short Sl.),HA3558,CON22 MD JSY Y WHITE/WHITE,White,,4065424579163,195733399702,2XS, 25.0 , 50.0 ,USD,0, $20.13 
Apparel,Unisex,Junior,Soccer,Jersey (Short Sl.),HA3558,CON22 MD JSY Y WHITE/WHITE,White,,4065424579200,195733399757,XS, 25.0 , 50.0 ,USD,0, $20.13 
Apparel,Unisex,Junior,Soccer,Jersey (Short Sl.),HA3558,CON22 MD JSY Y WHITE/WHITE,White,,4065424579262,195733399818,S, 25.0 , 50.0 ,USD,0, $20.13 
Apparel,Unisex,Junior,Soccer,Jersey (Short Sl.),HA3558,CON22 MD JSY Y WHITE/WHITE,White,,4065424579279,195733399825,M, 25.0 , 50.0 ,USD,3, $20.13 
Apparel,Unisex,Junior,Soccer,Jersey (Short Sl.),HA3558,CON22 MD JSY Y WHITE/WHITE,White,,4065424579231,195733399788,L, 25.0 , 50.0 ,USD,0, $20.13 
Apparel,Unisex,Junior,Soccer,Jersey (Short Sl.),HA3558,CON22 MD JSY Y WHITE/WHITE,White,,4065424579217,195733399764,XL, 25.0 , 50.0 ,USD,41, $20.13 
Footwear,Unisex,Adult,Soccer,Soccer Shoe-Indoor,IE9094,F50 FREESTYLE 24 MESSI FTWWHT/LUCLEM/UNIPUR,White,,4067897641897,197609911193,6-, 55.0 , 100.0 ,USD,0, $44.28 
Footwear,Unisex,Adult,Soccer,Soccer Shoe-Indoor,IE9094,F50 FREESTYLE 24 MESSI FTWWHT/LUCLEM/UNIPUR,White,,4067897641828,197609911124,7, 55.0 , 100.0 ,USD,0, $44.28 
Footwear,Unisex,Adult,Soccer,Soccer Shoe-Indoor,IE9094,F50 FREESTYLE 24 MESSI FTWWHT/LUCLEM/UNIPUR,White,,4067897638187,197609911087,7-, 55.0 , 100.0 ,USD,13, $44.28 
Footwear,Unisex,Adult,Soccer,Soccer Shoe-Indoor,IE9094,F50 FREESTYLE 24 MESSI FTWWHT/LUCLEM/UNIPUR,White,,4067897641903,197609911957,8, 55.0 , 100.0 ,USD,19, $44.28 
Footwear,Unisex,Adult,Soccer,Soccer Shoe-Indoor,IE9094,F50 FREESTYLE 24 MESSI FTWWHT/LUCLEM/UNIPUR,White,,4067897641859,197609911155,8-, 55.0 , 100.0 ,USD,19, $44.28 
Footwear,Unisex,Adult,Soccer,Soccer Shoe-Indoor,IE9094,F50 FREESTYLE 24 MESSI FTWWHT/LUCLEM/UNIPUR,White,,4067897641910,197609911926,9, 55.0 , 100.0 ,USD,18, $44.28 
Footwear,Unisex,Adult,Soccer,Soccer Shoe-Indoor,IE9094,F50 FREESTYLE 24 MESSI FTWWHT/LUCLEM/UNIPUR,White,,4067897641842,197609911148,9-, 55.0 , 100.0 ,USD,11, $44.28 
Footwear,Unisex,Adult,Soccer,Soccer Shoe-Indoor,IE9094,F50 FREESTYLE 24 MESSI FTWWHT/LUCLEM/UNIPUR,White,,4067897641873,197609911179,10, 55.0 , 100.0 ,USD,12, $44.28 
Footwear,Unisex,Adult,Soccer,Soccer Shoe-Indoor,IE9094,F50 FREESTYLE 24 MESSI FTWWHT/LUCLEM/UNIPUR,White,,4067897641811,197609911094,10-, 55.0 , 100.0 ,USD,20, $44.28 
Footwear,Unisex,Adult,Soccer,Soccer Shoe-Indoor,IE9094,F50 FREESTYLE 24 MESSI FTWWHT/LUCLEM/UNIPUR,White,,4067897641835,197609911131,11, 55.0 , 100.0 ,USD,15, $44.28 
Footwear,Unisex,Adult,Soccer,Soccer Shoe-Indoor,IE9094,F50 FREESTYLE 24 MESSI FTWWHT/LUCLEM/UNIPUR,White,,4067897641804,197609911117,11-, 55.0 , 100.0 ,USD,10, $44.28 
Footwear,Unisex,Adult,Soccer,Soccer Shoe-Indoor,IE9094,F50 FREESTYLE 24 MESSI FTWWHT/LUCLEM/UNIPUR,White,,4067897641880,197609911186,12, 55.0 , 100.0 ,USD,7, $44.28 
Footwear,Unisex,Adult,Soccer,Soccer Shoe-Indoor,IE9094,F50 FREESTYLE 24 MESSI FTWWHT/LUCLEM/UNIPUR,White,,4067897641866,197609911162,12-, 55.0 , 100.0 ,USD,0, $44.28 
Footwear,Unisex,Adult,Soccer,Soccer Shoe-Indoor,IE9094,F50 FREESTYLE 24 MESSI FTWWHT/LUCLEM/UNIPUR,White,,4067897641927,197609911933,13, 55.0 , 100.0 ,USD,6, $44.28 
Footwear,Unisex,Adult,Soccer,Soccer Shoe-Indoor,IE9094,F50 FREESTYLE 24 MESSI FTWWHT/LUCLEM/UNIPUR,White,,4067897641798,197609911100,13-, 55.0 , 100.0 ,USD,0, $44.28 
Apparel,Unisex,Junior,Soccer,Jersey (Short Sl.),HA3559,CON22 MD JSY Y TMLGGR/WHITE,,,4065424560062,195733392604,2XS, 25.0 , 50.0 ,USD,0, $20.13 
Apparel,Unisex,Junior,Soccer,Jersey (Short Sl.),HA3559,CON22 MD JSY Y TMLGGR/WHITE,,,4065424559943,195733389369,XS, 25.0 , 50.0 ,USD,0, $20.13 
Apparel,Unisex,Junior,Soccer,Jersey (Short Sl.),HA3559,CON22 MD JSY Y TMLGGR/WHITE,,,4065424560048,195733392581,S, 25.0 , 50.0 ,USD,25, $20.13 
Apparel,Unisex,Junior,Soccer,Jersey (Short Sl.),HA3559,CON22 MD JSY Y TMLGGR/WHITE,,,4065424560000,195733392543,M, 25.0 , 50.0 ,USD,3, $20.13 
Apparel,Unisex,Junior,Soccer,Jersey (Short Sl.),HA3559,CON22 MD JSY Y TMLGGR/WHITE,,,4065424560093,195733392635,L, 25.0 , 50.0 ,USD,21, $20.13 
Apparel,Unisex,Junior,Soccer,Jersey (Short Sl.),HA3559,CON22 MD JSY Y TMLGGR/WHITE,,,4065424563735,195733392642,XL, 25.0 , 50.0 ,USD,19, $20.13 
Footwear,Womens,Adult,Running,Shoes - Low (No-Fb),HP7646,4DFWD 2 W CRYWHT/SILVIO/BLUDAW,White,,4066748619825,195747941140,5, 110.0 , 200.0 ,USD,0, $88.55 
Footwear,Womens,Adult,Running,Shoes - Low (No-Fb),HP7646,4DFWD 2 W CRYWHT/SILVIO/BLUDAW,White,,4066748616169,195747941119,5-, 110.0 , 200.0 ,USD,4, $88.55 
Footwear,Womens,Adult,Running,Shoes - Low (No-Fb),HP7646,4DFWD 2 W CRYWHT/SILVIO/BLUDAW,White,,4066748616176,195747941126,6, 110.0 , 200.0 ,USD,2, $88.55 
Footwear,Womens,Adult,Running,Shoes - Low (No-Fb),HP7646,4DFWD 2 W CRYWHT/SILVIO/BLUDAW,White,,4066748616091,195747937440,6-, 110.0 , 200.0 ,USD,7, $88.55 
Footwear,Womens,Adult,Running,Shoes - Low (No-Fb),HP7646,4DFWD 2 W CRYWHT/SILVIO/BLUDAW,White,,4066748616152,195747941102,7, 110.0 , 200.0 ,USD,2, $88.55 
Footwear,Womens,Adult,Running,Shoes - Low (No-Fb),HP7646,4DFWD 2 W CRYWHT/SILVIO/BLUDAW,White,,4066748616121,195747941065,7-, 110.0 , 200.0 ,USD,2, $88.55 
Footwear,Womens,Adult,Running,Shoes - Low (No-Fb),HP7646,4DFWD 2 W CRYWHT/SILVIO/BLUDAW,White,,4066748619795,195747941157,8, 110.0 , 200.0 ,USD,2, $88.55 
Footwear,Womens,Adult,Running,Shoes - Low (No-Fb),HP7646,4DFWD 2 W CRYWHT/SILVIO/BLUDAW,White,,4066748616138,195747941072,8-, 110.0 , 200.0 ,USD,2, $88.55 
Footwear,Womens,Adult,Running,Shoes - Low (No-Fb),HP7646,4DFWD 2 W CRYWHT/SILVIO/BLUDAW,White,,4066748616107,195747937457,9, 110.0 , 200.0 ,USD,2, $88.55 
Footwear,Womens,Adult,Running,Shoes - Low (No-Fb),HP7646,4DFWD 2 W CRYWHT/SILVIO/BLUDAW,White,,4066748616077,195747937426,9-, 110.0 , 200.0 ,USD,0, $88.55 
Footwear,Womens,Adult,Running,Shoes - Low (No-Fb),HP7646,4DFWD 2 W CRYWHT/SILVIO/BLUDAW,White,,4066748616114,195747941096,10, 110.0 , 200.0 ,USD,1, $88.55 
Footwear,Womens,Adult,Running,Shoes - Low (No-Fb),HP7646,4DFWD 2 W CRYWHT/SILVIO/BLUDAW,White,,4066748616084,195747937433,10-, 110.0 , 200.0 ,USD,1, $88.55 
Footwear,Womens,Adult,Running,Shoes - Low (No-Fb),HP7646,4DFWD 2 W CRYWHT/SILVIO/BLUDAW,White,,4066748616060,195747937419,11, 110.0 , 200.0 ,USD,0, $88.55 
Footwear,Womens,Adult,Running,Shoes - Low (No-Fb),HP7646,4DFWD 2 W CRYWHT/SILVIO/BLUDAW,White,,4066748616145,195747941089,11-, 110.0 , 200.0 ,USD,0, $88.55 
Footwear,Womens,Adult,Running,Shoes - Low (No-Fb),HP7646,4DFWD 2 W CRYWHT/SILVIO/BLUDAW,White,,4066748616183,195747941133,12, 110.0 , 200.0 ,USD,0, $88.55 
Apparel,Womens,Adult,Hiking,Polarfleece-Full Zip,JV6512,W XPR SO FL H J PREPUR,,,4068811030483,197626601534,XS, 65.0 , 130.0 ,USD,19, $52.33 
Apparel,Womens,Adult,Hiking,Polarfleece-Full Zip,JV6512,W XPR SO FL H J PREPUR,,,4068811030438,197626601480,S, 65.0 , 130.0 ,USD,61, $52.33 
Apparel,Womens,Adult,Hiking,Polarfleece-Full Zip,JV6512,W XPR SO FL H J PREPUR,,,4068811030445,197626601497,M, 65.0 , 130.0 ,USD,66, $52.33 
Apparel,Womens,Adult,Hiking,Polarfleece-Full Zip,JV6512,W XPR SO FL H J PREPUR,,,4068811030469,197626601510,L, 65.0 , 130.0 ,USD,81, $52.33 
Apparel,Womens,Adult,Hiking,Polarfleece-Full Zip,JV6512,W XPR SO FL H J PREPUR,,,4068811030476,197626601527,XL, 65.0 , 130.0 ,USD,48, $52.33 
Apparel,Womens,Adult,Hiking,Polarfleece-Full Zip,JV6512,W XPR SO FL H J PREPUR,,,4068811030452,197626601503,2XL, 65.0 , 130.0 ,USD,25, $52.33 
Footwear,Mens,Adult,Hiking,Shoes - Low (No-Fb),JQ9929,TERREX SKYCHASER GTX CARDBO/CBLACK/LEGIVY,Beige,,4067907628788,197620221660,6, 88.0 , 160.0 ,USD,0, $70.84 
Footwear,Mens,Adult,Hiking,Shoes - Low (No-Fb),JQ9929,TERREX SKYCHASER GTX CARDBO/CBLACK/LEGIVY,Beige,,4067907628795,197620221677,6-, 88.0 , 160.0 ,USD,0, $70.84 
Footwear,Mens,Adult,Hiking,Shoes - Low (No-Fb),JQ9929,TERREX SKYCHASER GTX CARDBO/CBLACK/LEGIVY,Beige,,4067907628863,197620221745,7, 88.0 , 160.0 ,USD,0, $70.84 
Footwear,Mens,Adult,Hiking,Shoes - Low (No-Fb),JQ9929,TERREX SKYCHASER GTX CARDBO/CBLACK/LEGIVY,Beige,,4067907628856,197620221738,7-, 88.0 , 160.0 ,USD,0, $70.84 
Footwear,Mens,Adult,Hiking,Shoes - Low (No-Fb),JQ9929,TERREX SKYCHASER GTX CARDBO/CBLACK/LEGIVY,Beige,,4067907628801,197620221684,8, 88.0 , 160.0 ,USD,1, $70.84 
Footwear,Mens,Adult,Hiking,Shoes - Low (No-Fb),JQ9929,TERREX SKYCHASER GTX CARDBO/CBLACK/LEGIVY,Beige,,4067907628771,197620221653,8-, 88.0 , 160.0 ,USD,0, $70.84 
Footwear,Mens,Adult,Hiking,Shoes - Low (No-Fb),JQ9929,TERREX SKYCHASER GTX CARDBO/CBLACK/LEGIVY,Beige,,4067907628818,197620221691,9, 88.0 , 160.0 ,USD,3, $70.84 
Footwear,Mens,Adult,Hiking,Shoes - Low (No-Fb),JQ9929,TERREX SKYCHASER GTX CARDBO/CBLACK/LEGIVY,Beige,,4067907630637,197620225408,9-, 88.0 , 160.0 ,USD,4, $70.84 
Footwear,Mens,Adult,Hiking,Shoes - Low (No-Fb),JQ9929,TERREX SKYCHASER GTX CARDBO/CBLACK/LEGIVY,Beige,,4067907628900,197620225385,10, 88.0 , 160.0 ,USD,6, $70.84 
Footwear,Mens,Adult,Hiking,Shoes - Low (No-Fb),JQ9929,TERREX SKYCHASER GTX CARDBO/CBLACK/LEGIVY,Beige,,4067907630606,197620225415,10-, 88.0 , 160.0 ,USD,6, $70.84 
Footwear,Mens,Adult,Hiking,Shoes - Low (No-Fb),JQ9929,TERREX SKYCHASER GTX CARDBO/CBLACK/LEGIVY,Beige,,4067907628849,197620221721,11, 88.0 , 160.0 ,USD,5, $70.84 
Footwear,Mens,Adult,Hiking,Shoes - Low (No-Fb),JQ9929,TERREX SKYCHASER GTX CARDBO/CBLACK/LEGIVY,Beige,,4067907628917,197620225392,11-, 88.0 , 160.0 ,USD,2, $70.84 
Footwear,Mens,Adult,Hiking,Shoes - Low (No-Fb),JQ9929,TERREX SKYCHASER GTX CARDBO/CBLACK/LEGIVY,Beige,,4067907628870,197620221752,12, 88.0 , 160.0 ,USD,4, $70.84 
Footwear,Mens,Adult,Hiking,Shoes - Low (No-Fb),JQ9929,TERREX SKYCHASER GTX CARDBO/CBLACK/LEGIVY,Beige,,4067907628887,197620221769,12-, 88.0 , 160.0 ,USD,1, $70.84 
Footwear,Mens,Adult,Hiking,Shoes - Low (No-Fb),JQ9929,TERREX SKYCHASER GTX CARDBO/CBLACK/LEGIVY,Beige,,4067907628894,197620225378,13, 88.0 , 160.0 ,USD,0, $70.84 
Footwear,Mens,Adult,Hiking,Shoes - Low (No-Fb),JQ9929,TERREX SKYCHASER GTX CARDBO/CBLACK/LEGIVY,Beige,,4067907628825,197620221707,14, 88.0 , 160.0 ,USD,0, $70.84 
Footwear,Mens,Adult,Hiking,Shoes - Low (No-Fb),JQ9929,TERREX SKYCHASER GTX CARDBO/CBLACK/LEGIVY,Beige,,4067907628832,197620221714,15, 88.0 , 160.0 ,USD,0, $70.84 
Footwear,Mens,Adult,Hiking,Shoes - Mid (No-Fb),JQ9927,TERREX SKYCHASER MID GTX CARDBO/CBLACK/PRETEA,Beige,,4067907572241,197620171699,6, 99.0 , 180.0 ,USD,7, $79.70 
Footwear,Mens,Adult,Hiking,Shoes - Mid (No-Fb),JQ9927,TERREX SKYCHASER MID GTX CARDBO/CBLACK/PRETEA,Beige,,4067907572180,197620171637,6-, 99.0 , 180.0 ,USD,10, $79.70 
Footwear,Mens,Adult,Hiking,Shoes - Mid (No-Fb),JQ9927,TERREX SKYCHASER MID GTX CARDBO/CBLACK/PRETEA,Beige,,4067907575884,197620171743,7, 99.0 , 180.0 ,USD,18, $79.70 
Footwear,Mens,Adult,Hiking,Shoes - Mid (No-Fb),JQ9927,TERREX SKYCHASER MID GTX CARDBO/CBLACK/PRETEA,Beige,,4067907575891,197620171750,7-, 99.0 , 180.0 ,USD,18, $79.70 
Footwear,Mens,Adult,Hiking,Shoes - Mid (No-Fb),JQ9927,TERREX SKYCHASER MID GTX CARDBO/CBLACK/PRETEA,Beige,,4067907572197,197620171644,8, 99.0 , 180.0 ,USD,36, $79.70 
Footwear,Mens,Adult,Hiking,Shoes - Mid (No-Fb),JQ9927,TERREX SKYCHASER MID GTX CARDBO/CBLACK/PRETEA,Beige,,4067907572234,197620171682,8-, 99.0 , 180.0 ,USD,42, $79.70 
Footwear,Mens,Adult,Hiking,Shoes - Mid (No-Fb),JQ9927,TERREX SKYCHASER MID GTX CARDBO/CBLACK/PRETEA,Beige,,4067907572272,197620171729,9, 99.0 , 180.0 ,USD,66, $79.70 
Footwear,Mens,Adult,Hiking,Shoes - Mid (No-Fb),JQ9927,TERREX SKYCHASER MID GTX CARDBO/CBLACK/PRETEA,Beige,,4067907575938,197620171781,9-, 99.0 , 180.0 ,USD,72, $79.70 
Footwear,Mens,Adult,Hiking,Shoes - Mid (No-Fb),JQ9927,TERREX SKYCHASER MID GTX CARDBO/CBLACK/PRETEA,Beige,,4067907572203,197620171651,10, 99.0 , 180.0 ,USD,82, $79.70 
Footwear,Mens,Adult,Hiking,Shoes - Mid (No-Fb),JQ9927,TERREX SKYCHASER MID GTX CARDBO/CBLACK/PRETEA,Beige,,4067907575914,197620171736,10-, 99.0 , 180.0 ,USD,87, $79.70 
Footwear,Mens,Adult,Hiking,Shoes - Mid (No-Fb),JQ9927,TERREX SKYCHASER MID GTX CARDBO/CBLACK/PRETEA,Beige,,4067907575921,197620171774,11, 99.0 , 180.0 ,USD,79, $79.70 
Footwear,Mens,Adult,Hiking,Shoes - Mid (No-Fb),JQ9927,TERREX SKYCHASER MID GTX CARDBO/CBLACK/PRETEA,Beige,,4067907572173,197620171620,11-, 99.0 , 180.0 ,USD,43, $79.70 
Footwear,Mens,Adult,Hiking,Shoes - Mid (No-Fb),JQ9927,TERREX SKYCHASER MID GTX CARDBO/CBLACK/PRETEA,Beige,,4067907572258,197620171705,12, 99.0 , 180.0 ,USD,61, $79.70 
Footwear,Mens,Adult,Hiking,Shoes - Mid (No-Fb),JQ9927,TERREX SKYCHASER MID GTX CARDBO/CBLACK/PRETEA,Beige,,4067907572265,197620171712,12-, 99.0 , 180.0 ,USD,4, $79.70 
Footwear,Mens,Adult,Hiking,Shoes - Mid (No-Fb),JQ9927,TERREX SKYCHASER MID GTX CARDBO/CBLACK/PRETEA,Beige,,4067907572227,197620171675,13, 99.0 , 180.0 ,USD,45, $79.70 
Footwear,Mens,Adult,Hiking,Shoes - Mid (No-Fb),JQ9927,TERREX SKYCHASER MID GTX CARDBO/CBLACK/PRETEA,Beige,,4067907575907,197620171767,14, 99.0 , 180.0 ,USD,16, $79.70 
Footwear,Mens,Adult,Hiking,Shoes - Mid (No-Fb),JQ9927,TERREX SKYCHASER MID GTX CARDBO/CBLACK/PRETEA,Beige,,4067907572210,197620171668,15, 99.0 , 180.0 ,USD,7, $79.70 
Apparel,Mens,Junior,Soccer,Jersey (Short Sl.),GK9151,SQUAD 21 JSY Y ROYBLU/WHITE,Blue,,4064045147492,194818013175,2XS, 15.0 , 30.0 ,USD,0, $12.08 
Apparel,Mens,Junior,Soccer,Jersey (Short Sl.),GK9151,SQUAD 21 JSY Y ROYBLU/WHITE,Blue,,4064045147423,194818013106,XS, 15.0 , 30.0 ,USD,0, $12.08 
Apparel,Mens,Junior,Soccer,Jersey (Short Sl.),GK9151,SQUAD 21 JSY Y ROYBLU/WHITE,Blue,,4064045147539,194818013212,S, 15.0 , 30.0 ,USD,1, $12.08 
Apparel,Mens,Junior,Soccer,Jersey (Short Sl.),GK9151,SQUAD 21 JSY Y ROYBLU/WHITE,Blue,,4064045147430,194818013113,M, 15.0 , 30.0 ,USD,16, $12.08 
Apparel,Mens,Junior,Soccer,Jersey (Short Sl.),GK9151,SQUAD 21 JSY Y ROYBLU/WHITE,Blue,,4064045147560,194818013243,L, 15.0 , 30.0 ,USD,26, $12.08 
Apparel,Mens,Junior,Soccer,Jersey (Short Sl.),GK9151,SQUAD 21 JSY Y ROYBLU/WHITE,Blue,,4064045147447,194818013120,XL, 15.0 , 30.0 ,USD,2, $12.08 
Footwear,Womens,Adult,Originals,Shoes - Low (No-Fb),JI2651,HANDBALL SPEZIAL W WARSAN/CLPINK/GUM5,,,4067892096036,197615235818,5, 60.5 , 110.0 ,USD,0, $48.70 
Footwear,Womens,Adult,Originals,Shoes - Low (No-Fb),JI2651,HANDBALL SPEZIAL W WARSAN/CLPINK/GUM5,,,4067892099747,197615235931,5-, 60.5 , 110.0 ,USD,0, $48.70 
Footwear,Womens,Adult,Originals,Shoes - Low (No-Fb),JI2651,HANDBALL SPEZIAL W WARSAN/CLPINK/GUM5,,,4067892099730,197615235894,6, 60.5 , 110.0 ,USD,0, $48.70 
Footwear,Womens,Adult,Originals,Shoes - Low (No-Fb),JI2651,HANDBALL SPEZIAL W WARSAN/CLPINK/GUM5,,,4067892099709,197615235900,6-, 60.5 , 110.0 ,USD,0, $48.70 
Footwear,Womens,Adult,Originals,Shoes - Low (No-Fb),JI2651,HANDBALL SPEZIAL W WARSAN/CLPINK/GUM5,,,4067892095978,197615232169,7, 60.5 , 110.0 ,USD,5, $48.70 
Footwear,Womens,Adult,Originals,Shoes - Low (No-Fb),JI2651,HANDBALL SPEZIAL W WARSAN/CLPINK/GUM5,,,4067892095992,197615232183,7-, 60.5 , 110.0 ,USD,8, $48.70 
Footwear,Womens,Adult,Originals,Shoes - Low (No-Fb),JI2651,HANDBALL SPEZIAL W WARSAN/CLPINK/GUM5,,,4067892096043,197615235825,8, 60.5 , 110.0 ,USD,10, $48.70 
Footwear,Womens,Adult,Originals,Shoes - Low (No-Fb),JI2651,HANDBALL SPEZIAL W WARSAN/CLPINK/GUM5,,,4067892095985,197615232176,8-, 60.5 , 110.0 ,USD,1, $48.70 
Footwear,Womens,Adult,Originals,Shoes - Low (No-Fb),JI2651,HANDBALL SPEZIAL W WARSAN/CLPINK/GUM5,,,4067892099716,197615235917,9, 60.5 , 110.0 ,USD,10, $48.70 
Footwear,Womens,Adult,Originals,Shoes - Low (No-Fb),JI2651,HANDBALL SPEZIAL W WARSAN/CLPINK/GUM5,,,4067892096012,197615232206,9-, 60.5 , 110.0 ,USD,0, $48.70 
Footwear,Womens,Adult,Originals,Shoes - Low (No-Fb),JI2651,HANDBALL SPEZIAL W WARSAN/CLPINK/GUM5,,,4067892099778,197615235962,10, 60.5 , 110.0 ,USD,0, $48.70 
Footwear,Womens,Adult,Originals,Shoes - Low (No-Fb),JI2651,HANDBALL SPEZIAL W WARSAN/CLPINK/GUM5,,,4067892096074,197615235863,10-, 60.5 , 110.0 ,USD,0, $48.70 
Footwear,Womens,Adult,Originals,Shoes - Low (No-Fb),JI2651,HANDBALL SPEZIAL W WARSAN/CLPINK/GUM5,,,4067892096081,197615235870,11, 60.5 , 110.0 ,USD,0, $48.70 
Footwear,Womens,Adult,Originals,Shoes - Low (No-Fb),JI2651,HANDBALL SPEZIAL W WARSAN/CLPINK/GUM5,,,4067892099761,197615235955,11-, 60.5 , 110.0 ,USD,0, $48.70 
Footwear,Womens,Adult,Originals,Shoes - Low (No-Fb),JI2651,HANDBALL SPEZIAL W WARSAN/CLPINK/GUM5,,,4067892096067,197615235856,12, 60.5 , 110.0 ,USD,0, $48.70 
Footwear,Womens,Adult,Originals,Shoes - Low (No-Fb),JI2651,HANDBALL SPEZIAL W WARSAN/CLPINK/GUM5,,,4067892096098,197615235887,12-, 60.5 , 110.0 ,USD,0, $48.70 
Footwear,Womens,Adult,Originals,Shoes - Low (No-Fb),JI2651,HANDBALL SPEZIAL W WARSAN/CLPINK/GUM5,,,4067892095961,197615232152,13, 60.5 , 110.0 ,USD,0, $48.70 
Footwear,Womens,Adult,Originals,Shoes - Low (No-Fb),JI2651,HANDBALL SPEZIAL W WARSAN/CLPINK/GUM5,,,4067892099723,197615235924,13-, 60.5 , 110.0 ,USD,0, $48.70 
Footwear,Womens,Adult,Originals,Shoes - Low (No-Fb),JI2651,HANDBALL SPEZIAL W WARSAN/CLPINK/GUM5,,,4067892096029,197615235849,14, 60.5 , 110.0 ,USD,0, $48.70 
Footwear,Womens,Adult,Originals,Shoes - Low (No-Fb),JI2651,HANDBALL SPEZIAL W WARSAN/CLPINK/GUM5,,,4067892096005,197615232190,14-, 60.5 , 110.0 ,USD,0, $48.70 
Footwear,Womens,Adult,Originals,Shoes - Low (No-Fb),JI2651,HANDBALL SPEZIAL W WARSAN/CLPINK/GUM5,,,4067892096050,197615235832,15, 60.5 , 110.0 ,USD,0, $48.70 
Apparel,Womens,Adult,Hiking,Polarfleece-Half Zip,JD3946,W MT CW HZ T FL PREPUR,,,4068811057404,197626628456,XS, 27.5 , 55.0 ,USD,0, $22.14 
Apparel,Womens,Adult,Hiking,Polarfleece-Half Zip,JD3946,W MT CW HZ T FL PREPUR,,,4068811057435,197626628487,S, 27.5 , 55.0 ,USD,7, $22.14 
Apparel,Womens,Adult,Hiking,Polarfleece-Half Zip,JD3946,W MT CW HZ T FL PREPUR,,,4068811061043,197626628494,M, 27.5 , 55.0 ,USD,25, $22.14 
Apparel,Womens,Adult,Hiking,Polarfleece-Half Zip,JD3946,W MT CW HZ T FL PREPUR,,,4068811057411,197626628463,L, 27.5 , 55.0 ,USD,11, $22.14 
Apparel,Womens,Adult,Hiking,Polarfleece-Half Zip,JD3946,W MT CW HZ T FL PREPUR,,,4068811057428,197626628470,XL, 27.5 , 55.0 ,USD,0, $22.14 
Apparel,Womens,Adult,Hiking,Polarfleece-Half Zip,JD3946,W MT CW HZ T FL PREPUR,,,4068811057398,197626628449,2XL, 27.5 , 55.0 ,USD,10, $22.14 
Apparel,Womens,Adult,Hiking,Polarfleece-Half Zip,JN3865,W MT CW HZ T FL EARSTR/EARSTR,,,4068811019471,197626766684,XS, 27.5 , 55.0 ,USD,2, $22.14 
Apparel,Womens,Adult,Hiking,Polarfleece-Half Zip,JN3865,W MT CW HZ T FL EARSTR/EARSTR,,,4068811019518,197626766721,S, 27.5 , 55.0 ,USD,10, $22.14 
Apparel,Womens,Adult,Hiking,Polarfleece-Half Zip,JN3865,W MT CW HZ T FL EARSTR/EARSTR,,,4068811023126,197626766738,M, 27.5 , 55.0 ,USD,26, $22.14 
Apparel,Womens,Adult,Hiking,Polarfleece-Half Zip,JN3865,W MT CW HZ T FL EARSTR/EARSTR,,,4068811019501,197626766714,L, 27.5 , 55.0 ,USD,24, $22.14 
Apparel,Womens,Adult,Hiking,Polarfleece-Half Zip,JN3865,W MT CW HZ T FL EARSTR/EARSTR,,,4068811019495,197626766707,XL, 27.5 , 55.0 ,USD,21, $22.14 
Apparel,Womens,Adult,Hiking,Polarfleece-Half Zip,JN3865,W MT CW HZ T FL EARSTR/EARSTR,,,4068811019488,197626766691,2XL, 27.5 , 55.0 ,USD,20, $22.14 
Footwear,Mens,Adult,Tennis,Shoes - Low (No-Fb),JP7237,Barricade 13 M Leather GOLDMT/FTWWHT/FTWWHT,Gold,,4068802980995,197620564071,6-, 88.0 , 160.0 ,USD,2, $70.84 
Footwear,Mens,Adult,Tennis,Shoes - Low (No-Fb),JP7237,Barricade 13 M Leather GOLDMT/FTWWHT/FTWWHT,Gold,,4068802984689,197620564163,7, 88.0 , 160.0 ,USD,5, $70.84 
Footwear,Mens,Adult,Tennis,Shoes - Low (No-Fb),JP7237,Barricade 13 M Leather GOLDMT/FTWWHT/FTWWHT,Gold,,4068802981022,197620564101,7-, 88.0 , 160.0 ,USD,5, $70.84 
Footwear,Mens,Adult,Tennis,Shoes - Low (No-Fb),JP7237,Barricade 13 M Leather GOLDMT/FTWWHT/FTWWHT,Gold,,4068802980957,197620564026,8, 88.0 , 160.0 ,USD,13, $70.84 
Footwear,Mens,Adult,Tennis,Shoes - Low (No-Fb),JP7237,Barricade 13 M Leather GOLDMT/FTWWHT/FTWWHT,Gold,,4068802981008,197620564088,8-, 88.0 , 160.0 ,USD,6, $70.84 
Footwear,Mens,Adult,Tennis,Shoes - Low (No-Fb),JP7237,Barricade 13 M Leather GOLDMT/FTWWHT/FTWWHT,Gold,,4068802984665,197620564149,9, 88.0 , 160.0 ,USD,0, $70.84 
Footwear,Mens,Adult,Tennis,Shoes - Low (No-Fb),JP7237,Barricade 13 M Leather GOLDMT/FTWWHT/FTWWHT,Gold,,4068802980988,197620564064,9-, 88.0 , 160.0 ,USD,0, $70.84 
Footwear,Mens,Adult,Tennis,Shoes - Low (No-Fb),JP7237,Barricade 13 M Leather GOLDMT/FTWWHT/FTWWHT,Gold,,4068802980964,197620564033,10, 88.0 , 160.0 ,USD,0, $70.84 
Footwear,Mens,Adult,Tennis,Shoes - Low (No-Fb),JP7237,Barricade 13 M Leather GOLDMT/FTWWHT/FTWWHT,Gold,,4068802984702,197620564187,10-, 88.0 , 160.0 ,USD,0, $70.84 
Footwear,Mens,Adult,Tennis,Shoes - Low (No-Fb),JP7237,Barricade 13 M Leather GOLDMT/FTWWHT/FTWWHT,Gold,,4068802980940,197620564019,11, 88.0 , 160.0 ,USD,3, $70.84 
Footwear,Mens,Adult,Tennis,Shoes - Low (No-Fb),JP7237,Barricade 13 M Leather GOLDMT/FTWWHT/FTWWHT,Gold,,4068802984696,197620564170,11-, 88.0 , 160.0 ,USD,17, $70.84 
Footwear,Mens,Adult,Tennis,Shoes - Low (No-Fb),JP7237,Barricade 13 M Leather GOLDMT/FTWWHT/FTWWHT,Gold,,4068802981039,197620564118,12, 88.0 , 160.0 ,USD,2, $70.84 
Footwear,Mens,Adult,Tennis,Shoes - Low (No-Fb),JP7237,Barricade 13 M Leather GOLDMT/FTWWHT/FTWWHT,Gold,,4068802980971,197620564057,12-, 88.0 , 160.0 ,USD,0, $70.84 
Footwear,Mens,Adult,Tennis,Shoes - Low (No-Fb),JP7237,Barricade 13 M Leather GOLDMT/FTWWHT/FTWWHT,Gold,,4068802981053,197620564132,13, 88.0 , 160.0 ,USD,0, $70.84 
Footwear,Mens,Adult,Tennis,Shoes - Low (No-Fb),JP7237,Barricade 13 M Leather GOLDMT/FTWWHT/FTWWHT,Gold,,4068802981015,197620564095,13-, 88.0 , 160.0 ,USD,0, $70.84 
Footwear,Mens,Adult,Tennis,Shoes - Low (No-Fb),JP7237,Barricade 13 M Leather GOLDMT/FTWWHT/FTWWHT,Gold,,4068802984719,197620564194,14, 88.0 , 160.0 ,USD,0, $70.84 
Footwear,Mens,Adult,Tennis,Shoes - Low (No-Fb),JP7237,Barricade 13 M Leather GOLDMT/FTWWHT/FTWWHT,Gold,,4068802981046,197620564125,14-, 88.0 , 160.0 ,USD,0, $70.84 
Footwear,Mens,Adult,Tennis,Shoes - Low (No-Fb),JP7237,Barricade 13 M Leather GOLDMT/FTWWHT/FTWWHT,Gold,,4068802984672,197620564156,16, 88.0 , 160.0 ,USD,0, $70.84 
Apparel,Womens,Adult,Hiking,Polarfleece-Half Zip,JN3868,W MT CW HZ T FL PRETEA,,,4068811035136,197626701708,XS, 27.5 , 55.0 ,USD,4, $22.14 
Apparel,Womens,Adult,Hiking,Polarfleece-Half Zip,JN3868,W MT CW HZ T FL PRETEA,,,4068811035150,197626701722,S, 27.5 , 55.0 ,USD,10, $22.14 
Apparel,Womens,Adult,Hiking,Polarfleece-Half Zip,JN3868,W MT CW HZ T FL PRETEA,,,4068811035181,197626701753,M, 27.5 , 55.0 ,USD,15, $22.14 
Apparel,Womens,Adult,Hiking,Polarfleece-Half Zip,JN3868,W MT CW HZ T FL PRETEA,,,4068811035174,197626701746,L, 27.5 , 55.0 ,USD,17, $22.14 
Apparel,Womens,Adult,Hiking,Polarfleece-Half Zip,JN3868,W MT CW HZ T FL PRETEA,,,4068811035143,197626701715,XL, 27.5 , 55.0 ,USD,9, $22.14 
Apparel,Womens,Adult,Hiking,Polarfleece-Half Zip,JN3868,W MT CW HZ T FL PRETEA,,,4068811035167,197626701739,2XL, 27.5 , 55.0 ,USD,0, $22.14 
Apparel,Mens,Junior,Soccer,Jersey (Short Sl.),GN5743,SQUAD 21 JSY Y TEAGRN/WHITE,Green,,4064045143357,191985970492,2XS, 15.0 , 30.0 ,USD,0, $12.08 
Apparel,Mens,Junior,Soccer,Jersey (Short Sl.),GN5743,SQUAD 21 JSY Y TEAGRN/WHITE,Green,,4064045143364,191985970508,XS, 15.0 , 30.0 ,USD,9, $12.08 
Apparel,Mens,Junior,Soccer,Jersey (Short Sl.),GN5743,SQUAD 21 JSY Y TEAGRN/WHITE,Green,,4064045143296,191985970430,S, 15.0 , 30.0 ,USD,300+, $12.08 
Apparel,Mens,Junior,Soccer,Jersey (Short Sl.),GN5743,SQUAD 21 JSY Y TEAGRN/WHITE,Green,,4064045139633,191985970379,M, 15.0 , 30.0 ,USD,300+, $12.08 
Apparel,Mens,Junior,Soccer,Jersey (Short Sl.),GN5743,SQUAD 21 JSY Y TEAGRN/WHITE,Green,,4064045139664,191985970409,L, 15.0 , 30.0 ,USD,300+, $12.08 
Apparel,Mens,Junior,Soccer,Jersey (Short Sl.),GN5743,SQUAD 21 JSY Y TEAGRN/WHITE,Green,,4064045143333,191985970478,XL, 15.0 , 30.0 ,USD,14, $12.08 
Apparel,Mens,Junior,Soccer,Jersey (Short Sl.),GN5746,SQUAD 21 JSY Y TMPWRD/WHITE,Red,,4064045212732,194818078655,2XS, 15.0 , 30.0 ,USD,3, $12.08 
Apparel,Mens,Junior,Soccer,Jersey (Short Sl.),GN5746,SQUAD 21 JSY Y TMPWRD/WHITE,Red,,4064045212688,194818078600,XS, 15.0 , 30.0 ,USD,0, $12.08 
Apparel,Mens,Junior,Soccer,Jersey (Short Sl.),GN5746,SQUAD 21 JSY Y TMPWRD/WHITE,Red,,4064045212633,194818078556,S, 15.0 , 30.0 ,USD,294, $12.08 
Apparel,Mens,Junior,Soccer,Jersey (Short Sl.),GN5746,SQUAD 21 JSY Y TMPWRD/WHITE,Red,,4064045212664,194818078587,M, 15.0 , 30.0 ,USD,300+, $12.08 
Apparel,Mens,Junior,Soccer,Jersey (Short Sl.),GN5746,SQUAD 21 JSY Y TMPWRD/WHITE,Red,,4064045209008,194818074923,L, 15.0 , 30.0 ,USD,300+, $12.08 
Apparel,Mens,Junior,Soccer,Jersey (Short Sl.),GN5746,SQUAD 21 JSY Y TMPWRD/WHITE,Red,,4064045212718,194818078631,XL, 15.0 , 30.0 ,USD,0, $12.08 
Footwear,Womens,Adult,Running,Shoes - Low (No-Fb),ID3619,PUREBOOST 5 W FTWWHT/FTWWHT/CWHITE,White,,4067889528908,196478639412,5, 71.5 , 130.0 ,USD,1, $57.56 
Footwear,Womens,Adult,Running,Shoes - Low (No-Fb),ID3619,PUREBOOST 5 W FTWWHT/FTWWHT/CWHITE,White,,4067889528885,196478639399,5-, 71.5 , 130.0 ,USD,0, $57.56 
Footwear,Womens,Adult,Running,Shoes - Low (No-Fb),ID3619,PUREBOOST 5 W FTWWHT/FTWWHT/CWHITE,White,,4067889529004,196478639511,6, 71.5 , 130.0 ,USD,30, $57.56 
Footwear,Womens,Adult,Running,Shoes - Low (No-Fb),ID3619,PUREBOOST 5 W FTWWHT/FTWWHT/CWHITE,White,,4067889528878,196478639382,6-, 71.5 , 130.0 ,USD,27, $57.56 
Footwear,Womens,Adult,Running,Shoes - Low (No-Fb),ID3619,PUREBOOST 5 W FTWWHT/FTWWHT/CWHITE,White,,4067889528892,196478639405,7, 71.5 , 130.0 ,USD,30, $57.56 
Footwear,Womens,Adult,Running,Shoes - Low (No-Fb),ID3619,PUREBOOST 5 W FTWWHT/FTWWHT/CWHITE,White,,4067889528946,196478639450,7-, 71.5 , 130.0 ,USD,8, $57.56 
Footwear,Womens,Adult,Running,Shoes - Low (No-Fb),ID3619,PUREBOOST 5 W FTWWHT/FTWWHT/CWHITE,White,,4067889528991,196478639504,8, 71.5 , 130.0 ,USD,0, $57.56 
Footwear,Womens,Adult,Running,Shoes - Low (No-Fb),ID3619,PUREBOOST 5 W FTWWHT/FTWWHT/CWHITE,White,,4067889528960,196478639474,8-, 71.5 , 130.0 ,USD,0, $57.56 
Footwear,Womens,Adult,Running,Shoes - Low (No-Fb),ID3619,PUREBOOST 5 W FTWWHT/FTWWHT/CWHITE,White,,4067889528922,196478639436,9, 71.5 , 130.0 ,USD,2, $57.56 
Footwear,Womens,Adult,Running,Shoes - Low (No-Fb),ID3619,PUREBOOST 5 W FTWWHT/FTWWHT/CWHITE,White,,4067889528915,196478639429,9-, 71.5 , 130.0 ,USD,1, $57.56 
Footwear,Womens,Adult,Running,Shoes - Low (No-Fb),ID3619,PUREBOOST 5 W FTWWHT/FTWWHT/CWHITE,White,,4067889532646,196478639528,10, 71.5 , 130.0 ,USD,0, $57.56 
Footwear,Womens,Adult,Running,Shoes - Low (No-Fb),ID3619,PUREBOOST 5 W FTWWHT/FTWWHT/CWHITE,White,,4067889528984,196478639498,10-, 71.5 , 130.0 ,USD,0, $57.56 
Footwear,Womens,Adult,Running,Shoes - Low (No-Fb),ID3619,PUREBOOST 5 W FTWWHT/FTWWHT/CWHITE,White,,4067889528977,196478639481,11, 71.5 , 130.0 ,USD,0, $57.56 
Footwear,Womens,Adult,Running,Shoes - Low (No-Fb),ID3619,PUREBOOST 5 W FTWWHT/FTWWHT/CWHITE,White,,4067889528939,196478639443,11-, 71.5 , 130.0 ,USD,0, $57.56 
Apparel,Womens,Adult,Trail Running,Pants (1/1),IQ1403,W XPERIOR LT P BLACK,Black,,4066757504662,196466186560,XS/P, 50.0 , 100.0 ,USD,0, $40.25 
Apparel,Womens,Adult,Trail Running,Pants (1/1),IQ1403,W XPERIOR LT P BLACK,Black,,4066757504679,196466186577,S/P, 50.0 , 100.0 ,USD,0, $40.25 
Apparel,Womens,Adult,Trail Running,Pants (1/1),IQ1403,W XPERIOR LT P BLACK,Black,,4066757504631,196466186539,M/P, 50.0 , 100.0 ,USD,0, $40.25 
Apparel,Womens,Adult,Trail Running,Pants (1/1),IQ1403,W XPERIOR LT P BLACK,Black,,4066757504655,196466186553,L/P, 50.0 , 100.0 ,USD,0, $40.25 
Apparel,Womens,Adult,Trail Running,Pants (1/1),IQ1403,W XPERIOR LT P BLACK,Black,,4066757500947,196466186447,XL/P, 50.0 , 100.0 ,USD,0, $40.25 
Apparel,Womens,Adult,Trail Running,Pants (1/1),IQ1403,W XPERIOR LT P BLACK,Black,,4066757504624,196466186522,XS, 50.0 , 100.0 ,USD,3, $40.25 
Apparel,Womens,Adult,Trail Running,Pants (1/1),IQ1403,W XPERIOR LT P BLACK,Black,,4066757504693,196466190222,S, 50.0 , 100.0 ,USD,17, $40.25 
Apparel,Womens,Adult,Trail Running,Pants (1/1),IQ1403,W XPERIOR LT P BLACK,Black,,4066757504709,196466190192,M, 50.0 , 100.0 ,USD,11, $40.25 
Apparel,Womens,Adult,Trail Running,Pants (1/1),IQ1403,W XPERIOR LT P BLACK,Black,,4066757504617,196466186515,L, 50.0 , 100.0 ,USD,6, $40.25 
Apparel,Womens,Adult,Trail Running,Pants (1/1),IQ1403,W XPERIOR LT P BLACK,Black,,4066757504587,196466186454,XL, 50.0 , 100.0 ,USD,3, $40.25 
Apparel,Womens,Adult,Trail Running,Pants (1/1),IQ1403,W XPERIOR LT P BLACK,Black,,4066757500930,196466186430,ST, 50.0 , 100.0 ,USD,0, $40.25 
Apparel,Womens,Adult,Trail Running,Pants (1/1),IQ1403,W XPERIOR LT P BLACK,Black,,4066757504648,196466186546,MT, 50.0 , 100.0 ,USD,0, $40.25 
Apparel,Womens,Adult,Trail Running,Pants (1/1),IQ1403,W XPERIOR LT P BLACK,Black,,4066757504570,196466186485,LT, 50.0 , 100.0 ,USD,0, $40.25 
Apparel,Womens,Adult,Trail Running,Pants (1/1),IQ1403,W XPERIOR LT P BLACK,Black,,4066757504686,196466186584,XLT, 50.0 , 100.0 ,USD,0, $40.25 
Apparel,Mens,Adult,Soccer,Jersey (Short Sl.),GN7491,CAMPEON 21 JSY NAVBLU,Blue,,4064045177116,191985950388,XS, 22.5 , 45.0 ,USD,1, $18.11 
Apparel,Mens,Adult,Soccer,Jersey (Short Sl.),GN7491,CAMPEON 21 JSY NAVBLU,Blue,,4064045173484,191985946756,S, 22.5 , 45.0 ,USD,6, $18.11 
Apparel,Mens,Adult,Soccer,Jersey (Short Sl.),GN7491,CAMPEON 21 JSY NAVBLU,Blue,,4064045177239,191985950500,M, 22.5 , 45.0 ,USD,18, $18.11 
Apparel,Mens,Adult,Soccer,Jersey (Short Sl.),GN7491,CAMPEON 21 JSY NAVBLU,Blue,,4064045177130,191985950418,L, 22.5 , 45.0 ,USD,13, $18.11 
Apparel,Mens,Adult,Soccer,Jersey (Short Sl.),GN7491,CAMPEON 21 JSY NAVBLU,Blue,,4064045177277,191985950548,XL, 22.5 , 45.0 ,USD,1, $18.11 
Apparel,Mens,Adult,Soccer,Jersey (Short Sl.),GN7491,CAMPEON 21 JSY NAVBLU,Blue,,4064045177314,191985950586,2XL, 22.5 , 45.0 ,USD,0, $18.11 
Accessories,Unisex,Junior,Soccer,Goalk Gloves(W/O Fs),JH3812,PRED GL TRN J WHITE/LUCLEM/LUCPNK,White,,4067905173112,197612336495,3, 14.0 , 28.0 ,USD,20, $11.27 
Accessories,Unisex,Junior,Soccer,Goalk Gloves(W/O Fs),JH3812,PRED GL TRN J WHITE/LUCLEM/LUCPNK,White,,4067905173136,197612336525,3-, 14.0 , 28.0 ,USD,0, $11.27 
Accessories,Unisex,Junior,Soccer,Goalk Gloves(W/O Fs),JH3812,PRED GL TRN J WHITE/LUCLEM/LUCPNK,White,,4067905173099,197612336471,4, 14.0 , 28.0 ,USD,0, $11.27 
Accessories,Unisex,Junior,Soccer,Goalk Gloves(W/O Fs),JH3812,PRED GL TRN J WHITE/LUCLEM/LUCPNK,White,,4067905173051,197612336440,4-, 14.0 , 28.0 ,USD,0, $11.27 
Accessories,Unisex,Junior,Soccer,Goalk Gloves(W/O Fs),JH3812,PRED GL TRN J WHITE/LUCLEM/LUCPNK,White,,4067905173105,197612336488,5, 14.0 , 28.0 ,USD,0, $11.27 
Accessories,Unisex,Junior,Soccer,Goalk Gloves(W/O Fs),JH3812,PRED GL TRN J WHITE/LUCLEM/LUCPNK,White,,4067905173129,197612336518,5-, 14.0 , 28.0 ,USD,0, $11.27 
Accessories,Unisex,Junior,Soccer,Goalk Gloves(W/O Fs),JH3812,PRED GL TRN J WHITE/LUCLEM/LUCPNK,White,,4067905173082,197612336501,6, 14.0 , 28.0 ,USD,0, $11.27 
Accessories,Unisex,Junior,Soccer,Goalk Gloves(W/O Fs),JH3812,PRED GL TRN J WHITE/LUCLEM/LUCPNK,White,,4067905173068,197612336457,6-, 14.0 , 28.0 ,USD,0, $11.27 
Accessories,Unisex,Junior,Soccer,Goalk Gloves(W/O Fs),JH3812,PRED GL TRN J WHITE/LUCLEM/LUCPNK,White,,4067905173075,197612336464,7, 14.0 , 28.0 ,USD,0, $11.27 
Apparel,Mens,Adult,Hiking,Pants (1/1),IQ1401,XPERIOR PANTS BLACK,Black,,4066757500473,196466182302,"28""S", 60.0 , 120.0 ,USD,1, $48.30 
Apparel,Mens,Adult,Hiking,Pants (1/1),IQ1401,XPERIOR PANTS BLACK,Black,,4066757496653,196466178480,"30""S", 60.0 , 120.0 ,USD,3, $48.30 
Apparel,Mens,Adult,Hiking,Pants (1/1),IQ1401,XPERIOR PANTS BLACK,Black,,4066757496745,196466178565,"32""S", 60.0 , 120.0 ,USD,6, $48.30 
Apparel,Mens,Adult,Hiking,Pants (1/1),IQ1401,XPERIOR PANTS BLACK,Black,,4066757496752,196466178572,"34""S", 60.0 , 120.0 ,USD,7, $48.30 
Apparel,Mens,Adult,Hiking,Pants (1/1),IQ1401,XPERIOR PANTS BLACK,Black,,4066757496714,196466178534,"36""S", 60.0 , 120.0 ,USD,6, $48.30 
Apparel,Mens,Adult,Hiking,Pants (1/1),IQ1401,XPERIOR PANTS BLACK,Black,,4066757496660,196466178442,"38""S", 60.0 , 120.0 ,USD,3, $48.30 
Apparel,Mens,Adult,Hiking,Pants (1/1),IQ1401,XPERIOR PANTS BLACK,Black,,4066757496783,196466178602,"40""S", 60.0 , 120.0 ,USD,5, $48.30 
Apparel,Mens,Adult,Hiking,Pants (1/1),IQ1401,XPERIOR PANTS BLACK,Black,,4066757496806,196466178626,"28""", 60.0 , 120.0 ,USD,14, $48.30 
Apparel,Mens,Adult,Hiking,Pants (1/1),IQ1401,XPERIOR PANTS BLACK,Black,,4066757500503,196466182296,"30""", 60.0 , 120.0 ,USD,31, $48.30 
Apparel,Mens,Adult,Hiking,Pants (1/1),IQ1401,XPERIOR PANTS BLACK,Black,,4066757496738,196466178558,"32""", 60.0 , 120.0 ,USD,40, $48.30 
Apparel,Mens,Adult,Hiking,Pants (1/1),IQ1401,XPERIOR PANTS BLACK,Black,,4066757496721,196466178541,"34""", 60.0 , 120.0 ,USD,30, $48.30 
Apparel,Mens,Adult,Hiking,Pants (1/1),IQ1401,XPERIOR PANTS BLACK,Black,,4066757500497,196466182326,"36""", 60.0 , 120.0 ,USD,35, $48.30 
Apparel,Mens,Adult,Hiking,Pants (1/1),IQ1401,XPERIOR PANTS BLACK,Black,,4066757496820,196466178640,"38""", 60.0 , 120.0 ,USD,32, $48.30 
Apparel,Mens,Adult,Hiking,Pants (1/1),IQ1401,XPERIOR PANTS BLACK,Black,,4066757496813,196466178633,"40""", 60.0 , 120.0 ,USD,29, $48.30 
Apparel,Mens,Adult,Hiking,Pants (1/1),IQ1401,XPERIOR PANTS BLACK,Black,,4066757496691,196466178510,"30""T", 60.0 , 120.0 ,USD,4, $48.30 
Apparel,Mens,Adult,Hiking,Pants (1/1),IQ1401,XPERIOR PANTS BLACK,Black,,4066757496677,196466178497,"32""T", 60.0 , 120.0 ,USD,4, $48.30 
Apparel,Mens,Adult,Hiking,Pants (1/1),IQ1401,XPERIOR PANTS BLACK,Black,,4066757496646,196466178473,"34""T", 60.0 , 120.0 ,USD,5, $48.30 
Apparel,Mens,Adult,Hiking,Pants (1/1),IQ1401,XPERIOR PANTS BLACK,Black,,4066757496851,196466182289,"36""T", 60.0 , 120.0 ,USD,4, $48.30 
Apparel,Mens,Adult,Hiking,Pants (1/1),IQ1401,XPERIOR PANTS BLACK,Black,,4066757496639,196466178459,"38""T", 60.0 , 120.0 ,USD,4, $48.30 
Apparel,Mens,Adult,Hiking,Pants (1/1),IQ1401,XPERIOR PANTS BLACK,Black,,4066757496844,196466178664,"40""T", 60.0 , 120.0 ,USD,4, $48.30 
Footwear,Mens,Adult,Originals,Shoes - Low (No-Fb),JH5438,HANDBALL SPEZIAL CGREEN/CLOWHI/CWHITE,Green,,4067904984566,196479187158,4, 60.5 , 110.0 ,USD,0, $48.70 
Footwear,Mens,Adult,Originals,Shoes - Low (No-Fb),JH5438,HANDBALL SPEZIAL CGREEN/CLOWHI/CWHITE,Green,,4067904984658,196479190820,4-, 60.5 , 110.0 ,USD,0, $48.70 
Footwear,Mens,Adult,Originals,Shoes - Low (No-Fb),JH5438,HANDBALL SPEZIAL CGREEN/CLOWHI/CWHITE,Green,,4067904984788,196479190967,5, 60.5 , 110.0 ,USD,0, $48.70 
Footwear,Mens,Adult,Originals,Shoes - Low (No-Fb),JH5438,HANDBALL SPEZIAL CGREEN/CLOWHI/CWHITE,Green,,4067904984641,196479190813,5-, 60.5 , 110.0 ,USD,0, $48.70 
Footwear,Mens,Adult,Originals,Shoes - Low (No-Fb),JH5438,HANDBALL SPEZIAL CGREEN/CLOWHI/CWHITE,Green,,4067904984719,196479190899,6, 60.5 , 110.0 ,USD,0, $48.70 
Footwear,Mens,Adult,Originals,Shoes - Low (No-Fb),JH5438,HANDBALL SPEZIAL CGREEN/CLOWHI/CWHITE,Green,,4067904984757,196479190936,6-, 60.5 , 110.0 ,USD,0, $48.70 
Footwear,Mens,Adult,Originals,Shoes - Low (No-Fb),JH5438,HANDBALL SPEZIAL CGREEN/CLOWHI/CWHITE,Green,,4067904984764,196479190943,7, 60.5 , 110.0 ,USD,0, $48.70 
Footwear,Mens,Adult,Originals,Shoes - Low (No-Fb),JH5438,HANDBALL SPEZIAL CGREEN/CLOWHI/CWHITE,Green,,4067904984726,196479190905,7-, 60.5 , 110.0 ,USD,0, $48.70 
Footwear,Mens,Adult,Originals,Shoes - Low (No-Fb),JH5438,HANDBALL SPEZIAL CGREEN/CLOWHI/CWHITE,Green,,4067904984733,196479190912,8, 60.5 , 110.0 ,USD,5, $48.70 
Footwear,Mens,Adult,Originals,Shoes - Low (No-Fb),JH5438,HANDBALL SPEZIAL CGREEN/CLOWHI/CWHITE,Green,,4067904984702,196479190882,8-, 60.5 , 110.0 ,USD,11, $48.70 
Footwear,Mens,Adult,Originals,Shoes - Low (No-Fb),JH5438,HANDBALL SPEZIAL CGREEN/CLOWHI/CWHITE,Green,,4067904984672,196479190851,9, 60.5 , 110.0 ,USD,19, $48.70 
Footwear,Mens,Adult,Originals,Shoes - Low (No-Fb),JH5438,HANDBALL SPEZIAL CGREEN/CLOWHI/CWHITE,Green,,4067904984665,196479190837,9-, 60.5 , 110.0 ,USD,25, $48.70 
Footwear,Mens,Adult,Originals,Shoes - Low (No-Fb),JH5438,HANDBALL SPEZIAL CGREEN/CLOWHI/CWHITE,Green,,4067904984603,196479187189,10, 60.5 , 110.0 ,USD,48, $48.70 
Footwear,Mens,Adult,Originals,Shoes - Low (No-Fb),JH5438,HANDBALL SPEZIAL CGREEN/CLOWHI/CWHITE,Green,,4067904984610,196479187196,10-, 60.5 , 110.0 ,USD,32, $48.70 
Footwear,Mens,Adult,Originals,Shoes - Low (No-Fb),JH5438,HANDBALL SPEZIAL CGREEN/CLOWHI/CWHITE,Green,,4067904984634,196479190844,11, 60.5 , 110.0 ,USD,21, $48.70 
Footwear,Mens,Adult,Originals,Shoes - Low (No-Fb),JH5438,HANDBALL SPEZIAL CGREEN/CLOWHI/CWHITE,Green,,4067904984573,196479187165,11-, 60.5 , 110.0 ,USD,11, $48.70 
Footwear,Mens,Adult,Originals,Shoes - Low (No-Fb),JH5438,HANDBALL SPEZIAL CGREEN/CLOWHI/CWHITE,Green,,4067904984771,196479190950,12, 60.5 , 110.0 ,USD,26, $48.70 
Footwear,Mens,Adult,Originals,Shoes - Low (No-Fb),JH5438,HANDBALL SPEZIAL CGREEN/CLOWHI/CWHITE,Green,,4067904984627,196479187202,12-, 60.5 , 110.0 ,USD,0, $48.70 
Footwear,Mens,Adult,Originals,Shoes - Low (No-Fb),JH5438,HANDBALL SPEZIAL CGREEN/CLOWHI/CWHITE,Green,,4067904984580,196479187172,13, 60.5 , 110.0 ,USD,12, $48.70 
Footwear,Mens,Adult,Originals,Shoes - Low (No-Fb),JH5438,HANDBALL SPEZIAL CGREEN/CLOWHI/CWHITE,Green,,4067904984696,196479190875,13-, 60.5 , 110.0 ,USD,0, $48.70 
Footwear,Mens,Adult,Originals,Shoes - Low (No-Fb),JH5438,HANDBALL SPEZIAL CGREEN/CLOWHI/CWHITE,Green,,4067904984689,196479190868,14, 60.5 , 110.0 ,USD,0, $48.70 
Apparel,Womens,Adult,Hiking,T-Shirt (Short Sl.),JE0366,W MT TEE WHITE,White,,4067891313684,197613197989,2XS, 22.5 , 45.0 ,USD,0, $18.11 
Apparel,Womens,Adult,Hiking,T-Shirt (Short Sl.),JE0366,W MT TEE WHITE,White,,4067891313523,197613194230,XS, 22.5 , 45.0 ,USD,8, $18.11 
Apparel,Womens,Adult,Hiking,T-Shirt (Short Sl.),JE0366,W MT TEE WHITE,White,,4067891313578,197613194278,S, 22.5 , 45.0 ,USD,19, $18.11 
Apparel,Womens,Adult,Hiking,T-Shirt (Short Sl.),JE0366,W MT TEE WHITE,White,,4067891313646,197613197934,M, 22.5 , 45.0 ,USD,20, $18.11 
Apparel,Womens,Adult,Hiking,T-Shirt (Short Sl.),JE0366,W MT TEE WHITE,White,,4067891313653,197613197958,L, 22.5 , 45.0 ,USD,12, $18.11 
Apparel,Womens,Adult,Hiking,T-Shirt (Short Sl.),JE0366,W MT TEE WHITE,White,,4067891313547,197613194247,XL, 22.5 , 45.0 ,USD,4, $18.11 
Apparel,Womens,Adult,Hiking,T-Shirt (Short Sl.),JE0366,W MT TEE WHITE,White,,4067891313691,197613197996,2XL, 22.5 , 45.0 ,USD,0, $18.11 
Apparel,Womens,Adult,Hiking,T-Shirt (Short Sl.),JE0366,W MT TEE WHITE,White,,4067891313608,197613194308,3XL, 22.5 , 45.0 ,USD,0, $18.11 
Apparel,Womens,Adult,Hiking,T-Shirt (Short Sl.),JE0366,W MT TEE WHITE,White,,4067891313615,197613197941,4XL, 22.5 , 45.0 ,USD,0, $18.11 
Apparel,Unisex,Kids,Originals,Tracksuit,IY4792,SST TRACKSUIT LEGTEA,,,4067894158312,196479875543,4T, 30.0 , 60.0 ,USD,15, $24.15 
Apparel,Unisex,Kids,Originals,Tracksuit,IY4792,SST TRACKSUIT LEGTEA,,,4067894158343,196479875574,5T, 30.0 , 60.0 ,USD,25, $24.15 
Apparel,Unisex,Kids,Originals,Tracksuit,IY4792,SST TRACKSUIT LEGTEA,,,4067894158398,196479875628,2XS, 30.0 , 60.0 ,USD,63, $24.15 
Apparel,Unisex,Kids,Originals,Tracksuit,IY4792,SST TRACKSUIT LEGTEA,,,4067894158336,196479875567,XS, 30.0 , 60.0 ,USD,30, $24.15 
Apparel,Unisex,Junior,Soccer,Jersey (Short Sl.),HA3560,CON22 MD JSY Y TENABL/WHITE,,,4065424563704,195733392659,2XS, 25.0 , 50.0 ,USD,0, $20.13 
Apparel,Unisex,Junior,Soccer,Jersey (Short Sl.),HA3560,CON22 MD JSY Y TENABL/WHITE,,,4065424563797,195733393007,XS, 25.0 , 50.0 ,USD,0, $20.13 
Apparel,Unisex,Junior,Soccer,Jersey (Short Sl.),HA3560,CON22 MD JSY Y TENABL/WHITE,,,4065424563865,195733393045,S, 25.0 , 50.0 ,USD,0, $20.13 
Apparel,Unisex,Junior,Soccer,Jersey (Short Sl.),HA3560,CON22 MD JSY Y TENABL/WHITE,,,4065424563728,195733392673,M, 25.0 , 50.0 ,USD,0, $20.13 
Apparel,Unisex,Junior,Soccer,Jersey (Short Sl.),HA3560,CON22 MD JSY Y TENABL/WHITE,,,4065424563766,195733392703,L, 25.0 , 50.0 ,USD,23, $20.13 
Apparel,Unisex,Junior,Soccer,Jersey (Short Sl.),HA3560,CON22 MD JSY Y TENABL/WHITE,,,4065424563773,195733392710,XL, 25.0 , 50.0 ,USD,49, $20.13 
Apparel,Unisex,Junior,Soccer,Jersey (Short Sl.),HA3561,CON22 MD JSY Y BLACK/WHITE,Black,,4065424385443,195733308384,2XS, 25.0 , 50.0 ,USD,0, $20.13 
Apparel,Unisex,Junior,Soccer,Jersey (Short Sl.),HA3561,CON22 MD JSY Y BLACK/WHITE,Black,,4065424385467,195733308407,XS, 25.0 , 50.0 ,USD,0, $20.13 
Apparel,Unisex,Junior,Soccer,Jersey (Short Sl.),HA3561,CON22 MD JSY Y BLACK/WHITE,Black,,4065424385573,195733308513,S, 25.0 , 50.0 ,USD,16, $20.13 
Apparel,Unisex,Junior,Soccer,Jersey (Short Sl.),HA3561,CON22 MD JSY Y BLACK/WHITE,Black,,4065424385429,195733308360,M, 25.0 , 50.0 ,USD,2, $20.13 
Apparel,Unisex,Junior,Soccer,Jersey (Short Sl.),HA3561,CON22 MD JSY Y BLACK/WHITE,Black,,4065424385542,195733308483,L, 25.0 , 50.0 ,USD,21, $20.13 
Apparel,Unisex,Junior,Soccer,Jersey (Short Sl.),HA3561,CON22 MD JSY Y BLACK/WHITE,Black,,4065424385559,195733308490,XL, 25.0 , 50.0 ,USD,12, $20.13 
Footwear,Mens,Adult,Trail Running,Shoes - Low (No-Fb),JR7771,TERREX TRACEFINDER 2 CLIMA CARDBO/CBLACK/BROSTR,Beige,,4067903855355,197613229796,6, 44.0 , 80.0 ,USD,0, $35.42 
Footwear,Mens,Adult,Trail Running,Shoes - Low (No-Fb),JR7771,TERREX TRACEFINDER 2 CLIMA CARDBO/CBLACK/BROSTR,Beige,,4067903851722,197613229772,6-, 44.0 , 80.0 ,USD,0, $35.42 
Footwear,Mens,Adult,Trail Running,Shoes - Low (No-Fb),JR7771,TERREX TRACEFINDER 2 CLIMA CARDBO/CBLACK/BROSTR,Beige,,4067903855423,197613233465,7, 44.0 , 80.0 ,USD,0, $35.42 
Footwear,Mens,Adult,Trail Running,Shoes - Low (No-Fb),JR7771,TERREX TRACEFINDER 2 CLIMA CARDBO/CBLACK/BROSTR,Beige,,4067903851739,197613229789,7-, 44.0 , 80.0 ,USD,0, $35.42 
Footwear,Mens,Adult,Trail Running,Shoes - Low (No-Fb),JR7771,TERREX TRACEFINDER 2 CLIMA CARDBO/CBLACK/BROSTR,Beige,,4067903855430,197613233472,8, 44.0 , 80.0 ,USD,0, $35.42 
Footwear,Mens,Adult,Trail Running,Shoes - Low (No-Fb),JR7771,TERREX TRACEFINDER 2 CLIMA CARDBO/CBLACK/BROSTR,Beige,,4067903855478,197613233526,8-, 44.0 , 80.0 ,USD,0, $35.42 
Footwear,Mens,Adult,Trail Running,Shoes - Low (No-Fb),JR7771,TERREX TRACEFINDER 2 CLIMA CARDBO/CBLACK/BROSTR,Beige,,4067903855416,197613233458,9, 44.0 , 80.0 ,USD,0, $35.42 
Footwear,Mens,Adult,Trail Running,Shoes - Low (No-Fb),JR7771,TERREX TRACEFINDER 2 CLIMA CARDBO/CBLACK/BROSTR,Beige,,4067903855409,197613233489,9-, 44.0 , 80.0 ,USD,3, $35.42 
Footwear,Mens,Adult,Trail Running,Shoes - Low (No-Fb),JR7771,TERREX TRACEFINDER 2 CLIMA CARDBO/CBLACK/BROSTR,Beige,,4067903855393,197613229840,10, 44.0 , 80.0 ,USD,0, $35.42 
Footwear,Mens,Adult,Trail Running,Shoes - Low (No-Fb),JR7771,TERREX TRACEFINDER 2 CLIMA CARDBO/CBLACK/BROSTR,Beige,,4067903851715,197613229765,10-, 44.0 , 80.0 ,USD,0, $35.42 
Footwear,Mens,Adult,Trail Running,Shoes - Low (No-Fb),JR7771,TERREX TRACEFINDER 2 CLIMA CARDBO/CBLACK/BROSTR,Beige,,4067903855386,197613229833,11, 44.0 , 80.0 ,USD,0, $35.42 
Footwear,Mens,Adult,Trail Running,Shoes - Low (No-Fb),JR7771,TERREX TRACEFINDER 2 CLIMA CARDBO/CBLACK/BROSTR,Beige,,4067903855461,197613233519,11-, 44.0 , 80.0 ,USD,2, $35.42 
Footwear,Mens,Adult,Trail Running,Shoes - Low (No-Fb),JR7771,TERREX TRACEFINDER 2 CLIMA CARDBO/CBLACK/BROSTR,Beige,,4067903855454,197613233502,12, 44.0 , 80.0 ,USD,0, $35.42 
Footwear,Mens,Adult,Trail Running,Shoes - Low (No-Fb),JR7771,TERREX TRACEFINDER 2 CLIMA CARDBO/CBLACK/BROSTR,Beige,,4067903855379,197613229826,12-, 44.0 , 80.0 ,USD,0, $35.42 
Footwear,Mens,Adult,Trail Running,Shoes - Low (No-Fb),JR7771,TERREX TRACEFINDER 2 CLIMA CARDBO/CBLACK/BROSTR,Beige,,4067903855447,197613233496,13, 44.0 , 80.0 ,USD,5, $35.42 
Footwear,Mens,Adult,Trail Running,Shoes - Low (No-Fb),JR7771,TERREX TRACEFINDER 2 CLIMA CARDBO/CBLACK/BROSTR,Beige,,4067903855362,197613229819,14, 44.0 , 80.0 ,USD,0, $35.42 
Footwear,Mens,Adult,Trail Running,Shoes - Low (No-Fb),JR7771,TERREX TRACEFINDER 2 CLIMA CARDBO/CBLACK/BROSTR,Beige,,4067903855348,197613229802,15, 44.0 , 80.0 ,USD,0, $35.42 
Apparel,Unisex,Infant,Originals,Tracksuit,IX5173,SST TRACKSUIT LEGTEA,,,4067894060110,196479833512,3M, 25.0 , 50.0 ,USD,0, $20.13 
Apparel,Unisex,Infant,Originals,Tracksuit,IX5173,SST TRACKSUIT LEGTEA,,,4067894060073,196479833468,6M, 25.0 , 50.0 ,USD,0, $20.13 
Apparel,Unisex,Infant,Originals,Tracksuit,IX5173,SST TRACKSUIT LEGTEA,,,4067894060165,196479833567,9M, 25.0 , 50.0 ,USD,0, $20.13 
Apparel,Unisex,Infant,Originals,Tracksuit,IX5173,SST TRACKSUIT LEGTEA,,,4067894060172,196479833574,12M, 25.0 , 50.0 ,USD,0, $20.13 
Apparel,Unisex,Infant,Originals,Tracksuit,IX5173,SST TRACKSUIT LEGTEA,,,4067894060103,196479833505,18M, 25.0 , 50.0 ,USD,0, $20.13 
Apparel,Unisex,Infant,Originals,Tracksuit,IX5173,SST TRACKSUIT LEGTEA,,,4067894060042,196479833475,2T, 25.0 , 50.0 ,USD,86, $20.13 
Apparel,Unisex,Infant,Originals,Tracksuit,IX5173,SST TRACKSUIT LEGTEA,,,4067894060196,196479833598,3T, 25.0 , 50.0 ,USD,78, $20.13 
Apparel,Unisex,Infant,Originals,Tracksuit,IX5173,SST TRACKSUIT LEGTEA,,,4067894060134,196479833536,4T, 25.0 , 50.0 ,USD,62, $20.13 
Apparel,Mens,Adult,Originals,T-Shirt (Short Sl.),JP1262,TREFOIL TEE BLACK/IRONMT,Black,,4067904297840,197614990541,XS, 15.0 , 30.0 ,USD,0, $12.08 
Apparel,Mens,Adult,Originals,T-Shirt (Short Sl.),JP1262,TREFOIL TEE BLACK/IRONMT,Black,,4067904297727,197614986834,S, 15.0 , 30.0 ,USD,74, $12.08 
Apparel,Mens,Adult,Originals,T-Shirt (Short Sl.),JP1262,TREFOIL TEE BLACK/IRONMT,Black,,4067904297734,197614986841,M, 15.0 , 30.0 ,USD,122, $12.08 
Apparel,Mens,Adult,Originals,T-Shirt (Short Sl.),JP1262,TREFOIL TEE BLACK/IRONMT,Black,,4067904297826,197614990527,L, 15.0 , 30.0 ,USD,109, $12.08 
Apparel,Mens,Adult,Originals,T-Shirt (Short Sl.),JP1262,TREFOIL TEE BLACK/IRONMT,Black,,4067904297802,197614986919,XL, 15.0 , 30.0 ,USD,46, $12.08 
Apparel,Mens,Adult,Originals,T-Shirt (Short Sl.),JP1262,TREFOIL TEE BLACK/IRONMT,Black,,4067904297673,197614986797,2XL, 15.0 , 30.0 ,USD,3, $12.08 
Apparel,Mens,Adult,Trail Running,T-Shirt (Long Sl.),JM7075,XPR LS TEE PURTEA,,,4068811011529,197626666892,XS, 32.5 , 65.0 ,USD,2, $26.16 
Apparel,Mens,Adult,Trail Running,T-Shirt (Long Sl.),JM7075,XPR LS TEE PURTEA,,,4068811011543,197626666915,S, 32.5 , 65.0 ,USD,8, $26.16 
Apparel,Mens,Adult,Trail Running,T-Shirt (Long Sl.),JM7075,XPR LS TEE PURTEA,,,4068811011505,197626666878,M, 32.5 , 65.0 ,USD,14, $26.16 
Apparel,Mens,Adult,Trail Running,T-Shirt (Long Sl.),JM7075,XPR LS TEE PURTEA,,,4068811011475,197626666847,L, 32.5 , 65.0 ,USD,14, $26.16 
Apparel,Mens,Adult,Trail Running,T-Shirt (Long Sl.),JM7075,XPR LS TEE PURTEA,,,4068811011512,197626666885,XL, 32.5 , 65.0 ,USD,9, $26.16 
Apparel,Mens,Adult,Trail Running,T-Shirt (Long Sl.),JM7075,XPR LS TEE PURTEA,,,4068811011468,197626666830,2XL, 32.5 , 65.0 ,USD,4, $26.16 
Apparel,Mens,Adult,Trail Running,T-Shirt (Long Sl.),JM7075,XPR LS TEE PURTEA,,,4068811011536,197626666908,3XL, 32.5 , 65.0 ,USD,0, $26.16 
Apparel,Mens,Adult,Trail Running,T-Shirt (Long Sl.),JM7075,XPR LS TEE PURTEA,,,4068811011567,197626666939,4XL, 32.5 , 65.0 ,USD,0, $26.16 
Apparel,Unisex,Infant,Originals,Tracksuit,JC6502,FIREBIRD TS SEPISP,,,4067902572789,196476221077,3M, 25.0 , 50.0 ,USD,0, $20.13 
Apparel,Unisex,Infant,Originals,Tracksuit,JC6502,FIREBIRD TS SEPISP,,,4067902572864,196476221152,6M, 25.0 , 50.0 ,USD,0, $20.13 
Apparel,Unisex,Infant,Originals,Tracksuit,JC6502,FIREBIRD TS SEPISP,,,4067902572772,196476221060,9M, 25.0 , 50.0 ,USD,0, $20.13 
Apparel,Unisex,Infant,Originals,Tracksuit,JC6502,FIREBIRD TS SEPISP,,,4067902572833,196476221121,12M, 25.0 , 50.0 ,USD,0, $20.13 
Apparel,Unisex,Infant,Originals,Tracksuit,JC6502,FIREBIRD TS SEPISP,,,4067902572895,196476221183,18M, 25.0 , 50.0 ,USD,0, $20.13 
Apparel,Unisex,Infant,Originals,Tracksuit,JC6502,FIREBIRD TS SEPISP,,,4067902572871,196476221169,2T, 25.0 , 50.0 ,USD,36, $20.13 
Apparel,Unisex,Infant,Originals,Tracksuit,JC6502,FIREBIRD TS SEPISP,,,4067902572796,196476221114,3T, 25.0 , 50.0 ,USD,48, $20.13 
Apparel,Unisex,Infant,Originals,Tracksuit,JC6502,FIREBIRD TS SEPISP,,,4067902572819,196476221091,4T, 25.0 , 50.0 ,USD,57, $20.13 
Apparel,Mens,Junior,Soccer,Jersey (Short Sl.),GN7495,CAMPEON21 JSY Y NAVBLU,Blue,,4064045277076,191985827864,2XS, 20.0 , 40.0 ,USD,0, $16.10 
Apparel,Mens,Junior,Soccer,Jersey (Short Sl.),GN7495,CAMPEON21 JSY Y NAVBLU,Blue,,4064045277120,191985827918,XS, 20.0 , 40.0 ,USD,0, $16.10 
Apparel,Mens,Junior,Soccer,Jersey (Short Sl.),GN7495,CAMPEON21 JSY Y NAVBLU,Blue,,4064045277168,191985827956,S, 20.0 , 40.0 ,USD,10, $16.10 
Apparel,Mens,Junior,Soccer,Jersey (Short Sl.),GN7495,CAMPEON21 JSY Y NAVBLU,Blue,,4064045277137,191985827925,M, 20.0 , 40.0 ,USD,16, $16.10 
Apparel,Mens,Junior,Soccer,Jersey (Short Sl.),GN7495,CAMPEON21 JSY Y NAVBLU,Blue,,4064045280830,191985831625,L, 20.0 , 40.0 ,USD,49, $16.10 
Apparel,Mens,Junior,Soccer,Jersey (Short Sl.),GN7495,CAMPEON21 JSY Y NAVBLU,Blue,,4064045280816,191985831618,XL, 20.0 , 40.0 ,USD,3, $16.10 
Footwear,Unisex,Kids,Sportswear,Shoes - Low (No-Fb),ID5906,CLOUDFOAM PURE SPW K FTWWHT/SEFLAQ/PULLIM,White,,4066765366191,196472125508,10-K, 32.5 , 65.0 ,USD,0, $26.16 
Footwear,Unisex,Kids,Sportswear,Shoes - Low (No-Fb),ID5906,CLOUDFOAM PURE SPW K FTWWHT/SEFLAQ/PULLIM,White,,4066765366207,196472125478,11K, 32.5 , 65.0 ,USD,149, $26.16 
Footwear,Unisex,Kids,Sportswear,Shoes - Low (No-Fb),ID5906,CLOUDFOAM PURE SPW K FTWWHT/SEFLAQ/PULLIM,White,,4066765362551,196472125454,11-K, 32.5 , 65.0 ,USD,0, $26.16 
Footwear,Unisex,Kids,Sportswear,Shoes - Low (No-Fb),ID5906,CLOUDFOAM PURE SPW K FTWWHT/SEFLAQ/PULLIM,White,,4066765366177,196472125485,12K, 32.5 , 65.0 ,USD,142, $26.16 
Footwear,Unisex,Kids,Sportswear,Shoes - Low (No-Fb),ID5906,CLOUDFOAM PURE SPW K FTWWHT/SEFLAQ/PULLIM,White,,4066765362513,196472125416,12-K, 32.5 , 65.0 ,USD,0, $26.16 
Footwear,Unisex,Kids,Sportswear,Shoes - Low (No-Fb),ID5906,CLOUDFOAM PURE SPW K FTWWHT/SEFLAQ/PULLIM,White,,4066765362544,196472125447,13K, 32.5 , 65.0 ,USD,159, $26.16 
Footwear,Unisex,Kids,Sportswear,Shoes - Low (No-Fb),ID5906,CLOUDFOAM PURE SPW K FTWWHT/SEFLAQ/PULLIM,White,,4066765362483,196472125386,13-K, 32.5 , 65.0 ,USD,0, $26.16 
Footwear,Unisex,Kids,Sportswear,Shoes - Low (No-Fb),ID5906,CLOUDFOAM PURE SPW K FTWWHT/SEFLAQ/PULLIM,White,,4066765362520,196472125423,1, 32.5 , 65.0 ,USD,199, $26.16 
Footwear,Unisex,Kids,Sportswear,Shoes - Low (No-Fb),ID5906,CLOUDFOAM PURE SPW K FTWWHT/SEFLAQ/PULLIM,White,,4066765362452,196472125355,1-, 32.5 , 65.0 ,USD,0, $26.16 
Footwear,Unisex,Kids,Sportswear,Shoes - Low (No-Fb),ID5906,CLOUDFOAM PURE SPW K FTWWHT/SEFLAQ/PULLIM,White,,4066765362476,196472125379,2, 32.5 , 65.0 ,USD,199, $26.16 
Footwear,Unisex,Kids,Sportswear,Shoes - Low (No-Fb),ID5906,CLOUDFOAM PURE SPW K FTWWHT/SEFLAQ/PULLIM,White,,4066765362445,196472125348,2-, 32.5 , 65.0 ,USD,0, $26.16 
Footwear,Unisex,Kids,Sportswear,Shoes - Low (No-Fb),ID5906,CLOUDFOAM PURE SPW K FTWWHT/SEFLAQ/PULLIM,White,,4066765366238,196472129131,3, 32.5 , 65.0 ,USD,159, $26.16 
Footwear,Unisex,Kids,Sportswear,Shoes - Low (No-Fb),ID5906,CLOUDFOAM PURE SPW K FTWWHT/SEFLAQ/PULLIM,White,,4066765362469,196472125362,3-, 32.5 , 65.0 ,USD,0, $26.16 
Footwear,Unisex,Kids,Sportswear,Shoes - Low (No-Fb),ID5906,CLOUDFOAM PURE SPW K FTWWHT/SEFLAQ/PULLIM,White,,4066765366221,196472129124,4, 32.5 , 65.0 ,USD,89, $26.16 
Footwear,Unisex,Kids,Sportswear,Shoes - Low (No-Fb),ID5906,CLOUDFOAM PURE SPW K FTWWHT/SEFLAQ/PULLIM,White,,4066765362506,196472125409,4-, 32.5 , 65.0 ,USD,0, $26.16 
Footwear,Unisex,Kids,Sportswear,Shoes - Low (No-Fb),ID5906,CLOUDFOAM PURE SPW K FTWWHT/SEFLAQ/PULLIM,White,,4066765362490,196472125393,5, 32.5 , 65.0 ,USD,49, $26.16 
Footwear,Unisex,Kids,Sportswear,Shoes - Low (No-Fb),ID5906,CLOUDFOAM PURE SPW K FTWWHT/SEFLAQ/PULLIM,White,,4066765366214,196472125515,5-, 32.5 , 65.0 ,USD,0, $26.16 
Footwear,Unisex,Kids,Sportswear,Shoes - Low (No-Fb),ID5906,CLOUDFOAM PURE SPW K FTWWHT/SEFLAQ/PULLIM,White,,4066765366184,196472125492,6, 32.5 , 65.0 ,USD,79, $26.16 
Footwear,Unisex,Kids,Sportswear,Shoes - Low (No-Fb),ID5906,CLOUDFOAM PURE SPW K FTWWHT/SEFLAQ/PULLIM,White,,4066765362568,196472125461,6-, 32.5 , 65.0 ,USD,0, $26.16 
Footwear,Unisex,Kids,Sportswear,Shoes - Low (No-Fb),ID5906,CLOUDFOAM PURE SPW K FTWWHT/SEFLAQ/PULLIM,White,,4066765362537,196472125430,7, 32.5 , 65.0 ,USD,0, $26.16 
Accessories,Unisex,Adult,Trail Running,Cap,JJ1475,TRX 5P CAP SOL GRESIX/WHITE,,,4067891622311,197611910627,OSFY, 17.5 , 35.0 ,USD,0, $14.09 
Accessories,Unisex,Adult,Trail Running,Cap,JJ1475,TRX 5P CAP SOL GRESIX/WHITE,,,4067891622304,197611910610,OSFW, 17.5 , 35.0 ,USD,0, $14.09 
Accessories,Unisex,Adult,Trail Running,Cap,JJ1475,TRX 5P CAP SOL GRESIX/WHITE,,,4067891622335,197611910634,OSFM, 17.5 , 35.0 ,USD,2, $14.09 
Accessories,Unisex,Adult,Trail Running,Cap,JJ1475,TRX 5P CAP SOL GRESIX/WHITE,,,4067891622298,197611910603,OSFL, 17.5 , 35.0 ,USD,0, $14.09 
Footwear,Mens,Adult,Hiking,Shoes - Low (No-Fb),JQ9900,TERREX FREE HIKER 2 GTX AURIVY/PRETEA/GRETHR,,,4067905738908,196475462396,6, 121.0 , 220.0 ,USD,1, $97.41 
Footwear,Mens,Adult,Hiking,Shoes - Low (No-Fb),JQ9900,TERREX FREE HIKER 2 GTX AURIVY/PRETEA/GRETHR,,,4067905738984,196475462471,6-, 121.0 , 220.0 ,USD,2, $97.41 
Footwear,Mens,Adult,Hiking,Shoes - Low (No-Fb),JQ9900,TERREX FREE HIKER 2 GTX AURIVY/PRETEA/GRETHR,,,4067905738977,196475462464,7, 121.0 , 220.0 ,USD,5, $97.41 
Footwear,Mens,Adult,Hiking,Shoes - Low (No-Fb),JQ9900,TERREX FREE HIKER 2 GTX AURIVY/PRETEA/GRETHR,,,4067905739059,196475462549,7-, 121.0 , 220.0 ,USD,5, $97.41 
Footwear,Mens,Adult,Hiking,Shoes - Low (No-Fb),JQ9900,TERREX FREE HIKER 2 GTX AURIVY/PRETEA/GRETHR,,,4067905738960,196475462440,8, 121.0 , 220.0 ,USD,9, $97.41 
Footwear,Mens,Adult,Hiking,Shoes - Low (No-Fb),JQ9900,TERREX FREE HIKER 2 GTX AURIVY/PRETEA/GRETHR,,,4067905739004,196475462495,8-, 121.0 , 220.0 ,USD,13, $97.41 
Footwear,Mens,Adult,Hiking,Shoes - Low (No-Fb),JQ9900,TERREX FREE HIKER 2 GTX AURIVY/PRETEA/GRETHR,,,4067905739035,196475462525,9, 121.0 , 220.0 ,USD,18, $97.41 
Footwear,Mens,Adult,Hiking,Shoes - Low (No-Fb),JQ9900,TERREX FREE HIKER 2 GTX AURIVY/PRETEA/GRETHR,,,4067905738915,196475462402,9-, 121.0 , 220.0 ,USD,24, $97.41 
Footwear,Mens,Adult,Hiking,Shoes - Low (No-Fb),JQ9900,TERREX FREE HIKER 2 GTX AURIVY/PRETEA/GRETHR,,,4067905738946,196475462426,10, 121.0 , 220.0 ,USD,25, $97.41 
Footwear,Mens,Adult,Hiking,Shoes - Low (No-Fb),JQ9900,TERREX FREE HIKER 2 GTX AURIVY/PRETEA/GRETHR,,,4067905739011,196475462501,10-, 121.0 , 220.0 ,USD,27, $97.41 
Footwear,Mens,Adult,Hiking,Shoes - Low (No-Fb),JQ9900,TERREX FREE HIKER 2 GTX AURIVY/PRETEA/GRETHR,,,4067905738939,196475462457,11, 121.0 , 220.0 ,USD,25, $97.41 
Footwear,Mens,Adult,Hiking,Shoes - Low (No-Fb),JQ9900,TERREX FREE HIKER 2 GTX AURIVY/PRETEA/GRETHR,,,4067905738953,196475462433,11-, 121.0 , 220.0 ,USD,19, $97.41 
Footwear,Mens,Adult,Hiking,Shoes - Low (No-Fb),JQ9900,TERREX FREE HIKER 2 GTX AURIVY/PRETEA/GRETHR,,,4067905739042,196475462532,12, 121.0 , 220.0 ,USD,20, $97.41 
Footwear,Mens,Adult,Hiking,Shoes - Low (No-Fb),JQ9900,TERREX FREE HIKER 2 GTX AURIVY/PRETEA/GRETHR,,,4067905739028,196475462518,12-, 121.0 , 220.0 ,USD,7, $97.41 
Footwear,Mens,Adult,Hiking,Shoes - Low (No-Fb),JQ9900,TERREX FREE HIKER 2 GTX AURIVY/PRETEA/GRETHR,,,4067905738922,196475462419,13, 121.0 , 220.0 ,USD,14, $97.41 
Footwear,Mens,Adult,Hiking,Shoes - Low (No-Fb),JQ9900,TERREX FREE HIKER 2 GTX AURIVY/PRETEA/GRETHR,,,4067905735297,196475462389,14, 121.0 , 220.0 ,USD,5, $97.41 
Footwear,Mens,Adult,Hiking,Shoes - Low (No-Fb),JQ9900,TERREX FREE HIKER 2 GTX AURIVY/PRETEA/GRETHR,,,4067905738991,196475462488,15, 121.0 , 220.0 ,USD,2, $97.41 
Accessories,Unisex,Adult,Soccer,Goalkeep.Gloves (Fs),JH3803,PRED GL MTC FS WHITE/LUCLEM/LUCPNK,White,,4067905518456,197612350729,7, 32.5 , 65.0 ,USD,0, $26.16 
Accessories,Unisex,Adult,Soccer,Goalkeep.Gloves (Fs),JH3803,PRED GL MTC FS WHITE/LUCLEM/LUCPNK,White,,4067905518470,197612350743,7-, 32.5 , 65.0 ,USD,0, $26.16 
Accessories,Unisex,Adult,Soccer,Goalkeep.Gloves (Fs),JH3803,PRED GL MTC FS WHITE/LUCLEM/LUCPNK,White,,4067905518463,197612350736,8, 32.5 , 65.0 ,USD,300+, $26.16 
Accessories,Unisex,Adult,Soccer,Goalkeep.Gloves (Fs),JH3803,PRED GL MTC FS WHITE/LUCLEM/LUCPNK,White,,4067905518401,197612350675,8-, 32.5 , 65.0 ,USD,0, $26.16 
Accessories,Unisex,Adult,Soccer,Goalkeep.Gloves (Fs),JH3803,PRED GL MTC FS WHITE/LUCLEM/LUCPNK,White,,4067905518432,197612350705,9, 32.5 , 65.0 ,USD,300+, $26.16 
Accessories,Unisex,Adult,Soccer,Goalkeep.Gloves (Fs),JH3803,PRED GL MTC FS WHITE/LUCLEM/LUCPNK,White,,4067905518418,197612350682,9-, 32.5 , 65.0 ,USD,0, $26.16 
Accessories,Unisex,Adult,Soccer,Goalkeep.Gloves (Fs),JH3803,PRED GL MTC FS WHITE/LUCLEM/LUCPNK,White,,4067905518425,197612350699,10, 32.5 , 65.0 ,USD,300+, $26.16 
Accessories,Unisex,Adult,Soccer,Goalkeep.Gloves (Fs),JH3803,PRED GL MTC FS WHITE/LUCLEM/LUCPNK,White,,4067905518388,197612350651,10-, 32.5 , 65.0 ,USD,0, $26.16 
Accessories,Unisex,Adult,Soccer,Goalkeep.Gloves (Fs),JH3803,PRED GL MTC FS WHITE/LUCLEM/LUCPNK,White,,4067905518364,197612350637,11, 32.5 , 65.0 ,USD,2, $26.16 
Accessories,Unisex,Adult,Soccer,Goalkeep.Gloves (Fs),JH3803,PRED GL MTC FS WHITE/LUCLEM/LUCPNK,White,,4067905518449,197612350712,11-, 32.5 , 65.0 ,USD,0, $26.16 
Accessories,Unisex,Adult,Soccer,Goalkeep.Gloves (Fs),JH3803,PRED GL MTC FS WHITE/LUCLEM/LUCPNK,White,,4067905518371,197612350644,12, 32.5 , 65.0 ,USD,1, $26.16 
Footwear,Unisex,Adult,Basketball,Shoes - Low (No-Fb),JI1542,DAME CERTIFIED 3 PULLIM/CBLACK/SCRGRN,,,4067904486794,197615847004,4, 46.75 , 85.0 ,USD,0, $37.63 
Footwear,Unisex,Adult,Basketball,Shoes - Low (No-Fb),JI1542,DAME CERTIFIED 3 PULLIM/CBLACK/SCRGRN,,,4067904486817,197615847028,4-, 46.75 , 85.0 ,USD,0, $37.63 
Footwear,Unisex,Adult,Basketball,Shoes - Low (No-Fb),JI1542,DAME CERTIFIED 3 PULLIM/CBLACK/SCRGRN,,,4067904486916,197615850707,5, 46.75 , 85.0 ,USD,0, $37.63 
Footwear,Unisex,Adult,Basketball,Shoes - Low (No-Fb),JI1542,DAME CERTIFIED 3 PULLIM/CBLACK/SCRGRN,,,4067904486930,197615850738,5-, 46.75 , 85.0 ,USD,0, $37.63 
Footwear,Unisex,Adult,Basketball,Shoes - Low (No-Fb),JI1542,DAME CERTIFIED 3 PULLIM/CBLACK/SCRGRN,,,4067904486978,197615850776,6, 46.75 , 85.0 ,USD,1, $37.63 
Footwear,Unisex,Adult,Basketball,Shoes - Low (No-Fb),JI1542,DAME CERTIFIED 3 PULLIM/CBLACK/SCRGRN,,,4067904486923,197615850714,6-, 46.75 , 85.0 ,USD,0, $37.63 
Footwear,Unisex,Adult,Basketball,Shoes - Low (No-Fb),JI1542,DAME CERTIFIED 3 PULLIM/CBLACK/SCRGRN,,,4067904486848,197615847042,7, 46.75 , 85.0 ,USD,0, $37.63 
Footwear,Unisex,Adult,Basketball,Shoes - Low (No-Fb),JI1542,DAME CERTIFIED 3 PULLIM/CBLACK/SCRGRN,,,4067904486855,197615847059,7-, 46.75 , 85.0 ,USD,0, $37.63 
Footwear,Unisex,Adult,Basketball,Shoes - Low (No-Fb),JI1542,DAME CERTIFIED 3 PULLIM/CBLACK/SCRGRN,,,4067904486961,197615850769,8, 46.75 , 85.0 ,USD,0, $37.63 
Footwear,Unisex,Adult,Basketball,Shoes - Low (No-Fb),JI1542,DAME CERTIFIED 3 PULLIM/CBLACK/SCRGRN,,,4067904483137,197615846939,8-, 46.75 , 85.0 ,USD,0, $37.63 
Footwear,Unisex,Adult,Basketball,Shoes - Low (No-Fb),JI1542,DAME CERTIFIED 3 PULLIM/CBLACK/SCRGRN,,,4067904483168,197615846960,9, 46.75 , 85.0 ,USD,0, $37.63 
Footwear,Unisex,Adult,Basketball,Shoes - Low (No-Fb),JI1542,DAME CERTIFIED 3 PULLIM/CBLACK/SCRGRN,,,4067904483175,197615846977,9-, 46.75 , 85.0 ,USD,0, $37.63 
Footwear,Unisex,Adult,Basketball,Shoes - Low (No-Fb),JI1542,DAME CERTIFIED 3 PULLIM/CBLACK/SCRGRN,,,4067904486824,197615846991,10, 46.75 , 85.0 ,USD,0, $37.63 
Footwear,Unisex,Adult,Basketball,Shoes - Low (No-Fb),JI1542,DAME CERTIFIED 3 PULLIM/CBLACK/SCRGRN,,,4067904486947,197615850745,10-, 46.75 , 85.0 ,USD,0, $37.63 
Footwear,Unisex,Adult,Basketball,Shoes - Low (No-Fb),JI1542,DAME CERTIFIED 3 PULLIM/CBLACK/SCRGRN,,,4067904486954,197615850752,11, 46.75 , 85.0 ,USD,0, $37.63 
Footwear,Unisex,Adult,Basketball,Shoes - Low (No-Fb),JI1542,DAME CERTIFIED 3 PULLIM/CBLACK/SCRGRN,,,4067904486862,197615847066,11-, 46.75 , 85.0 ,USD,0, $37.63 
Footwear,Unisex,Adult,Basketball,Shoes - Low (No-Fb),JI1542,DAME CERTIFIED 3 PULLIM/CBLACK/SCRGRN,,,4067904486800,197615847011,12, 46.75 , 85.0 ,USD,0, $37.63 
Footwear,Unisex,Adult,Basketball,Shoes - Low (No-Fb),JI1542,DAME CERTIFIED 3 PULLIM/CBLACK/SCRGRN,,,4067904486992,197615850790,12-, 46.75 , 85.0 ,USD,0, $37.63 
Footwear,Unisex,Adult,Basketball,Shoes - Low (No-Fb),JI1542,DAME CERTIFIED 3 PULLIM/CBLACK/SCRGRN,,,4067904486879,197615847073,13, 46.75 , 85.0 ,USD,0, $37.63 
Footwear,Unisex,Adult,Basketball,Shoes - Low (No-Fb),JI1542,DAME CERTIFIED 3 PULLIM/CBLACK/SCRGRN,,,4067904486886,197615847080,13-, 46.75 , 85.0 ,USD,0, $37.63 
Footwear,Unisex,Adult,Basketball,Shoes - Low (No-Fb),JI1542,DAME CERTIFIED 3 PULLIM/CBLACK/SCRGRN,,,4067904483144,197615846946,14, 46.75 , 85.0 ,USD,0, $37.63 
Footwear,Unisex,Adult,Basketball,Shoes - Low (No-Fb),JI1542,DAME CERTIFIED 3 PULLIM/CBLACK/SCRGRN,,,4067904483120,197615846922,14-, 46.75 , 85.0 ,USD,0, $37.63 
Footwear,Unisex,Adult,Basketball,Shoes - Low (No-Fb),JI1542,DAME CERTIFIED 3 PULLIM/CBLACK/SCRGRN,,,4067904486831,197615847035,15, 46.75 , 85.0 ,USD,0, $37.63 
Footwear,Unisex,Adult,Basketball,Shoes - Low (No-Fb),JI1542,DAME CERTIFIED 3 PULLIM/CBLACK/SCRGRN,,,4067904486985,197615850783,16, 46.75 , 85.0 ,USD,0, $37.63 
Footwear,Unisex,Adult,Basketball,Shoes - Low (No-Fb),JI1542,DAME CERTIFIED 3 PULLIM/CBLACK/SCRGRN,,,4067904483151,197615846953,17, 46.75 , 85.0 ,USD,0, $37.63 
Footwear,Unisex,Adult,Basketball,Shoes - Low (No-Fb),JI1542,DAME CERTIFIED 3 PULLIM/CBLACK/SCRGRN,,,4067904483182,197615846984,18, 46.75 , 85.0 ,USD,0, $37.63 
Footwear,Unisex,Adult,Basketball,Shoes - Low (No-Fb),JI1542,DAME CERTIFIED 3 PULLIM/CBLACK/SCRGRN,,,4067904486893,197615850721,19, 46.75 , 85.0 ,USD,0, $37.63 
Footwear,Unisex,Adult,Basketball,Shoes - Low (No-Fb),JI1542,DAME CERTIFIED 3 PULLIM/CBLACK/SCRGRN,,,4067904486909,197615850691,20, 46.75 , 85.0 ,USD,0, $37.63 
Apparel,Mens,Adult,Originals,Hooded Sweat,IW5822,SST HD BLACK/GREFOU,Black,,4067894735889,196479722212,XS, 35.0 , 70.0 ,USD,0, $28.18 
Apparel,Mens,Adult,Originals,Hooded Sweat,IW5822,SST HD BLACK/GREFOU,Black,,4067894735896,196479722229,S, 35.0 , 70.0 ,USD,7, $28.18 
Apparel,Mens,Adult,Originals,Hooded Sweat,IW5822,SST HD BLACK/GREFOU,Black,,4067894587181,196479722113,M, 35.0 , 70.0 ,USD,13, $28.18 
Apparel,Mens,Adult,Originals,Hooded Sweat,IW5822,SST HD BLACK/GREFOU,Black,,4067894587242,196479722144,L, 35.0 , 70.0 ,USD,0, $28.18 
Apparel,Mens,Adult,Originals,Hooded Sweat,IW5822,SST HD BLACK/GREFOU,Black,,4067894587204,196479722090,XL, 35.0 , 70.0 ,USD,0, $28.18 
Apparel,Mens,Adult,Originals,Hooded Sweat,IW5822,SST HD BLACK/GREFOU,Black,,4067894587259,196479722151,2XL, 35.0 , 70.0 ,USD,0, $28.18 
Apparel,Mens,Adult,Trail Running,Shorts (1/2),JL6183,XPR SHORTS AURIVY,,,4068811080525,197626747812,"XS5""", 30.0 , 60.0 ,USD,7, $24.15 
Apparel,Mens,Adult,Trail Running,Shorts (1/2),JL6183,XPR SHORTS AURIVY,,,4068811080549,197626747836,"S 5""", 30.0 , 60.0 ,USD,13, $24.15 
Apparel,Mens,Adult,Trail Running,Shorts (1/2),JL6183,XPR SHORTS AURIVY,,,4068811080587,197626751475,"M 5""", 30.0 , 60.0 ,USD,31, $24.15 
Apparel,Mens,Adult,Trail Running,Shorts (1/2),JL6183,XPR SHORTS AURIVY,,,4068811080693,197626751581,"L 5""", 30.0 , 60.0 ,USD,11, $24.15 
Apparel,Mens,Adult,Trail Running,Shorts (1/2),JL6183,XPR SHORTS AURIVY,,,4068811080532,197626747829,"XL5""", 30.0 , 60.0 ,USD,1, $24.15 
Apparel,Mens,Adult,Trail Running,Shorts (1/2),JL6183,XPR SHORTS AURIVY,,,4068811076771,197626747669,"XS9""", 30.0 , 60.0 ,USD,0, $24.15 
Apparel,Mens,Adult,Trail Running,Shorts (1/2),JL6183,XPR SHORTS AURIVY,,,4068811076849,197626747737,"S 9""", 30.0 , 60.0 ,USD,0, $24.15 
Apparel,Mens,Adult,Trail Running,Shorts (1/2),JL6183,XPR SHORTS AURIVY,,,4068811076863,197626747751,"M 9""", 30.0 , 60.0 ,USD,0, $24.15 
Apparel,Mens,Adult,Trail Running,Shorts (1/2),JL6183,XPR SHORTS AURIVY,,,4068811080501,197626747799,"L 9""", 30.0 , 60.0 ,USD,0, $24.15 
Apparel,Mens,Adult,Trail Running,Shorts (1/2),JL6183,XPR SHORTS AURIVY,,,4068811080518,197626747805,"XL9""", 30.0 , 60.0 ,USD,0, $24.15 
Apparel,Mens,Adult,Trail Running,Shorts (1/2),JL6184,XPR SHORTS GRETHR,,,4068811038427,197626697551,"XS5""", 30.0 , 60.0 ,USD,5, $24.15 
Apparel,Mens,Adult,Trail Running,Shorts (1/2),JL6184,XPR SHORTS GRETHR,,,4068811038328,197626697452,"S 5""", 30.0 , 60.0 ,USD,10, $24.15 
Apparel,Mens,Adult,Trail Running,Shorts (1/2),JL6184,XPR SHORTS GRETHR,,,4068811038410,197626697544,"M 5""", 30.0 , 60.0 ,USD,16, $24.15 
Apparel,Mens,Adult,Trail Running,Shorts (1/2),JL6184,XPR SHORTS GRETHR,,,4068811038434,197626697568,"L 5""", 30.0 , 60.0 ,USD,8, $24.15 
Apparel,Mens,Adult,Trail Running,Shorts (1/2),JL6184,XPR SHORTS GRETHR,,,4068811038281,197626693812,"XL5""", 30.0 , 60.0 ,USD,0, $24.15 
Apparel,Mens,Adult,Trail Running,Shorts (1/2),JL6184,XPR SHORTS GRETHR,,,4068811038458,197626697582,"XS9""", 30.0 , 60.0 ,USD,0, $24.15 
Apparel,Mens,Adult,Trail Running,Shorts (1/2),JL6184,XPR SHORTS GRETHR,,,4068811038366,197626697490,"S 9""", 30.0 , 60.0 ,USD,0, $24.15 
Apparel,Mens,Adult,Trail Running,Shorts (1/2),JL6184,XPR SHORTS GRETHR,,,4068811042165,197626701296,"M 9""", 30.0 , 60.0 ,USD,1, $24.15 
Apparel,Mens,Adult,Trail Running,Shorts (1/2),JL6184,XPR SHORTS GRETHR,,,4068811042127,197626697650,"L 9""", 30.0 , 60.0 ,USD,1, $24.15 
Apparel,Mens,Adult,Trail Running,Shorts (1/2),JL6184,XPR SHORTS GRETHR,,,4068811038441,197626697575,"XL9""", 30.0 , 60.0 ,USD,1, $24.15 
Footwear,Womens,Adult,Originals,Shoes - Low (No-Fb),JP9677,SUPERSTAR II W FTWWHT/CBLACK/FTWWHT,White,,4067904550006,197615749223,5, 55.0 , 100.0 ,USD,0, $44.28 
Footwear,Womens,Adult,Originals,Shoes - Low (No-Fb),JP9677,SUPERSTAR II W FTWWHT/CBLACK/FTWWHT,White,,4067904550075,197615749292,5-, 55.0 , 100.0 ,USD,0, $44.28 
Footwear,Womens,Adult,Originals,Shoes - Low (No-Fb),JP9677,SUPERSTAR II W FTWWHT/CBLACK/FTWWHT,White,,4067904549994,197615749216,6, 55.0 , 100.0 ,USD,7, $44.28 
Footwear,Womens,Adult,Originals,Shoes - Low (No-Fb),JP9677,SUPERSTAR II W FTWWHT/CBLACK/FTWWHT,White,,4067904550082,197615749308,6-, 55.0 , 100.0 ,USD,21, $44.28 
Footwear,Womens,Adult,Originals,Shoes - Low (No-Fb),JP9677,SUPERSTAR II W FTWWHT/CBLACK/FTWWHT,White,,4067904550129,197615749346,7, 55.0 , 100.0 ,USD,26, $44.28 
Footwear,Womens,Adult,Originals,Shoes - Low (No-Fb),JP9677,SUPERSTAR II W FTWWHT/CBLACK/FTWWHT,White,,4067904550105,197615749322,7-, 55.0 , 100.0 ,USD,27, $44.28 
Footwear,Womens,Adult,Originals,Shoes - Low (No-Fb),JP9677,SUPERSTAR II W FTWWHT/CBLACK/FTWWHT,White,,4067904550020,197615749247,8, 55.0 , 100.0 ,USD,35, $44.28 
Footwear,Womens,Adult,Originals,Shoes - Low (No-Fb),JP9677,SUPERSTAR II W FTWWHT/CBLACK/FTWWHT,White,,4067904550013,197615749230,8-, 55.0 , 100.0 ,USD,35, $44.28 
Footwear,Womens,Adult,Originals,Shoes - Low (No-Fb),JP9677,SUPERSTAR II W FTWWHT/CBLACK/FTWWHT,White,,4067904550037,197615749254,9, 55.0 , 100.0 ,USD,31, $44.28 
Footwear,Womens,Adult,Originals,Shoes - Low (No-Fb),JP9677,SUPERSTAR II W FTWWHT/CBLACK/FTWWHT,White,,4067904550044,197615749261,9-, 55.0 , 100.0 ,USD,10, $44.28 
Footwear,Womens,Adult,Originals,Shoes - Low (No-Fb),JP9677,SUPERSTAR II W FTWWHT/CBLACK/FTWWHT,White,,4067904550099,197615749315,10, 55.0 , 100.0 ,USD,12, $44.28 
Footwear,Womens,Adult,Originals,Shoes - Low (No-Fb),JP9677,SUPERSTAR II W FTWWHT/CBLACK/FTWWHT,White,,4067904550068,197615749285,10-, 55.0 , 100.0 ,USD,0, $44.28 
Footwear,Womens,Adult,Originals,Shoes - Low (No-Fb),JP9677,SUPERSTAR II W FTWWHT/CBLACK/FTWWHT,White,,4067904550051,197615749278,11, 55.0 , 100.0 ,USD,7, $44.28 
Footwear,Womens,Adult,Originals,Shoes - Low (No-Fb),JP9678,SUPERSTAR II W FTWWHT/CBLACK/FTWWHT,White,,4067904546283,197615745508,5, 60.5 , 110.0 ,USD,5, $48.70 
Footwear,Womens,Adult,Originals,Shoes - Low (No-Fb),JP9678,SUPERSTAR II W FTWWHT/CBLACK/FTWWHT,White,,4067904549987,197615749209,5-, 60.5 , 110.0 ,USD,4, $48.70 
Footwear,Womens,Adult,Originals,Shoes - Low (No-Fb),JP9678,SUPERSTAR II W FTWWHT/CBLACK/FTWWHT,White,,4067904546276,197615745492,6, 60.5 , 110.0 ,USD,43, $48.70 
Footwear,Womens,Adult,Originals,Shoes - Low (No-Fb),JP9678,SUPERSTAR II W FTWWHT/CBLACK/FTWWHT,White,,4067904549956,197615749193,6-, 60.5 , 110.0 ,USD,14, $48.70 
Footwear,Womens,Adult,Originals,Shoes - Low (No-Fb),JP9678,SUPERSTAR II W FTWWHT/CBLACK/FTWWHT,White,,4067904546252,197615745478,7, 60.5 , 110.0 ,USD,0, $48.70 
Footwear,Womens,Adult,Originals,Shoes - Low (No-Fb),JP9678,SUPERSTAR II W FTWWHT/CBLACK/FTWWHT,White,,4067904549963,197615749179,7-, 60.5 , 110.0 ,USD,0, $48.70 
Footwear,Womens,Adult,Originals,Shoes - Low (No-Fb),JP9678,SUPERSTAR II W FTWWHT/CBLACK/FTWWHT,White,,4067904549932,197615745560,8, 60.5 , 110.0 ,USD,0, $48.70 
Footwear,Womens,Adult,Originals,Shoes - Low (No-Fb),JP9678,SUPERSTAR II W FTWWHT/CBLACK/FTWWHT,White,,4067904549970,197615749186,8-, 60.5 , 110.0 ,USD,0, $48.70 
Footwear,Womens,Adult,Originals,Shoes - Low (No-Fb),JP9678,SUPERSTAR II W FTWWHT/CBLACK/FTWWHT,White,,4067904549918,197615745546,9, 60.5 , 110.0 ,USD,0, $48.70 
Footwear,Womens,Adult,Originals,Shoes - Low (No-Fb),JP9678,SUPERSTAR II W FTWWHT/CBLACK/FTWWHT,White,,4067904546306,197615745522,9-, 60.5 , 110.0 ,USD,0, $48.70 
Footwear,Womens,Adult,Originals,Shoes - Low (No-Fb),JP9678,SUPERSTAR II W FTWWHT/CBLACK/FTWWHT,White,,4067904546290,197615745515,10, 60.5 , 110.0 ,USD,3, $48.70 
Footwear,Womens,Adult,Originals,Shoes - Low (No-Fb),JP9678,SUPERSTAR II W FTWWHT/CBLACK/FTWWHT,White,,4067904546269,197615745485,10-, 60.5 , 110.0 ,USD,0, $48.70 
Footwear,Womens,Adult,Originals,Shoes - Low (No-Fb),JP9678,SUPERSTAR II W FTWWHT/CBLACK/FTWWHT,White,,4067904549925,197615745553,11, 60.5 , 110.0 ,USD,0, $48.70 
Apparel,Womens,Adult,Soccer,Shorts (1/4),HR9754,TIRO 23 SHO W TEPORE/WHITE,,,4065432721806,195744020848,2XS, 15.0 , 30.0 ,USD,0, $12.08 
Apparel,Womens,Adult,Soccer,Shorts (1/4),HR9754,TIRO 23 SHO W TEPORE/WHITE,,,4065432718158,195744020794,XS, 15.0 , 30.0 ,USD,0, $12.08 
Apparel,Womens,Adult,Soccer,Shorts (1/4),HR9754,TIRO 23 SHO W TEPORE/WHITE,,,4065432721837,195744020879,S, 15.0 , 30.0 ,USD,73, $12.08 
Apparel,Womens,Adult,Soccer,Shorts (1/4),HR9754,TIRO 23 SHO W TEPORE/WHITE,,,4065432721899,195744024532,M, 15.0 , 30.0 ,USD,38, $12.08 
Apparel,Womens,Adult,Soccer,Shorts (1/4),HR9754,TIRO 23 SHO W TEPORE/WHITE,,,4065432718141,195744020787,L, 15.0 , 30.0 ,USD,21, $12.08 
Apparel,Womens,Adult,Soccer,Shorts (1/4),HR9754,TIRO 23 SHO W TEPORE/WHITE,,,4065432721813,195744020855,XL, 15.0 , 30.0 ,USD,0, $12.08 
Apparel,Womens,Adult,Soccer,Shorts (1/4),HR9754,TIRO 23 SHO W TEPORE/WHITE,,,4065432721882,195744024525,2XL, 15.0 , 30.0 ,USD,0, $12.08 
Accessories,Womens,Adult,Basketball,Other Ball,HM4969,PRO 3.0 WOMENS BBANAT/BLACK,Orange,,4065429215721,195738553833,6, 32.5 , 65.0 ,USD,10, $26.16 
